Tournament,Year,Date,Location,Division,DivisionTier,Place,Award,GlasswareType,Team,Player1,Player2
"2024 Waco TASR Major","2024","2024-02-17","Waco, TX, US","Gold 5.0","Top Tier (Glassware)",1,"🍺 Pitcher (1st Place Glassware)","Pitcher","Bink City","Tyler Fernandez","fredric hinkle"
"2024 Waco TASR Major","2024","2024-02-17","Waco, TX, US","Gold 5.0","Top Tier (Glassware)",2,"🍻 Tankard (2nd Place Glassware)","Tankard / Cup","Asleep","Nickhil Anantha","Noah Beinart"
"2024 Waco TASR Major","2024","2024-02-17","Waco, TX, US","Gold 5.0","Top Tier (Glassware)",3,"🥃 Shot Glass (3rd Place Glassware)","Shot Glass / Horn","With Some Rice","Garrett Ashton","Caleb Cummings"
"2024 Waco TASR Major","2024","2024-02-17","Waco, TX, US","Gold 5.0","Top Tier (Glassware)",4,"4th Place (No Award)","None","Austin/thompson","bradley thompson","Ian Austin"
"USAR West Regionals Hosted by California Roundnet","2024","2024-02-24","Los Angeles, CA, US","5.0+ Men's","Lower Division (Medals)",1,"🥇 Gold Medal","None","J.A.R.V.I.S.","Connor Nelson","Josh Fragiacomo"
"USAR West Regionals Hosted by California Roundnet","2024","2024-02-24","Los Angeles, CA, US","5.0+ Men's","Lower Division (Medals)",2,"🥈 Silver Medal","None","Numb","Kieran Rose","Paq Clifford"
"USAR West Regionals Hosted by California Roundnet","2024","2024-02-24","Los Angeles, CA, US","5.0+ Men's","Lower Division (Medals)",3,"🥉 Bronze Medal","None","Assistive Touch","Clark Marshall","Buddy Hammon"
"USAR West Regionals Hosted by California Roundnet","2024","2024-02-24","Los Angeles, CA, US","5.0+ Men's","Lower Division (Medals)",3,"🥉 Bronze Medal","None","FTR Frontier","Jake Woolley","Kyan Kornfeld"
"USAR West Regionals Hosted by California Roundnet","2024","2024-02-24","Los Angeles, CA, US","4.5+ Women's","Lower Division (Medals)",1,"🥇 Gold Medal","None","Perform or die","Karah Hui","Perrin York"
"USAR West Regionals Hosted by California Roundnet","2024","2024-02-24","Los Angeles, CA, US","4.5+ Women's","Lower Division (Medals)",2,"🥈 Silver Medal","None","Berk/Pierson","Katie Pierson","Camille Anderson"
"USAR West Regionals Hosted by California Roundnet","2024","2024-02-24","Los Angeles, CA, US","4.5+ Women's","Lower Division (Medals)",3,"🥉 Bronze Medal","None","jo&elle","Joelle Nguyen","Elle Lowe"
"USAR West Regionals Hosted by California Roundnet","2024","2024-02-24","Los Angeles, CA, US","4.5+ Women's","Lower Division (Medals)",4,"4th Place (No Award)","None","Directional Lovers","Kayla Wu-Fleming","Sebastiani Kim"
"USAR West Regionals Hosted by California Roundnet","2024","2024-02-24","Los Angeles, CA, US","4.0 Open","Lower Division (Medals)",1,"🥇 Gold Medal","None","Outta Pocket","Cameron Thomas","Eli Wortman"
"USAR West Regionals Hosted by California Roundnet","2024","2024-02-24","Los Angeles, CA, US","4.0 Open","Lower Division (Medals)",2,"🥈 Silver Medal","None","ur mom part 2","Gabe Veth","Brady Martin"
"USAR West Regionals Hosted by California Roundnet","2024","2024-02-24","Los Angeles, CA, US","4.0 Open","Lower Division (Medals)",3,"🥉 Bronze Medal","None","party foul","Jake Eichenseer","Ethan Epp"
"USAR West Regionals Hosted by California Roundnet","2024","2024-02-24","Los Angeles, CA, US","4.0 Open","Lower Division (Medals)",4,"4th Place (No Award)","None","bang","Wesley Mak","Jack Guerrero"
"USAR West Regionals Hosted by California Roundnet","2024","2024-02-24","Los Angeles, CA, US","2.0-3.0 Open Intermediate","Lower Division (Medals)",1,"🥇 Gold Medal","None","The Capyballas","Cassidy Kysoth","Martin Ramirez"
"USAR West Regionals Hosted by California Roundnet","2024","2024-02-24","Los Angeles, CA, US","2.0-3.0 Open Intermediate","Lower Division (Medals)",2,"🥈 Silver Medal","None","Setters of Catan","donhau la","Ashley Ngo"
"USAR West Regionals Hosted by California Roundnet","2024","2024-02-24","Los Angeles, CA, US","2.0-3.0 Open Intermediate","Lower Division (Medals)",3,"🥉 Bronze Medal","None","Double Doofs","Emily Okabe","Brandon Ann"
"USAR West Regionals Hosted by California Roundnet","2024","2024-02-24","Los Angeles, CA, US","2.0-3.0 Open Intermediate","Lower Division (Medals)",4,"4th Place (No Award)","None","da best","Ryan Tiggelaar","Kyle Dent"
"USAR East Regionals hosted by Greater Washington Roundnet","2024","2024-03-02","Columbia, MD, US","2.0-3.0 Open Intermediate / Matinee","Lower Division (Medals)",1,"🥇 Gold Medal","None","Aceholes","Aidan Michael","Gregory Conley"
"USAR East Regionals hosted by Greater Washington Roundnet","2024","2024-03-02","Columbia, MD, US","2.0-3.0 Open Intermediate / Matinee","Lower Division (Medals)",2,"🥈 Silver Medal","None","Lana and Liv","Lana Ung","Olivia Leach"
"USAR East Regionals hosted by Greater Washington Roundnet","2024","2024-03-02","Columbia, MD, US","2.0-3.0 Open Intermediate / Matinee","Lower Division (Medals)",3,"🥉 Bronze Medal","None","dookes","Brandon Sheehan","Madeleine Ngo"
"USAR East Regionals hosted by Greater Washington Roundnet","2024","2024-03-02","Columbia, MD, US","2.0-3.0 Open Intermediate / Matinee","Lower Division (Medals)",4,"4th Place (No Award)","None","Big doggy joe","Joseph Yu","Luke Faircloth"
"USAR East Regionals hosted by Greater Washington Roundnet","2024","2024-03-02","Columbia, MD, US","4.0 Open","Lower Division (Medals)",1,"🥇 Gold Medal","None","Zra Dog","Anthony Rentsch","Ezra Dantowitz"
"USAR East Regionals hosted by Greater Washington Roundnet","2024","2024-03-02","Columbia, MD, US","4.0 Open","Lower Division (Medals)",2,"🥈 Silver Medal","None","The Sandwich extra pickles","Logan Coffelt","Brian Perlson"
"USAR East Regionals hosted by Greater Washington Roundnet","2024","2024-03-02","Columbia, MD, US","4.0 Open","Lower Division (Medals)",3,"🥉 Bronze Medal","None","Congressional Claps","Brandon Fung","Nico Lussier"
"USAR East Regionals hosted by Greater Washington Roundnet","2024","2024-03-02","Columbia, MD, US","4.0 Open","Lower Division (Medals)",4,"4th Place (No Award)","None","804 szn","Brooks Weeks","Daniel Reynolds"
"USAR East Regionals hosted by Greater Washington Roundnet","2024","2024-03-02","Columbia, MD, US","4.0+ Women's","Lower Division (Medals)",1,"🥇 Gold Medal","None","Tile Swap","Sarah Allen","Julia Timan"
"USAR East Regionals hosted by Greater Washington Roundnet","2024","2024-03-02","Columbia, MD, US","4.0+ Women's","Lower Division (Medals)",2,"🥈 Silver Medal","None","freshest off the boat","Katheleen Phan","Stef Ding"
"USAR East Regionals hosted by Greater Washington Roundnet","2024","2024-03-02","Columbia, MD, US","4.0+ Women's","Lower Division (Medals)",3,"🥉 Bronze Medal","None","Diving Hitters Club","Joelle Nguyen","Malia Wanderer"
"USAR East Regionals hosted by Greater Washington Roundnet","2024","2024-03-02","Columbia, MD, US","4.0+ Women's","Lower Division (Medals)",4,"4th Place (No Award)","None","Goofy Goobers","Alyssa Drain","Katrina Gabriella"
"USAR East Regionals hosted by Greater Washington Roundnet","2024","2024-03-02","Columbia, MD, US","5.0+ Open","Lower Division (Medals)",1,"🥇 Gold Medal","None","Sparky Sparky Boom Men","Sunny Gu","Connor Nelson"
"USAR East Regionals hosted by Greater Washington Roundnet","2024","2024-03-02","Columbia, MD, US","5.0+ Open","Lower Division (Medals)",2,"🥈 Silver Medal","None","Rogue","Thomas Hamilton","Ryan Marino"
"USAR East Regionals hosted by Greater Washington Roundnet","2024","2024-03-02","Columbia, MD, US","5.0+ Open","Lower Division (Medals)",3,"🥉 Bronze Medal","None","Mermaid Sparkle","Christian Bennett","Noah Luskus"
"USAR East Regionals hosted by Greater Washington Roundnet","2024","2024-03-02","Columbia, MD, US","5.0+ Open","Lower Division (Medals)",4,"4th Place (No Award)","None","Coffin Flop","Matthew Cole","Ryan Gross"
"USAR South Regionals hosted by Texas Roundnet","2024","2024-03-23","Houston, TX, US","4.0 Open","Lower Division (Medals)",1,"🥇 Gold Medal","None","Kimchi Con Queso","Pablo Riascos","Dylan Jimenez"
"USAR South Regionals hosted by Texas Roundnet","2024","2024-03-23","Houston, TX, US","4.0 Open","Lower Division (Medals)",2,"🥈 Silver Medal","None","Fuego","Sareen Patel","Ainsley Ford"
"USAR South Regionals hosted by Texas Roundnet","2024","2024-03-23","Houston, TX, US","4.0 Open","Lower Division (Medals)",3,"🥉 Bronze Medal","None","Golden Touch","Donne Su","Nakul Mody"
"USAR South Regionals hosted by Texas Roundnet","2024","2024-03-23","Houston, TX, US","4.0 Open","Lower Division (Medals)",4,"4th Place (No Award)","None","Devious Dawgs ","King-Hur Wu","Ross Lochbaum"
"USAR South Regionals hosted by Texas Roundnet","2024","2024-03-23","Houston, TX, US","5.0+ Men's","Lower Division (Medals)",1,"🥇 Gold Medal","None","Drawing Dead","Tyler Fernandez","Kieran Rose"
"USAR South Regionals hosted by Texas Roundnet","2024","2024-03-23","Houston, TX, US","5.0+ Men's","Lower Division (Medals)",2,"🥈 Silver Medal","None","Mermaid Sparkle","Christian Bennett","Noah Luskus"
"USAR South Regionals hosted by Texas Roundnet","2024","2024-03-23","Houston, TX, US","5.0+ Men's","Lower Division (Medals)",3,"🥉 Bronze Medal","None","Blessed","Cade Larson","Luke Mowry"
"USAR South Regionals hosted by Texas Roundnet","2024","2024-03-23","Houston, TX, US","5.0+ Men's","Lower Division (Medals)",4,"4th Place (No Award)","None","Double Clutch","fredric hinkle","Rahul Murthy"
"Spikeball Challenger & USAR Southeast Regionals","2024","2024-04-13","Chattanooga, TN, US","5.0+ Open","Lower Division (Medals)",1,"🥇 Gold Medal","None","V⚡️RGA","Dawson Morgan","Caleb Cummings"
"Spikeball Challenger & USAR Southeast Regionals","2024","2024-04-13","Chattanooga, TN, US","5.0+ Open","Lower Division (Medals)",2,"🥈 Silver Medal","None","Numb","Kieran Rose","Paq Clifford"
"Spikeball Challenger & USAR Southeast Regionals","2024","2024-04-13","Chattanooga, TN, US","5.0+ Open","Lower Division (Medals)",3,"🥉 Bronze Medal","None","Kingdom Come","Grant Klapwijk","Matthew Cole"
"Spikeball Challenger & USAR Southeast Regionals","2024","2024-04-13","Chattanooga, TN, US","5.0+ Open","Lower Division (Medals)",4,"4th Place (No Award)","None","Tilted","Justin Barr","Will Picone"
"Spikeball Challenger & USAR Southeast Regionals","2024","2024-04-13","Chattanooga, TN, US","4.5+ Women's","Lower Division (Medals)",1,"🥇 Gold Medal","None","Pierson/Phan","Katheleen Phan","Katie Pierson"
"Spikeball Challenger & USAR Southeast Regionals","2024","2024-04-13","Chattanooga, TN, US","4.5+ Women's","Lower Division (Medals)",2,"🥈 Silver Medal","None","Almost a Jazz Band","Sarah Allen","Shachi Patel"
"Spikeball Challenger & USAR Southeast Regionals","2024","2024-04-13","Chattanooga, TN, US","4.5+ Women's","Lower Division (Medals)",3,"🥉 Bronze Medal","None","1.5 Asians","Stef Ding","Malia Wanderer"
"Spikeball Challenger & USAR Southeast Regionals","2024","2024-04-13","Chattanooga, TN, US","4.5+ Women's","Lower Division (Medals)",4,"4th Place (No Award)","None","Hopping Frogs 🐸","Rafaela Bastos","Rachel Dolan"
"Spikeball Challenger & USAR Southeast Regionals","2024","2024-04-13","Chattanooga, TN, US","4.0 Contender","Lower Division (Medals)",1,"🥇 Gold Medal","None","Bumpin Biscuits","Jayson Rhea","Ellis Bass"
"Spikeball Challenger & USAR Southeast Regionals","2024","2024-04-13","Chattanooga, TN, US","4.0 Contender","Lower Division (Medals)",2,"🥈 Silver Medal","None","BradsDad","Josiah Sanders","Jackson Petroske"
"Spikeball Challenger & USAR Southeast Regionals","2024","2024-04-13","Chattanooga, TN, US","4.0 Contender","Lower Division (Medals)",3,"🥉 Bronze Medal","None","Weeknd Warriorz","Dakota Wheeler","Ben Landes"
"Spikeball Challenger & USAR Southeast Regionals","2024","2024-04-13","Chattanooga, TN, US","4.0 Contender","Lower Division (Medals)",4,"4th Place (No Award)","None","Torres/Eakin","Jacob Eakin","Jadon Torres"
"Spikeball Challenger & USAR Southeast Regionals","2024","2024-04-13","Chattanooga, TN, US","Mixed 4.5+","Top Tier (Glassware)",1,"🍺 Pitcher (1st Place Glassware)","Pitcher","Chalked","Katie Pierson","Kieran Rose"
"Spikeball Challenger & USAR Southeast Regionals","2024","2024-04-13","Chattanooga, TN, US","Mixed 4.5+","Top Tier (Glassware)",2,"🍻 Tankard (2nd Place Glassware)","Tankard / Cup","Rim on Two","Rafaela Bastos","Kyle Fowler"
"Spikeball Challenger & USAR Southeast Regionals","2024","2024-04-13","Chattanooga, TN, US","Mixed 4.5+","Top Tier (Glassware)",3,"🥃 Shot Glass (3rd Place Glassware)","Shot Glass / Horn","ya burnt 🔥","Stef Ding","Ryan Gross"
"Spikeball Challenger & USAR Southeast Regionals","2024","2024-04-13","Chattanooga, TN, US","Mixed 4.5+","Top Tier (Glassware)",4,"4th Place (No Award)","None","California Girls","Lucas Pruett","Malia Wanderer"
"California Roundnet Open #2 (SLO)","2024","2024-04-13","Paso Robles, CA, US","5.0 Expert","Lower Division (Medals)",1,"🥇 Gold Medal","None","Schon Siguenza","Luke Pennington","Jake Woolley"
"California Roundnet Open #2 (SLO)","2024","2024-04-13","Paso Robles, CA, US","5.0 Expert","Lower Division (Medals)",2,"🥈 Silver Medal","None","Upstairs","Josh Cain","Kyan Kornfeld"
"California Roundnet Open #2 (SLO)","2024","2024-04-13","Paso Robles, CA, US","5.0 Expert","Lower Division (Medals)",3,"🥉 Bronze Medal","None","*Groans* 😩😫","Connor Nelson","Sasha Mariniuk"
"California Roundnet Open #2 (SLO)","2024","2024-04-13","Paso Robles, CA, US","5.0 Expert","Lower Division (Medals)",4,"4th Place (No Award)","None","MUSTAAAAAAAAAAAAAAARD","Jacob Payer","Joseph Kaylor"
"Denver Major","2024","2024-04-13","Commerce City, CO, US","Recreational (2.0-3.0)","Top Tier (Glassware)",1,"🍺 Pitcher (1st Place Glassware)","Pitcher","Simply Spiked","Devin Prehn","Taylor Rodgers"
"Denver Major","2024","2024-04-13","Commerce City, CO, US","Recreational (2.0-3.0)","Top Tier (Glassware)",2,"🍻 Tankard (2nd Place Glassware)","Tankard / Cup","Pockets Out","Ian Scott","aidan allen"
"Denver Major","2024","2024-04-13","Commerce City, CO, US","Recreational (2.0-3.0)","Top Tier (Glassware)",3,"🥃 Shot Glass (3rd Place Glassware)","Shot Glass / Horn","Deconstructed Beta","Andres Chaparro","Zach Bull"
"Denver Major","2024","2024-04-13","Commerce City, CO, US","Recreational (2.0-3.0)","Top Tier (Glassware)",4,"4th Place (No Award)","None","Prank stuff","Madison Peddy","Lindsey Englehart"
"Denver Major","2024","2024-04-13","Commerce City, CO, US","Advanced (4.0)","Top Tier (Glassware)",1,"🍺 Pitcher (1st Place Glassware)","Pitcher","First Round Rejects","Jared Hamilton","Ryan Dovel"
"Denver Major","2024","2024-04-13","Commerce City, CO, US","Advanced (4.0)","Top Tier (Glassware)",2,"🍻 Tankard (2nd Place Glassware)","Tankard / Cup","🫡🫡🫡","Jimmy Chung","Mesa Martorell"
"Denver Major","2024","2024-04-13","Commerce City, CO, US","Advanced (4.0)","Top Tier (Glassware)",3,"🥃 Shot Glass (3rd Place Glassware)","Shot Glass / Horn","M&M","Marcus Rice","Michael Rice"
"Denver Major","2024","2024-04-13","Commerce City, CO, US","Advanced (4.0)","Top Tier (Glassware)",4,"4th Place (No Award)","None","PharahMercy Duo","Keira Morton","Adam Prudhomme"
"AZR Southwest Showcase STS Challenger","2024","2024-04-20","Tempe, AZ, US","4.5 Contender","Top Tier (Glassware)",1,"🍺 Pitcher (1st Place Glassware)","Pitcher","Dollar Tree Roundnet","Connor Larsen","Grant Gouger"
"AZR Southwest Showcase STS Challenger","2024","2024-04-20","Tempe, AZ, US","4.5 Contender","Top Tier (Glassware)",2,"🍻 Tankard (2nd Place Glassware)","Tankard / Cup","Humility ","Tyler Stokes","Matt Barlow"
"AZR Southwest Showcase STS Challenger","2024","2024-04-20","Tempe, AZ, US","4.5 Contender","Top Tier (Glassware)",3,"🥃 Shot Glass (3rd Place Glassware)","Shot Glass / Horn","Slippery When Wet","Brooks Anderson","Kyle Ackermann"
"AZR Southwest Showcase STS Challenger","2024","2024-04-20","Tempe, AZ, US","4.5 Contender","Top Tier (Glassware)",4,"4th Place (No Award)","None","BARP Feast or Famine","Clifton Miller","Noah Johnson"
"AZR Southwest Showcase STS Challenger","2024","2024-04-20","Tempe, AZ, US","2.0 - 4.0 Intermediate","Top Tier (Glassware)",1,"🍺 Pitcher (1st Place Glassware)","Pitcher","Practice Safe Sets","Phillip Jensen","Brandon Alatorre"
"AZR Southwest Showcase STS Challenger","2024","2024-04-20","Tempe, AZ, US","2.0 - 4.0 Intermediate","Top Tier (Glassware)",2,"🍻 Tankard (2nd Place Glassware)","Tankard / Cup","Lil' Spikes","Duncan Trudell","Mark Reeves"
"AZR Southwest Showcase STS Challenger","2024","2024-04-20","Tempe, AZ, US","2.0 - 4.0 Intermediate","Top Tier (Glassware)",3,"🥃 Shot Glass (3rd Place Glassware)","Shot Glass / Horn","OVCN duo ","Goose Ramos","Chase Donahue"
"AZR Southwest Showcase STS Challenger","2024","2024-04-20","Tempe, AZ, US","2.0 - 4.0 Intermediate","Top Tier (Glassware)",3,"🥃 Shot Glass (3rd Place Glassware)","Shot Glass / Horn","Rys over Run (GlissTigz)","Ryan Glisson","Ryan Tiggelaar"
"AZR Southwest Showcase STS Challenger","2024","2024-04-20","Tempe, AZ, US","Women's Advanced 4.0+","Top Tier (Glassware)",1,"🍺 Pitcher (1st Place Glassware)","Pitcher","Coastin’","Maddy Morehouse","Joelle Nguyen"
"AZR Southwest Showcase STS Challenger","2024","2024-04-20","Tempe, AZ, US","Women's Advanced 4.0+","Top Tier (Glassware)",2,"🍻 Tankard (2nd Place Glassware)","Tankard / Cup","cool","Shachi Patel","Elle Lowe"
"AZR Southwest Showcase STS Challenger","2024","2024-04-20","Tempe, AZ, US","Women's Advanced 4.0+","Top Tier (Glassware)",3,"🥃 Shot Glass (3rd Place Glassware)","Shot Glass / Horn","Outside Voices","Perrin York","Sebastiani Kim"
"AZR Southwest Showcase STS Challenger","2024","2024-04-20","Tempe, AZ, US","Women's Advanced 4.0+","Top Tier (Glassware)",4,"4th Place (No Award)","None","Slomies","Shaina Berk","Mey Helm"
"AZR Southwest Showcase STS Challenger","2024","2024-04-20","Tempe, AZ, US","Premier 5.0","Top Tier (Glassware)",1,"🍺 Pitcher (1st Place Glassware)","Pitcher","Providence","Connor Nelson","Alex Dluzynski"
"AZR Southwest Showcase STS Challenger","2024","2024-04-20","Tempe, AZ, US","Premier 5.0","Top Tier (Glassware)",2,"🍻 Tankard (2nd Place Glassware)","Tankard / Cup","Blessed","Cade Larson","Luke Mowry"
"AZR Southwest Showcase STS Challenger","2024","2024-04-20","Tempe, AZ, US","Premier 5.0","Top Tier (Glassware)",3,"🥃 Shot Glass (3rd Place Glassware)","Shot Glass / Horn","Bennett/Fernandez","Tyler Fernandez","Christian Bennett"
"AZR Southwest Showcase STS Challenger","2024","2024-04-20","Tempe, AZ, US","Premier 5.0","Top Tier (Glassware)",3,"🥃 Shot Glass (3rd Place Glassware)","Shot Glass / Horn","Espinola/Leung","Eddy Leung","Malachi Espinola"
"AZR Southwest Showcase STS Challenger","2024","2024-04-20","Tempe, AZ, US","Coed 4.5+ Expert","Top Tier (Glassware)",1,"🍺 Pitcher (1st Place Glassware)","Pitcher","Nelson / Lowe","Elle Lowe","Connor Nelson"
"AZR Southwest Showcase STS Challenger","2024","2024-04-20","Tempe, AZ, US","Coed 4.5+ Expert","Top Tier (Glassware)",2,"🍻 Tankard (2nd Place Glassware)","Tankard / Cup","Sarah Slurps Sticky Sequoia Sap (take 3)","Sarah Allen","Trevor Barbosa"
"AZR Southwest Showcase STS Challenger","2024","2024-04-20","Tempe, AZ, US","Coed 4.5+ Expert","Top Tier (Glassware)",3,"🥃 Shot Glass (3rd Place Glassware)","Shot Glass / Horn","Flotato","Maddy Morehouse","Nick Wideman"
"AZR Southwest Showcase STS Challenger","2024","2024-04-20","Tempe, AZ, US","Coed 4.5+ Expert","Top Tier (Glassware)",4,"4th Place (No Award)","None","Fowl Panda","Amanda Wang","Kyle Fowler"
"USAR Midwest Regionals hosted by Illinois Roundnet","2024","2024-04-27","Huntley, IL, US","5.0+ Men's","Lower Division (Medals)",1,"🥇 Gold Medal","None","Finocchi/Model","Max Model","Gabriel Finocchi"
"USAR Midwest Regionals hosted by Illinois Roundnet","2024","2024-04-27","Huntley, IL, US","5.0+ Men's","Lower Division (Medals)",2,"🥈 Silver Medal","None","Kingdom Come","Grant Klapwijk","Matthew Cole"
"USAR Midwest Regionals hosted by Illinois Roundnet","2024","2024-04-27","Huntley, IL, US","5.0+ Men's","Lower Division (Medals)",3,"🥉 Bronze Medal","None","TRP Spotless","Joe Bondi","Ryan Gross"
"USAR Midwest Regionals hosted by Illinois Roundnet","2024","2024-04-27","Huntley, IL, US","5.0+ Men's","Lower Division (Medals)",4,"4th Place (No Award)","None","Sparky Sparky Boom Men","Sunny Gu","Connor Nelson"
"USAR Midwest Regionals hosted by Illinois Roundnet","2024","2024-04-27","Huntley, IL, US","4.0 Open Advanced","Lower Division (Medals)",1,"🥇 Gold Medal","None","Short Kings 👑","Jon Moe","Brady Van Straten"
"USAR Midwest Regionals hosted by Illinois Roundnet","2024","2024-04-27","Huntley, IL, US","4.0 Open Advanced","Lower Division (Medals)",2,"🥈 Silver Medal","None","Aced and Red Pilled","Chandler King","Bruce Peters"
"USAR Midwest Regionals hosted by Illinois Roundnet","2024","2024-04-27","Huntley, IL, US","4.0 Open Advanced","Lower Division (Medals)",3,"🥉 Bronze Medal","None","Padiddle","Joey Hogan","Quad Hogan"
"USAR Midwest Regionals hosted by Illinois Roundnet","2024","2024-04-27","Huntley, IL, US","4.0 Open Advanced","Lower Division (Medals)",4,"4th Place (No Award)","None","Stroke of Genius","Ryan Lechner","Blake Barker"
"Spring Spike Super Major","2024","2024-04-27","Millcreek, UT, US","5.0 Premier","Top Tier (Glassware)",1,"🍺 Pitcher (1st Place Glassware)","Pitcher","The Front End to my Back End","Trey Thompson","Solomon Berry"
"Spring Spike Super Major","2024","2024-04-27","Millcreek, UT, US","5.0 Premier","Top Tier (Glassware)",2,"🍻 Tankard (2nd Place Glassware)","Tankard / Cup","Defense is Dead(ly)","Chandler Hertzler","Tyler Stokes"
"Spring Spike Super Major","2024","2024-04-27","Millcreek, UT, US","5.0 Premier","Top Tier (Glassware)",3,"🥃 Shot Glass (3rd Place Glassware)","Shot Glass / Horn","R.I.P Drop(s)","Jake LeBaron","Grant Marriott"
"Spring Spike Super Major","2024","2024-04-27","Millcreek, UT, US","5.0 Premier","Top Tier (Glassware)",4,"4th Place (No Award)","None","Unreal","Spencer Escujuri","Harold Mancia"
"Spring Spike Super Major","2024","2024-04-27","Millcreek, UT, US","4.5 Elite","Top Tier (Glassware)",1,"🍺 Pitcher (1st Place Glassware)","Pitcher","Krunkle","Nick Zirkle","Emery Krulish"
"Spring Spike Super Major","2024","2024-04-27","Millcreek, UT, US","4.5 Elite","Top Tier (Glassware)",2,"🍻 Tankard (2nd Place Glassware)","Tankard / Cup","GETZAPPED","Steven Goodrich","Lazarus Shettell"
"Spring Spike Super Major","2024","2024-04-27","Millcreek, UT, US","4.5 Elite","Top Tier (Glassware)",3,"🥃 Shot Glass (3rd Place Glassware)","Shot Glass / Horn","Double Fault","Luke Cook","Nathan Avalos"
"Spring Spike Super Major","2024","2024-04-27","Millcreek, UT, US","4.5 Elite","Top Tier (Glassware)",4,"4th Place (No Award)","None","Wheaties Box Rejects","Seth Lee","Josh Freeman"
"Spring Spike Super Major","2024","2024-04-27","Millcreek, UT, US","4.0 Advanced","Top Tier (Glassware)",1,"🍺 Pitcher (1st Place Glassware)","Pitcher","Knights of the Roundnet","Todd Tuttle","Ryan Kartchner"
"Spring Spike Super Major","2024","2024-04-27","Millcreek, UT, US","4.0 Advanced","Top Tier (Glassware)",2,"🍻 Tankard (2nd Place Glassware)","Tankard / Cup","TUESDAY TUESDAY","Gabriel Robbins","cage johnson"
"Spring Spike Super Major","2024","2024-04-27","Millcreek, UT, US","4.0 Advanced","Top Tier (Glassware)",3,"🥃 Shot Glass (3rd Place Glassware)","Shot Glass / Horn","Grandma's Favorite","Blake Lawrence","Francisco Marquez"
"Spring Spike Super Major","2024","2024-04-27","Millcreek, UT, US","4.0 Advanced","Top Tier (Glassware)",4,"4th Place (No Award)","None","No Name","Braydon Hunt","Toby Hunt"
"Spring Spike Super Major","2024","2024-04-27","Millcreek, UT, US","3.0 Recreational","Top Tier (Glassware)",1,"🍺 Pitcher (1st Place Glassware)","Pitcher","Gilly Soose","Luke Gonzalez","Ethan Chudleigh"
"Spring Spike Super Major","2024","2024-04-27","Millcreek, UT, US","3.0 Recreational","Top Tier (Glassware)",2,"🍻 Tankard (2nd Place Glassware)","Tankard / Cup","CGH","Colton Hintz","Dylan Ladds"
"Spring Spike Super Major","2024","2024-04-27","Millcreek, UT, US","3.0 Recreational","Top Tier (Glassware)",3,"🥃 Shot Glass (3rd Place Glassware)","Shot Glass / Horn","Los Pendejos","Jake Erickson","Cooper Crabtree"
"Spring Spike Super Major","2024","2024-04-27","Millcreek, UT, US","3.0 Recreational","Top Tier (Glassware)",4,"4th Place (No Award)","None","Como Se Juega","Adam Brueck","Nathan Brueck"
"The Los Angeles Grand Slam - Spikeball Challenger 2024","2024","2024-05-04","Los Angeles, CA, US","Contender 4.5","Top Tier (Glassware)",1,"🍺 Pitcher (1st Place Glassware)","Pitcher","Kyler/Caleb","Kyler Cote","Caleb Jarrett"
"The Los Angeles Grand Slam - Spikeball Challenger 2024","2024","2024-05-04","Los Angeles, CA, US","Contender 4.5","Top Tier (Glassware)",2,"🍻 Tankard (2nd Place Glassware)","Tankard / Cup","Steak and Rice","Dylan Medveal","Pio Clavecilla"
"The Los Angeles Grand Slam - Spikeball Challenger 2024","2024","2024-05-04","Los Angeles, CA, US","Contender 4.5","Top Tier (Glassware)",3,"🥃 Shot Glass (3rd Place Glassware)","Shot Glass / Horn","IND - Das/Dua","vibhor dua","sumer dass"
"The Los Angeles Grand Slam - Spikeball Challenger 2024","2024","2024-05-04","Los Angeles, CA, US","Contender 4.5","Top Tier (Glassware)",4,"4th Place (No Award)","None","Cookin & Smokin","Sougat Pradhan","Jason Xu"
"The Los Angeles Grand Slam - Spikeball Challenger 2024","2024","2024-05-04","Los Angeles, CA, US","Womens 4.0+","Top Tier (Glassware)",1,"🍺 Pitcher (1st Place Glassware)","Pitcher","Gapcha","Janet Leung","Dianne Fonseca"
"The Los Angeles Grand Slam - Spikeball Challenger 2024","2024","2024-05-04","Los Angeles, CA, US","Womens 4.0+","Top Tier (Glassware)",2,"🍻 Tankard (2nd Place Glassware)","Tankard / Cup","Cosmic","Sebastiani Kim","Joelle Nguyen"
"The Los Angeles Grand Slam - Spikeball Challenger 2024","2024","2024-05-04","Los Angeles, CA, US","Womens 4.0+","Top Tier (Glassware)",3,"🥃 Shot Glass (3rd Place Glassware)","Shot Glass / Horn","More Savage","Kirstie Savage","Maddy Morehouse"
"The Los Angeles Grand Slam - Spikeball Challenger 2024","2024","2024-05-04","Los Angeles, CA, US","Womens 4.0+","Top Tier (Glassware)",4,"4th Place (No Award)","None","norcal girlies","Malia Wanderer","Elle Lowe"
"The Los Angeles Grand Slam - Spikeball Challenger 2024","2024","2024-05-04","Los Angeles, CA, US","Mixed 4.0+","Top Tier (Glassware)",1,"🍺 Pitcher (1st Place Glassware)","Pitcher","Pizookie","Perrin York","Kieran Rose"
"The Los Angeles Grand Slam - Spikeball Challenger 2024","2024","2024-05-04","Los Angeles, CA, US","Mixed 4.0+","Top Tier (Glassware)",2,"🍻 Tankard (2nd Place Glassware)","Tankard / Cup","ABG Phase","Connor Nelson","Karah Hui"
"The Los Angeles Grand Slam - Spikeball Challenger 2024","2024","2024-05-04","Los Angeles, CA, US","Mixed 4.0+","Top Tier (Glassware)",3,"🥃 Shot Glass (3rd Place Glassware)","Shot Glass / Horn","Show & T-Elle","Trevor Barbosa","Elle Lowe"
"The Los Angeles Grand Slam - Spikeball Challenger 2024","2024","2024-05-04","Los Angeles, CA, US","Mixed 4.0+","Top Tier (Glassware)",4,"4th Place (No Award)","None","Equally Ambi","Joelle Nguyen","Vincent Mathieu"
"The Los Angeles Grand Slam - Spikeball Challenger 2024","2024","2024-05-04","Los Angeles, CA, US","Premier 5.0+","Top Tier (Glassware)",1,"🍺 Pitcher (1st Place Glassware)","Pitcher","Broken pieces","Thomas Hamilton","Vincent Mathieu"
"The Los Angeles Grand Slam - Spikeball Challenger 2024","2024","2024-05-04","Los Angeles, CA, US","Premier 5.0+","Top Tier (Glassware)",2,"🍻 Tankard (2nd Place Glassware)","Tankard / Cup","Numb","Kieran Rose","Paq Clifford"
"The Los Angeles Grand Slam - Spikeball Challenger 2024","2024","2024-05-04","Los Angeles, CA, US","Premier 5.0+","Top Tier (Glassware)",3,"🥃 Shot Glass (3rd Place Glassware)","Shot Glass / Horn","Insystem","Etienne Cote","Blake Bosak"
"The Los Angeles Grand Slam - Spikeball Challenger 2024","2024","2024-05-04","Los Angeles, CA, US","Premier 5.0+","Top Tier (Glassware)",4,"4th Place (No Award)","None","Kingdom Come","Grant Klapwijk","Matthew Cole"
"Oceanside Grand Slam #2 - Spikeball Challenger","2024","2024-05-11","Oceanside, CA, US","5.0 Premier","Top Tier (Glassware)",1,"🍺 Pitcher (1st Place Glassware)","Pitcher","CoCo Breaks","Etienne Cote","Connor Nelson"
"Oceanside Grand Slam #2 - Spikeball Challenger","2024","2024-05-11","Oceanside, CA, US","5.0 Premier","Top Tier (Glassware)",2,"🍻 Tankard (2nd Place Glassware)","Tankard / Cup","foolish","Lucas Pruett","Sunny Gu"
"Oceanside Grand Slam #2 - Spikeball Challenger","2024","2024-05-11","Oceanside, CA, US","5.0 Premier","Top Tier (Glassware)",3,"🥃 Shot Glass (3rd Place Glassware)","Shot Glass / Horn","V⚡️RGA","Dawson Morgan","Caleb Cummings"
"Oceanside Grand Slam #2 - Spikeball Challenger","2024","2024-05-11","Oceanside, CA, US","5.0 Premier","Top Tier (Glassware)",4,"4th Place (No Award)","None","FTR Frontier","Jake Woolley","Kyan Kornfeld"
"Oceanside Grand Slam #2 - Spikeball Challenger","2024","2024-05-11","Oceanside, CA, US","4.5 Contender","Top Tier (Glassware)",1,"🍺 Pitcher (1st Place Glassware)","Pitcher","Allin/Schrag","Nathaniel Schrag","Micah Allin"
"Oceanside Grand Slam #2 - Spikeball Challenger","2024","2024-05-11","Oceanside, CA, US","4.5 Contender","Top Tier (Glassware)",2,"🍻 Tankard (2nd Place Glassware)","Tankard / Cup","Walkie-Talkie","Jai Parera","Jake Young"
"Oceanside Grand Slam #2 - Spikeball Challenger","2024","2024-05-11","Oceanside, CA, US","4.5 Contender","Top Tier (Glassware)",3,"🥃 Shot Glass (3rd Place Glassware)","Shot Glass / Horn","Who do you think you are, I am","Isaac Penner","Ross Parke"
"Oceanside Grand Slam #2 - Spikeball Challenger","2024","2024-05-11","Oceanside, CA, US","4.5 Contender","Top Tier (Glassware)",4,"4th Place (No Award)","None","Buctan’s","Trevor Buchan","Derek Tang"
"Oceanside Grand Slam #2 - Spikeball Challenger","2024","2024-05-11","Oceanside, CA, US","4.0 Advanced","Top Tier (Glassware)",1,"🍺 Pitcher (1st Place Glassware)","Pitcher","TSSO","Sean O'Donnell","Tyler Snell"
"Oceanside Grand Slam #2 - Spikeball Challenger","2024","2024-05-11","Oceanside, CA, US","4.0 Advanced","Top Tier (Glassware)",2,"🍻 Tankard (2nd Place Glassware)","Tankard / Cup","Setters of Catan","donhau la","Ashley Ngo"
"Oceanside Grand Slam #2 - Spikeball Challenger","2024","2024-05-11","Oceanside, CA, US","4.0 Advanced","Top Tier (Glassware)",3,"🥃 Shot Glass (3rd Place Glassware)","Shot Glass / Horn","The Glizzies","Martin Ramirez","Brandon Ann"
"Oceanside Grand Slam #2 - Spikeball Challenger","2024","2024-05-11","Oceanside, CA, US","4.0 Advanced","Top Tier (Glassware)",4,"4th Place (No Award)","None","Sonnnnn","Bryce Wilson","Daniel Lee"
"Oceanside Grand Slam #2 - Spikeball Challenger","2024","2024-05-11","Oceanside, CA, US","4.5 Women's","Top Tier (Glassware)",1,"🍺 Pitcher (1st Place Glassware)","Pitcher","THUS Parabatai","Kalin Morgan","Kayla Wu-Fleming"
"Oceanside Grand Slam #2 - Spikeball Challenger","2024","2024-05-11","Oceanside, CA, US","4.5 Women's","Top Tier (Glassware)",2,"🍻 Tankard (2nd Place Glassware)","Tankard / Cup","Perform or die","Karah Hui","Perrin York"
"Oceanside Grand Slam #2 - Spikeball Challenger","2024","2024-05-11","Oceanside, CA, US","4.5 Women's","Top Tier (Glassware)",3,"🥃 Shot Glass (3rd Place Glassware)","Shot Glass / Horn","Tui and La","Julia Timan","Sebastiani Kim"
"Oceanside Grand Slam #2 - Spikeball Challenger","2024","2024-05-11","Oceanside, CA, US","4.5 Women's","Top Tier (Glassware)",4,"4th Place (No Award)","None","Nam Flashbacks","Joelle Nguyen","Katheleen Phan"
"Oceanside Grand Slam #2 - Spikeball Challenger","2024","2024-05-11","Oceanside, CA, US","4.0 Mixed","Top Tier (Glassware)",1,"🍺 Pitcher (1st Place Glassware)","Pitcher","finally","Karah Hui","Etienne Cote"
"Oceanside Grand Slam #2 - Spikeball Challenger","2024","2024-05-11","Oceanside, CA, US","4.0 Mixed","Top Tier (Glassware)",2,"🍻 Tankard (2nd Place Glassware)","Tankard / Cup","Chalked","Katie Pierson","Kieran Rose"
"Oceanside Grand Slam #2 - Spikeball Challenger","2024","2024-05-11","Oceanside, CA, US","4.0 Mixed","Top Tier (Glassware)",3,"🥃 Shot Glass (3rd Place Glassware)","Shot Glass / Horn","Nelson / Lowe","Elle Lowe","Connor Nelson"
"Oceanside Grand Slam #2 - Spikeball Challenger","2024","2024-05-11","Oceanside, CA, US","4.0 Mixed","Top Tier (Glassware)",4,"4th Place (No Award)","None","The Dark Ones","Perrin York","Thomas Hamilton"
"California Roundnet Regionals #2 - NorCal","2024","2024-05-25","Menlo Park, CA, US","4.5 Contender","Lower Division (Medals)",1,"🥇 Gold Medal","None","70K Trophies","Jaden Knott","Jakob Seidner"
"California Roundnet Regionals #2 - NorCal","2024","2024-05-25","Menlo Park, CA, US","4.5 Contender","Lower Division (Medals)",2,"🥈 Silver Medal","None","Spiked Lemonade","Matthew Kamimura","George Zywiel"
"California Roundnet Regionals #2 - NorCal","2024","2024-05-25","Menlo Park, CA, US","4.5 Contender","Lower Division (Medals)",3,"🥉 Bronze Medal","None","Freshman","Carlos Diaz","Niviru Wijayaratne"
"California Roundnet Regionals #2 - NorCal","2024","2024-05-25","Menlo Park, CA, US","4.5 Contender","Lower Division (Medals)",4,"4th Place (No Award)","None","Gooners","Adrianna Grothause","Costas Foster"
"California Roundnet Regionals #2 - NorCal","2024","2024-05-25","Menlo Park, CA, US","5.0 Expert","Lower Division (Medals)",1,"🥇 Gold Medal","None","Tarpey","Josh Fragiacomo","Joseph Kaylor"
"California Roundnet Regionals #2 - NorCal","2024","2024-05-25","Menlo Park, CA, US","5.0 Expert","Lower Division (Medals)",2,"🥈 Silver Medal","None","Sloppy","Trevor Barbosa","Connor Nelson"
"California Roundnet Regionals #2 - NorCal","2024","2024-05-25","Menlo Park, CA, US","5.0 Expert","Lower Division (Medals)",3,"🥉 Bronze Medal","None","Champion Destroyers 🥏","Samuel Buckman","Luke Pennington"
"California Roundnet Regionals #2 - NorCal","2024","2024-05-25","Menlo Park, CA, US","5.0 Expert","Lower Division (Medals)",4,"4th Place (No Award)","None","Edge Guarders","Michael Du","Charlie Camarena"
"Raleigh STS Challenger Tour Stop","2024","2024-05-25","Apex, NC, US","Premier 5.0+","Top Tier (Glassware)",1,"🍺 Pitcher (1st Place Glassware)","Pitcher","Tilted","Justin Barr","Will Picone"
"Raleigh STS Challenger Tour Stop","2024","2024-05-25","Apex, NC, US","Premier 5.0+","Top Tier (Glassware)",2,"🍻 Tankard (2nd Place Glassware)","Tankard / Cup","Degenerates","Jack coolbaugh","Thomas Hoffman"
"Raleigh STS Challenger Tour Stop","2024","2024-05-25","Apex, NC, US","Premier 5.0+","Top Tier (Glassware)",3,"🥃 Shot Glass (3rd Place Glassware)","Shot Glass / Horn","Glizzy Gladiators","Polk Denmark","Jacob Summers"
"Raleigh STS Challenger Tour Stop","2024","2024-05-25","Apex, NC, US","Premier 5.0+","Top Tier (Glassware)",4,"4th Place (No Award)","None","Party Fowl","Cole Maddox","Kyle Fowler"
"Raleigh STS Challenger Tour Stop","2024","2024-05-25","Apex, NC, US","Advanced 3.0 - 4.0","Top Tier (Glassware)",1,"🍺 Pitcher (1st Place Glassware)","Pitcher","Stretch and Speed","Sebastian Diaz","Kevin Lane"
"Raleigh STS Challenger Tour Stop","2024","2024-05-25","Apex, NC, US","Advanced 3.0 - 4.0","Top Tier (Glassware)",2,"🍻 Tankard (2nd Place Glassware)","Tankard / Cup","Giggle Gang","Ethan Malta","Bryan Covell"
"Raleigh STS Challenger Tour Stop","2024","2024-05-25","Apex, NC, US","Advanced 3.0 - 4.0","Top Tier (Glassware)",3,"🥃 Shot Glass (3rd Place Glassware)","Shot Glass / Horn","Lil baby spikers","Daden Goldfinger","Azeem Uraizee"
"Raleigh STS Challenger Tour Stop","2024","2024-05-25","Apex, NC, US","Advanced 3.0 - 4.0","Top Tier (Glassware)",3,"🥃 Shot Glass (3rd Place Glassware)","Shot Glass / Horn","Something Witty","Samiah Malta","Mitchell Welborn"
"Raleigh STS Challenger Tour Stop","2024","2024-05-25","Apex, NC, US","Womens Advanced 4.0+","Top Tier (Glassware)",1,"🍺 Pitcher (1st Place Glassware)","Pitcher","OnlyJams","Perrin York","Kalin Morgan"
"Raleigh STS Challenger Tour Stop","2024","2024-05-25","Apex, NC, US","Womens Advanced 4.0+","Top Tier (Glassware)",2,"🍻 Tankard (2nd Place Glassware)","Tankard / Cup","r they dating or just rly good friends?","Karah Hui","Tiff Ding"
"Raleigh STS Challenger Tour Stop","2024","2024-05-25","Apex, NC, US","Womens Advanced 4.0+","Top Tier (Glassware)",3,"🥃 Shot Glass (3rd Place Glassware)","Shot Glass / Horn","Pierson/Phan","Katheleen Phan","Katie Pierson"
"Raleigh STS Challenger Tour Stop","2024","2024-05-25","Apex, NC, US","Womens Advanced 4.0+","Top Tier (Glassware)",4,"4th Place (No Award)","None","Joanna will come up with team name","Rafaela Bastos","Joanna Gould"
"Raleigh STS Challenger Tour Stop","2024","2024-05-25","Apex, NC, US","Mixed Advanced","Top Tier (Glassware)",1,"🍺 Pitcher (1st Place Glassware)","Pitcher","Chalked","Katie Pierson","Kieran Rose"
"Raleigh STS Challenger Tour Stop","2024","2024-05-25","Apex, NC, US","Mixed Advanced","Top Tier (Glassware)",2,"🍻 Tankard (2nd Place Glassware)","Tankard / Cup","Chapped Lips","Kalin Morgan","Dawson Morgan"
"Raleigh STS Challenger Tour Stop","2024","2024-05-25","Apex, NC, US","Mixed Advanced","Top Tier (Glassware)",3,"🥃 Shot Glass (3rd Place Glassware)","Shot Glass / Horn","Make-a-wish","Josh Hutko","Karah Hui"
"Raleigh STS Challenger Tour Stop","2024","2024-05-25","Apex, NC, US","Mixed Advanced","Top Tier (Glassware)",4,"4th Place (No Award)","None","Lippman/Phan","Owen Lippman","Katheleen Phan"
"Raleigh STS Challenger Tour Stop","2024","2024-05-25","Apex, NC, US","Mixed Intermediate","Top Tier (Glassware)",1,"🍺 Pitcher (1st Place Glassware)","Pitcher","Get Schooled","Katrina Gabriella","Brian Perlson"
"Raleigh STS Challenger Tour Stop","2024","2024-05-25","Apex, NC, US","Mixed Intermediate","Top Tier (Glassware)",2,"🍻 Tankard (2nd Place Glassware)","Tankard / Cup","YMCA","Samiah Malta","Sebastian Diaz"
"Raleigh STS Challenger Tour Stop","2024","2024-05-25","Apex, NC, US","Mixed Intermediate","Top Tier (Glassware)",3,"🥃 Shot Glass (3rd Place Glassware)","Shot Glass / Horn","WEEE","Will Eckard","Emma Eckard"
"Raleigh STS Challenger Tour Stop","2024","2024-05-25","Apex, NC, US","Mixed Intermediate","Top Tier (Glassware)",3,"🥃 Shot Glass (3rd Place Glassware)","Shot Glass / Horn","MBR November Nonsense","Rebecca Montgomery","Nathan Montgomery"
"Raleigh STS Challenger Tour Stop","2024","2024-05-25","Apex, NC, US","Contender 4.0+","Top Tier (Glassware)",1,"🍺 Pitcher (1st Place Glassware)","Pitcher","Milky Maneuvers","Izayah Gibson","Grant Yoder"
"Raleigh STS Challenger Tour Stop","2024","2024-05-25","Apex, NC, US","Contender 4.0+","Top Tier (Glassware)",2,"🍻 Tankard (2nd Place Glassware)","Tankard / Cup","Freakuency Shift","Prady Vijayakumar","Seth Cutler"
"Raleigh STS Challenger Tour Stop","2024","2024-05-25","Apex, NC, US","Contender 4.0+","Top Tier (Glassware)",3,"🥃 Shot Glass (3rd Place Glassware)","Shot Glass / Horn","On two Merchants","Chris Hartings","AJ Halliday"
"Raleigh STS Challenger Tour Stop","2024","2024-05-25","Apex, NC, US","Contender 4.0+","Top Tier (Glassware)",4,"4th Place (No Award)","None","Billy pockets","Andrey Andriyevskiy","Joel Hoffler"
"Boise Idaho Challenger, STS","2024","2024-06-01","Meridian, ID, US","Womens","Top Tier (Glassware)",1,"🍺 Pitcher (1st Place Glassware)","Pitcher","Dough Boys","Kirstie Savage","Camille Anderson"
"Boise Idaho Challenger, STS","2024","2024-06-01","Meridian, ID, US","Womens","Top Tier (Glassware)",2,"🍻 Tankard (2nd Place Glassware)","Tankard / Cup","Berk/Gahley","Shaina Berk","Nicol Gahley"
"Boise Idaho Challenger, STS","2024","2024-06-01","Meridian, ID, US","Womens","Top Tier (Glassware)",3,"🥃 Shot Glass (3rd Place Glassware)","Shot Glass / Horn","Dinhngai(d)","Bethany Dinh","Kayla Ngai"
"Boise Idaho Challenger, STS","2024","2024-06-01","Meridian, ID, US","Womens","Top Tier (Glassware)",4,"4th Place (No Award)","None","Gobby Girls","Sara Bradshaw","Jordan Hemmen"
"Boise Idaho Challenger, STS","2024","2024-06-01","Meridian, ID, US","Contender 4.5","Top Tier (Glassware)",1,"🍺 Pitcher (1st Place Glassware)","Pitcher","Jumbo shrimp","Nicolas Caballero","Cody Brower"
"Boise Idaho Challenger, STS","2024","2024-06-01","Meridian, ID, US","Contender 4.5","Top Tier (Glassware)",2,"🍻 Tankard (2nd Place Glassware)","Tankard / Cup","Ball Hogs","Chaz Klein","Kelly O’Connor"
"Boise Idaho Challenger, STS","2024","2024-06-01","Meridian, ID, US","Contender 4.5","Top Tier (Glassware)",3,"🥃 Shot Glass (3rd Place Glassware)","Shot Glass / Horn","GNC","Daniel Green","Konnor Cordingley"
"Boise Idaho Challenger, STS","2024","2024-06-01","Meridian, ID, US","Contender 4.5","Top Tier (Glassware)",4,"4th Place (No Award)","None","Pimp papis","Bowen Maynard","connor barton"
"Boise Idaho Challenger, STS","2024","2024-06-01","Meridian, ID, US","Premier - 5.0","Top Tier (Glassware)",1,"🍺 Pitcher (1st Place Glassware)","Pitcher","J.A.R.V.I.S.","Connor Nelson","Josh Fragiacomo"
"Boise Idaho Challenger, STS","2024","2024-06-01","Meridian, ID, US","Premier - 5.0","Top Tier (Glassware)",2,"🍻 Tankard (2nd Place Glassware)","Tankard / Cup","Pathos","Taylor Church","Paq Clifford"
"Boise Idaho Challenger, STS","2024","2024-06-01","Meridian, ID, US","Premier - 5.0","Top Tier (Glassware)",3,"🥃 Shot Glass (3rd Place Glassware)","Shot Glass / Horn","totally not bluffing","Nick Wideman","Nathan Robertt"
"Boise Idaho Challenger, STS","2024","2024-06-01","Meridian, ID, US","Premier - 5.0","Top Tier (Glassware)",4,"4th Place (No Award)","None","Fish Market","Bryant Karratti","Solomon Berry"
"The Scorch - STS Challenger","2024","2024-06-08","Middleburg, FL, US","Contender (Open 4.5)","Top Tier (Glassware)",1,"🍺 Pitcher (1st Place Glassware)","Pitcher","JQ^2","Jhanaj Quispe","Josef Quispe"
"The Scorch - STS Challenger","2024","2024-06-08","Middleburg, FL, US","Contender (Open 4.5)","Top Tier (Glassware)",2,"🍻 Tankard (2nd Place Glassware)","Tankard / Cup","7 + 7","Alejandro Sosa","Joshua Mollineda"
"The Scorch - STS Challenger","2024","2024-06-08","Middleburg, FL, US","Contender (Open 4.5)","Top Tier (Glassware)",3,"🥃 Shot Glass (3rd Place Glassware)","Shot Glass / Horn","Control Alt Delete","Ethan Sullivan","Gavin Sullivan"
"The Scorch - STS Challenger","2024","2024-06-08","Middleburg, FL, US","Contender (Open 4.5)","Top Tier (Glassware)",4,"4th Place (No Award)","None","Hipsters","Andrew Murray","Blake Van Den Top"
"The Scorch - STS Challenger","2024","2024-06-08","Middleburg, FL, US","Premier (5.0)","Top Tier (Glassware)",1,"🍺 Pitcher (1st Place Glassware)","Pitcher","Fever","Connor Nelson","Kieran Rose"
"The Scorch - STS Challenger","2024","2024-06-08","Middleburg, FL, US","Premier (5.0)","Top Tier (Glassware)",2,"🍻 Tankard (2nd Place Glassware)","Tankard / Cup","Finocchi/Model","Gabriel Finocchi","Max Model"
"The Scorch - STS Challenger","2024","2024-06-08","Middleburg, FL, US","Premier (5.0)","Top Tier (Glassware)",3,"🥃 Shot Glass (3rd Place Glassware)","Shot Glass / Horn","Vristige","Benjamin Goldfarb","Caleb Cummings"
"The Scorch - STS Challenger","2024","2024-06-08","Middleburg, FL, US","Premier (5.0)","Top Tier (Glassware)",4,"4th Place (No Award)","None","Glizzy Gladiators","Polk Denmark","Jacob Summers"
"Richmond Major 2024 - Spikeball Tour Series","2024","2024-06-15","Glen Allen, VA, US","Open Pro 5.0+","Top Tier (Glassware)",1,"🍺 Pitcher (1st Place Glassware)","Pitcher","Numb","Kieran Rose","Paq Clifford"
"Richmond Major 2024 - Spikeball Tour Series","2024","2024-06-15","Glen Allen, VA, US","Open Pro 5.0+","Top Tier (Glassware)",2,"🍻 Tankard (2nd Place Glassware)","Tankard / Cup","Insystem","Etienne Cote","Blake Bosak"
"Richmond Major 2024 - Spikeball Tour Series","2024","2024-06-15","Glen Allen, VA, US","Open Pro 5.0+","Top Tier (Glassware)",3,"🥃 Shot Glass (3rd Place Glassware)","Shot Glass / Horn","Bad Combo","Will Picone","Rahul Murthy"
"Richmond Major 2024 - Spikeball Tour Series","2024","2024-06-15","Glen Allen, VA, US","Open Pro 5.0+","Top Tier (Glassware)",4,"4th Place (No Award)","None","Cold Sweep","Maxime Prince","Vincent Mathieu"
"Richmond Major 2024 - Spikeball Tour Series","2024","2024-06-15","Glen Allen, VA, US","Premier 5.0+","Top Tier (Glassware)",1,"🍺 Pitcher (1st Place Glassware)","Pitcher","hotballers","Joshua Hachey","Tyler Babin"
"Richmond Major 2024 - Spikeball Tour Series","2024","2024-06-15","Glen Allen, VA, US","Premier 5.0+","Top Tier (Glassware)",2,"🍻 Tankard (2nd Place Glassware)","Tankard / Cup","No Pressure","Alex Newton","Josh Hutko"
"Richmond Major 2024 - Spikeball Tour Series","2024","2024-06-15","Glen Allen, VA, US","Premier 5.0+","Top Tier (Glassware)",3,"🥃 Shot Glass (3rd Place Glassware)","Shot Glass / Horn","Incognito","Joseph Kaylor","Michael Du"
"Richmond Major 2024 - Spikeball Tour Series","2024","2024-06-15","Glen Allen, VA, US","Premier 5.0+","Top Tier (Glassware)",4,"4th Place (No Award)","None","Cerebral","Samuel Corey","Kurt Lannetti"
"Richmond Major 2024 - Spikeball Tour Series","2024","2024-06-15","Glen Allen, VA, US","Women's Advanced 4.0+","Top Tier (Glassware)",1,"🍺 Pitcher (1st Place Glassware)","Pitcher","Pierson/Phan","Katheleen Phan","Katie Pierson"
"Richmond Major 2024 - Spikeball Tour Series","2024","2024-06-15","Glen Allen, VA, US","Women's Advanced 4.0+","Top Tier (Glassware)",2,"🍻 Tankard (2nd Place Glassware)","Tankard / Cup","Dino Riot 🦖","Laurence Vallée","Rafaela Bastos"
"Richmond Major 2024 - Spikeball Tour Series","2024","2024-06-15","Glen Allen, VA, US","Women's Advanced 4.0+","Top Tier (Glassware)",3,"🥃 Shot Glass (3rd Place Glassware)","Shot Glass / Horn","Coastin’","Maddy Morehouse","Joelle Nguyen"
"Richmond Major 2024 - Spikeball Tour Series","2024","2024-06-15","Glen Allen, VA, US","Women's Advanced 4.0+","Top Tier (Glassware)",4,"4th Place (No Award)","None","Almost a Jazz Band","Sarah Allen","Shachi Patel"
"Richmond Major 2024 - Spikeball Tour Series","2024","2024-06-15","Glen Allen, VA, US","MAMMOTH (Sunday)","Top Tier (Glassware)",1,"🍺 Pitcher (1st Place Glassware)","Pitcher","All effort team","James Mitchum","Nathan Montgomery"
"Richmond Major 2024 - Spikeball Tour Series","2024","2024-06-15","Glen Allen, VA, US","MAMMOTH (Sunday)","Top Tier (Glassware)",2,"🍻 Tankard (2nd Place Glassware)","Tankard / Cup","Panem","Ben Dantowitz","Peter Lam"
"Richmond Major 2024 - Spikeball Tour Series","2024","2024-06-15","Glen Allen, VA, US","MAMMOTH (Sunday)","Top Tier (Glassware)",3,"🥃 Shot Glass (3rd Place Glassware)","Shot Glass / Horn","Same Hand Drop","Christopher Montgomery","Jason Montgomery"
"Richmond Major 2024 - Spikeball Tour Series","2024","2024-06-15","Glen Allen, VA, US","MAMMOTH (Sunday)","Top Tier (Glassware)",4,"4th Place (No Award)","None","mammothy","Garret Chaffins","Jacob Summers"
"Richmond Major 2024 - Spikeball Tour Series","2024","2024-06-15","Glen Allen, VA, US","Advanced/Intermediate","Top Tier (Glassware)",1,"🍺 Pitcher (1st Place Glassware)","Pitcher","Spike n Ike’s","Owen Wallace","Julian Penn"
"Richmond Major 2024 - Spikeball Tour Series","2024","2024-06-15","Glen Allen, VA, US","Advanced/Intermediate","Top Tier (Glassware)",2,"🍻 Tankard (2nd Place Glassware)","Tankard / Cup","Luke n em","Henry Gutshall","Connor Custalow"
"Richmond Major 2024 - Spikeball Tour Series","2024","2024-06-15","Glen Allen, VA, US","Advanced/Intermediate","Top Tier (Glassware)",3,"🥃 Shot Glass (3rd Place Glassware)","Shot Glass / Horn","Travis Sykora Enthusiasts","Ryland Holdren","Drew VanDenburg"
"Richmond Major 2024 - Spikeball Tour Series","2024","2024-06-15","Glen Allen, VA, US","Advanced/Intermediate","Top Tier (Glassware)",4,"4th Place (No Award)","None","Big Time Roundnet","Olivia Leach","CJ Mierchuk"
"Richmond Major 2024 - Spikeball Tour Series","2024","2024-06-15","Glen Allen, VA, US","Mixed Intermediate/Advanced 2.0-4.5","Top Tier (Glassware)",1,"🍺 Pitcher (1st Place Glassware)","Pitcher","Overhanging Jugs","Jake Choi","Soph Yu"
"Richmond Major 2024 - Spikeball Tour Series","2024","2024-06-15","Glen Allen, VA, US","Mixed Intermediate/Advanced 2.0-4.5","Top Tier (Glassware)",2,"🍻 Tankard (2nd Place Glassware)","Tankard / Cup","Bilateral Buster Boarders","Garrett Blanchard","Bel Belvedere"
"Richmond Major 2024 - Spikeball Tour Series","2024","2024-06-15","Glen Allen, VA, US","Mixed Intermediate/Advanced 2.0-4.5","Top Tier (Glassware)",3,"🥃 Shot Glass (3rd Place Glassware)","Shot Glass / Horn","ABG","Sean Caufield","gabby chen"
"Richmond Major 2024 - Spikeball Tour Series","2024","2024-06-15","Glen Allen, VA, US","Mixed Intermediate/Advanced 2.0-4.5","Top Tier (Glassware)",4,"4th Place (No Award)","None","Court and em","Courtney Coppage","Brooks Weeks"
"Richmond Major 2024 - Spikeball Tour Series","2024","2024-06-15","Glen Allen, VA, US","Mixed Advanced 5.0+ (Sunday)","Top Tier (Glassware)",1,"🍺 Pitcher (1st Place Glassware)","Pitcher","Chalk","Katheleen Phan","Katie Pierson"
"Richmond Major 2024 - Spikeball Tour Series","2024","2024-06-15","Glen Allen, VA, US","Mixed Advanced 5.0+ (Sunday)","Top Tier (Glassware)",2,"🍻 Tankard (2nd Place Glassware)","Tankard / Cup","Canada Classic","Maxime Prince","Etienne Cote"
"Richmond Major 2024 - Spikeball Tour Series","2024","2024-06-15","Glen Allen, VA, US","Mixed Advanced 5.0+ (Sunday)","Top Tier (Glassware)",3,"🥃 Shot Glass (3rd Place Glassware)","Shot Glass / Horn","Camboinhas","Nick Wideman","Maddy Morehouse"
"Richmond Major 2024 - Spikeball Tour Series","2024","2024-06-15","Glen Allen, VA, US","Mixed Advanced 5.0+ (Sunday)","Top Tier (Glassware)",4,"4th Place (No Award)","None","Hoosky","Lucas Pruett","Malia Wanderer"
"Richmond Major 2024 - Spikeball Tour Series","2024","2024-06-15","Glen Allen, VA, US","Contender 4.5+","Top Tier (Glassware)",1,"🍺 Pitcher (1st Place Glassware)","Pitcher","About Time","Sidney Mathues","Riley Nassour"
"Richmond Major 2024 - Spikeball Tour Series","2024","2024-06-15","Glen Allen, VA, US","Contender 4.5+","Top Tier (Glassware)",2,"🍻 Tankard (2nd Place Glassware)","Tankard / Cup","P Hive","Tim Daudelin","Tripp Griffith"
"Richmond Major 2024 - Spikeball Tour Series","2024","2024-06-15","Glen Allen, VA, US","Contender 4.5+","Top Tier (Glassware)",3,"🥃 Shot Glass (3rd Place Glassware)","Shot Glass / Horn","Apricot’s Army","Tyler Keener","Jake Hurst"
"Richmond Major 2024 - Spikeball Tour Series","2024","2024-06-15","Glen Allen, VA, US","Contender 4.5+","Top Tier (Glassware)",4,"4th Place (No Award)","None","Too Much Sandwich","Joseph Motto","Sean Caufield"
"[STS] Minneapolis Challenger 2024","2024","2024-06-23","Brooklyn Park, MN, US","Intermediate (3.0)","Top Tier (Glassware)",1,"🍺 Pitcher (1st Place Glassware)","Pitcher","Wooberg","Soren Peterson","Austin Schloeder"
"[STS] Minneapolis Challenger 2024","2024","2024-06-23","Brooklyn Park, MN, US","Intermediate (3.0)","Top Tier (Glassware)",2,"🍻 Tankard (2nd Place Glassware)","Tankard / Cup","Pink Whitney","Evan Krueger","Henry Ziegler"
"[STS] Minneapolis Challenger 2024","2024","2024-06-23","Brooklyn Park, MN, US","Intermediate (3.0)","Top Tier (Glassware)",3,"🥃 Shot Glass (3rd Place Glassware)","Shot Glass / Horn","LCL","Nathan Oelsner","Trevor Julga"
"[STS] Minneapolis Challenger 2024","2024","2024-06-23","Brooklyn Park, MN, US","Intermediate (3.0)","Top Tier (Glassware)",4,"4th Place (No Award)","None","Unstoppable Force (of interest)","Thomas Robertson","Jameson Gaertner"
"[STS] Minneapolis Challenger 2024","2024","2024-06-23","Brooklyn Park, MN, US","Premier (5.0+)","Top Tier (Glassware)",1,"🍺 Pitcher (1st Place Glassware)","Pitcher","Sayonara","Lucas Pruett","Kieran Rose"
"[STS] Minneapolis Challenger 2024","2024","2024-06-23","Brooklyn Park, MN, US","Premier (5.0+)","Top Tier (Glassware)",2,"🍻 Tankard (2nd Place Glassware)","Tankard / Cup","The Diamond Dogs","Bennett Anderson","Reid Pfutzenreuter"
"[STS] Minneapolis Challenger 2024","2024","2024-06-23","Brooklyn Park, MN, US","Premier (5.0+)","Top Tier (Glassware)",3,"🥃 Shot Glass (3rd Place Glassware)","Shot Glass / Horn","Cwazy","Kyle Fowler","Emerson Dean"
"[STS] Minneapolis Challenger 2024","2024","2024-06-23","Brooklyn Park, MN, US","Premier (5.0+)","Top Tier (Glassware)",4,"4th Place (No Award)","None","Enigma","Jack Bush","Josef Quispe"
"[STS] Minneapolis Challenger 2024","2024","2024-06-23","Brooklyn Park, MN, US","Sunday - Mixed","Top Tier (Glassware)",1,"🍺 Pitcher (1st Place Glassware)","Pitcher","Misfire","Meagan Bown","Lucas Pruett"
"[STS] Minneapolis Challenger 2024","2024","2024-06-23","Brooklyn Park, MN, US","Sunday - Mixed","Top Tier (Glassware)",2,"🍻 Tankard (2nd Place Glassware)","Tankard / Cup","Love Bunker","Jared Kula","Ally Kula"
"[STS] Minneapolis Challenger 2024","2024","2024-06-23","Brooklyn Park, MN, US","Sunday - Mixed","Top Tier (Glassware)",3,"🥃 Shot Glass (3rd Place Glassware)","Shot Glass / Horn","Bully Me Nicely","Alex Cotter","Joelle Nguyen"
"[STS] Minneapolis Challenger 2024","2024","2024-06-23","Brooklyn Park, MN, US","Sunday - Mixed","Top Tier (Glassware)",4,"4th Place (No Award)","None","EP Spikes","Maciah Aldrich","Abby Horn"
"[STS] Minneapolis Challenger 2024","2024","2024-06-23","Brooklyn Park, MN, US","Women's Division","Top Tier (Glassware)",1,"🍺 Pitcher (1st Place Glassware)","Pitcher","Golden Brown","Joanna Gould","Meagan Bown"
"[STS] Minneapolis Challenger 2024","2024","2024-06-23","Brooklyn Park, MN, US","Women's Division","Top Tier (Glassware)",2,"🍻 Tankard (2nd Place Glassware)","Tankard / Cup","Midwest Mashup","Rachel Luczak","Ally Kula"
"[STS] Minneapolis Challenger 2024","2024","2024-06-23","Brooklyn Park, MN, US","Women's Division","Top Tier (Glassware)",3,"🥃 Shot Glass (3rd Place Glassware)","Shot Glass / Horn","Bad Juju","Ruthie Lundberg","Sophia Schmidt"
"[STS] Minneapolis Challenger 2024","2024","2024-06-23","Brooklyn Park, MN, US","Women's Division","Top Tier (Glassware)",4,"4th Place (No Award)","None","Arm & Leg","Mary Ricklick","Liberty Fettig"
"[STS] Minneapolis Challenger 2024","2024","2024-06-23","Brooklyn Park, MN, US","Contender (4.5)","Top Tier (Glassware)",1,"🍺 Pitcher (1st Place Glassware)","Pitcher","Yo Gabba Gabba","Derek Tang","Juan Moscoso"
"[STS] Minneapolis Challenger 2024","2024","2024-06-23","Brooklyn Park, MN, US","Contender (4.5)","Top Tier (Glassware)",2,"🍻 Tankard (2nd Place Glassware)","Tankard / Cup","Jelly Fam","David Navalta","Anmol John"
"[STS] Minneapolis Challenger 2024","2024","2024-06-23","Brooklyn Park, MN, US","Contender (4.5)","Top Tier (Glassware)",3,"🥃 Shot Glass (3rd Place Glassware)","Shot Glass / Horn","K^2","Korbin Thompson","Kenny Velu"
"[STS] Minneapolis Challenger 2024","2024","2024-06-23","Brooklyn Park, MN, US","Contender (4.5)","Top Tier (Glassware)",4,"4th Place (No Award)","None","What's the Score?","Jon Moe","Jordan Johnson"
"U.S. Roundnet National Championship","2024","2024-06-29","Raleigh, NC, US","5.5 Open Bronze/Premier","Lower Division (Medals)",1,"🥇 Gold Medal","None","Gnocchi","Gabriel Finocchi","Sunny Gu"
"U.S. Roundnet National Championship","2024","2024-06-29","Raleigh, NC, US","5.5 Open Bronze/Premier","Lower Division (Medals)",2,"🥈 Silver Medal","None","Picone/Rose","Will Picone","Kieran Rose"
"U.S. Roundnet National Championship","2024","2024-06-29","Raleigh, NC, US","5.5 Open Bronze/Premier","Lower Division (Medals)",3,"🥉 Bronze Medal","None","Cole/Hamilton","Matthew Cole","Thomas Hamilton"
"U.S. Roundnet National Championship","2024","2024-06-29","Raleigh, NC, US","5.5 Open Bronze/Premier","Lower Division (Medals)",4,"4th Place (No Award)","None","J.A.R.V.I.S.","Josh Fragiacomo","Connor Nelson"
"U.S. Roundnet National Championship","2024","2024-06-29","Raleigh, NC, US","4.5+ Women's","Lower Division (Medals)",1,"🥇 Gold Medal","None","Overdue","Karah Hui","Julia Timan"
"U.S. Roundnet National Championship","2024","2024-06-29","Raleigh, NC, US","4.5+ Women's","Lower Division (Medals)",2,"🥈 Silver Medal","None","Jenki / Morgan","Kalin Morgan","Ali Jenki"
"U.S. Roundnet National Championship","2024","2024-06-29","Raleigh, NC, US","4.5+ Women's","Lower Division (Medals)",3,"🥉 Bronze Medal","None","Pierson/Phan","Katheleen Phan","Katie Pierson"
"U.S. Roundnet National Championship","2024","2024-06-29","Raleigh, NC, US","4.5+ Women's","Lower Division (Medals)",4,"4th Place (No Award)","None","Tea Time","Joelle Nguyen","Lou Washburn"
"U.S. Roundnet National Championship","2024","2024-06-29","Raleigh, NC, US","4.5 Open Contender","Lower Division (Medals)",1,"🥇 Gold Medal","None","Special Teams","Matthew Rodriguez","Liam Keegan"
"U.S. Roundnet National Championship","2024","2024-06-29","Raleigh, NC, US","4.5 Open Contender","Lower Division (Medals)",2,"🥈 Silver Medal","None","Tuffy's Tyrants","Jack Walker","James Brock"
"U.S. Roundnet National Championship","2024","2024-06-29","Raleigh, NC, US","4.5 Open Contender","Lower Division (Medals)",3,"🥉 Bronze Medal","None","Berries n’ Cream","Charlie Cavallaro","Henrik Hoeldtke"
"U.S. Roundnet National Championship","2024","2024-06-29","Raleigh, NC, US","4.5 Open Contender","Lower Division (Medals)",4,"4th Place (No Award)","None","Centros","Jon Esposo","Jaxon Gonzalez"
"Chicago Major 2024 - Spikeball Tour Series","2024","2024-07-13","Oak Brook, IL, US","Contender 4.5+","Top Tier (Glassware)",1,"🍺 Pitcher (1st Place Glassware)","Pitcher","PB & J","Peter Lam","Bryan Fonseca"
"Chicago Major 2024 - Spikeball Tour Series","2024","2024-07-13","Oak Brook, IL, US","Contender 4.5+","Top Tier (Glassware)",2,"🍻 Tankard (2nd Place Glassware)","Tankard / Cup","Bomb Pop Tweas","Adam Prudhomme","Josiah Murphy"
"Chicago Major 2024 - Spikeball Tour Series","2024","2024-07-13","Oak Brook, IL, US","Contender 4.5+","Top Tier (Glassware)",3,"🥃 Shot Glass (3rd Place Glassware)","Shot Glass / Horn","Walmart Creamy","Jeremy Lee","Colton Olvey"
"Chicago Major 2024 - Spikeball Tour Series","2024","2024-07-13","Oak Brook, IL, US","Contender 4.5+","Top Tier (Glassware)",4,"4th Place (No Award)","None","Short Kings 👑","Jon Moe","Brady Van Straten"
"Chicago Major 2024 - Spikeball Tour Series","2024","2024-07-13","Oak Brook, IL, US","Women's Pro 5.0+","Top Tier (Glassware)",1,"🍺 Pitcher (1st Place Glassware)","Pitcher","TWINZ","Ali Jenki","Olivia Jenki"
"Chicago Major 2024 - Spikeball Tour Series","2024","2024-07-13","Oak Brook, IL, US","Women's Pro 5.0+","Top Tier (Glassware)",2,"🍻 Tankard (2nd Place Glassware)","Tankard / Cup","NEM Chitty Bang","Lou Washburn","Ronja Lorenz"
"Chicago Major 2024 - Spikeball Tour Series","2024","2024-07-13","Oak Brook, IL, US","Women's Pro 5.0+","Top Tier (Glassware)",3,"🥃 Shot Glass (3rd Place Glassware)","Shot Glass / Horn","ellelowe sebmarine","Sebastiani Kim","Elle Lowe"
"Chicago Major 2024 - Spikeball Tour Series","2024","2024-07-13","Oak Brook, IL, US","Women's Pro 5.0+","Top Tier (Glassware)",4,"4th Place (No Award)","None","KickStart","Sarah Allen","Karah Hui"
"Chicago Major 2024 - Spikeball Tour Series","2024","2024-07-13","Oak Brook, IL, US","Open Pro 5.0+","Top Tier (Glassware)",1,"🍺 Pitcher (1st Place Glassware)","Pitcher","Ultra Instinct","Gabriel Finocchi","Thomas Hamilton"
"Chicago Major 2024 - Spikeball Tour Series","2024","2024-07-13","Oak Brook, IL, US","Open Pro 5.0+","Top Tier (Glassware)",2,"🍻 Tankard (2nd Place Glassware)","Tankard / Cup","TRP Spotless","Joe Bondi","Ryan Gross"
"Chicago Major 2024 - Spikeball Tour Series","2024","2024-07-13","Oak Brook, IL, US","Open Pro 5.0+","Top Tier (Glassware)",3,"🥃 Shot Glass (3rd Place Glassware)","Shot Glass / Horn","Cold Sweep","Maxime Prince","Vincent Mathieu"
"Chicago Major 2024 - Spikeball Tour Series","2024","2024-07-13","Oak Brook, IL, US","Open Pro 5.0+","Top Tier (Glassware)",4,"4th Place (No Award)","None","Bot House","Owen Lippman","West Peterson"
"Chicago Major 2024 - Spikeball Tour Series","2024","2024-07-13","Oak Brook, IL, US","Premier 5.0+","Top Tier (Glassware)",1,"🍺 Pitcher (1st Place Glassware)","Pitcher","C'est Tough","Chris Brown","Guillaume Bilodeau"
"Chicago Major 2024 - Spikeball Tour Series","2024","2024-07-13","Oak Brook, IL, US","Premier 5.0+","Top Tier (Glassware)",2,"🍻 Tankard (2nd Place Glassware)","Tankard / Cup","Ninja Turtles","Eddy Leung","Elijah Kim"
"Chicago Major 2024 - Spikeball Tour Series","2024","2024-07-13","Oak Brook, IL, US","Premier 5.0+","Top Tier (Glassware)",3,"🥃 Shot Glass (3rd Place Glassware)","Shot Glass / Horn","FTR Frontier","Jake Woolley","Kyan Kornfeld"
"Chicago Major 2024 - Spikeball Tour Series","2024","2024-07-13","Oak Brook, IL, US","Premier 5.0+","Top Tier (Glassware)",4,"4th Place (No Award)","None","Shorter & Taller","Andrew Sullivan","Caleb Shorter"
"Chicago Major 2024 - Spikeball Tour Series","2024","2024-07-13","Oak Brook, IL, US","Women's Adv 4.0+","Top Tier (Glassware)",1,"🍺 Pitcher (1st Place Glassware)","Pitcher","touch of heaven","Andrea Schwarz","sam greathouse"
"Chicago Major 2024 - Spikeball Tour Series","2024","2024-07-13","Oak Brook, IL, US","Women's Adv 4.0+","Top Tier (Glassware)",2,"🍻 Tankard (2nd Place Glassware)","Tankard / Cup","Caron/Norris","Ava Caron","Abby Norris"
"Chicago Major 2024 - Spikeball Tour Series","2024","2024-07-13","Oak Brook, IL, US","Women's Adv 4.0+","Top Tier (Glassware)",3,"🥃 Shot Glass (3rd Place Glassware)","Shot Glass / Horn","Disorderly Conduct","Cece Carlson","Hanna Sorensen"
"Chicago Major 2024 - Spikeball Tour Series","2024","2024-07-13","Oak Brook, IL, US","Women's Adv 4.0+","Top Tier (Glassware)",4,"4th Place (No Award)","None","Two Girls One Net","Abigail Lannetti","Ally Kula"
"Chicago Major 2024 - Spikeball Tour Series","2024","2024-07-13","Oak Brook, IL, US","Mixed Advanced 4.5 (Sunday)","Top Tier (Glassware)",1,"🍺 Pitcher (1st Place Glassware)","Pitcher","TAIWAN #1","Soph Yu","Kyle Jeung"
"Chicago Major 2024 - Spikeball Tour Series","2024","2024-07-13","Oak Brook, IL, US","Mixed Advanced 4.5 (Sunday)","Top Tier (Glassware)",2,"🍻 Tankard (2nd Place Glassware)","Tankard / Cup","Love Bunker","Jared Kula","Ally Kula"
"Chicago Major 2024 - Spikeball Tour Series","2024","2024-07-13","Oak Brook, IL, US","Mixed Advanced 4.5 (Sunday)","Top Tier (Glassware)",3,"🥃 Shot Glass (3rd Place Glassware)","Shot Glass / Horn","Last minute","Cece Carlson","Joey Renaud"
"Chicago Major 2024 - Spikeball Tour Series","2024","2024-07-13","Oak Brook, IL, US","Mixed Advanced 4.5 (Sunday)","Top Tier (Glassware)",4,"4th Place (No Award)","None","The Greathouse's","sam greathouse","Matthew Greathouse"
"Chicago Major 2024 - Spikeball Tour Series","2024","2024-07-13","Oak Brook, IL, US","Mixed Advanced 5.0+ (Sunday)","Top Tier (Glassware)",1,"🍺 Pitcher (1st Place Glassware)","Pitcher","Last minute","Olivia Jenki","Ali Jenki"
"Chicago Major 2024 - Spikeball Tour Series","2024","2024-07-13","Oak Brook, IL, US","Mixed Advanced 5.0+ (Sunday)","Top Tier (Glassware)",2,"🍻 Tankard (2nd Place Glassware)","Tankard / Cup","All we do is win","Maxime Prince","Karah Hui"
"Chicago Major 2024 - Spikeball Tour Series","2024","2024-07-13","Oak Brook, IL, US","Mixed Advanced 5.0+ (Sunday)","Top Tier (Glassware)",3,"🥃 Shot Glass (3rd Place Glassware)","Shot Glass / Horn","J/S/T/V","Sarah Allen","Thomas Hamilton"
"Chicago Major 2024 - Spikeball Tour Series","2024","2024-07-13","Oak Brook, IL, US","Mixed Advanced 5.0+ (Sunday)","Top Tier (Glassware)",4,"4th Place (No Award)","None","E.D.I.T.H.","Josh Fragiacomo","Connor Nelson"
"AF Steel Days Super Major","2024","2024-07-20","American Fork, UT, US","2.0-3.0 Recreational","Top Tier (Glassware)",1,"🍺 Pitcher (1st Place Glassware)","Pitcher","Lucky charms","Logan Spencer","Grant Hill"
"AF Steel Days Super Major","2024","2024-07-20","American Fork, UT, US","2.0-3.0 Recreational","Top Tier (Glassware)",2,"🍻 Tankard (2nd Place Glassware)","Tankard / Cup","Roundnet Rookies","Parker Medford","Jaimen Holman"
"AF Steel Days Super Major","2024","2024-07-20","American Fork, UT, US","2.0-3.0 Recreational","Top Tier (Glassware)",3,"🥃 Shot Glass (3rd Place Glassware)","Shot Glass / Horn","Gibbs & Brickey","Anne Marie Gibbs","Eli Brickey"
"AF Steel Days Super Major","2024","2024-07-20","American Fork, UT, US","2.0-3.0 Recreational","Top Tier (Glassware)",4,"4th Place (No Award)","None","Cheesy Gordita Crunch","Payton Wallin","Gentry Schmalz"
"AF Steel Days Super Major","2024","2024-07-20","American Fork, UT, US","4.0 Advanced","Top Tier (Glassware)",1,"🍺 Pitcher (1st Place Glassware)","Pitcher","No Name","Braydon Hunt","Toby Hunt"
"AF Steel Days Super Major","2024","2024-07-20","American Fork, UT, US","4.0 Advanced","Top Tier (Glassware)",2,"🍻 Tankard (2nd Place Glassware)","Tankard / Cup","Flubbed High Five","Michael Sampson","Elvin Pok"
"AF Steel Days Super Major","2024","2024-07-20","American Fork, UT, US","4.0 Advanced","Top Tier (Glassware)",3,"🥃 Shot Glass (3rd Place Glassware)","Shot Glass / Horn","Bus Drivers","Maxson Daley","Stephen Moss"
"AF Steel Days Super Major","2024","2024-07-20","American Fork, UT, US","4.0 Advanced","Top Tier (Glassware)",4,"4th Place (No Award)","None","Ben and Becca R Gud at Spikbal","Ben Reid","Becca Feller"
"AF Steel Days Super Major","2024","2024-07-20","American Fork, UT, US","4.5 Elite","Top Tier (Glassware)",1,"🍺 Pitcher (1st Place Glassware)","Pitcher","Double Fault","Luke Cook","Nathan Avalos"
"AF Steel Days Super Major","2024","2024-07-20","American Fork, UT, US","4.5 Elite","Top Tier (Glassware)",2,"🍻 Tankard (2nd Place Glassware)","Tankard / Cup","Cote / Beard","Mo Beard","Cade Cote"
"AF Steel Days Super Major","2024","2024-07-20","American Fork, UT, US","4.5 Elite","Top Tier (Glassware)",3,"🥃 Shot Glass (3rd Place Glassware)","Shot Glass / Horn","Out of pocket","Tyler Caswell","Christopher Marcusen"
"AF Steel Days Super Major","2024","2024-07-20","American Fork, UT, US","4.5 Elite","Top Tier (Glassware)",4,"4th Place (No Award)","None","Chef’s Special","Luke Gleave","Steven Goodrich"
"AF Steel Days Super Major","2024","2024-07-20","American Fork, UT, US","5.0 Premier","Top Tier (Glassware)",1,"🍺 Pitcher (1st Place Glassware)","Pitcher","Father Caleb & His Protege","Taylor Church","Caleb Jarrett"
"AF Steel Days Super Major","2024","2024-07-20","American Fork, UT, US","5.0 Premier","Top Tier (Glassware)",2,"🍻 Tankard (2nd Place Glassware)","Tankard / Cup","Royal Flush","Jake LeBaron","Bryant Karratti"
"AF Steel Days Super Major","2024","2024-07-20","American Fork, UT, US","5.0 Premier","Top Tier (Glassware)",3,"🥃 Shot Glass (3rd Place Glassware)","Shot Glass / Horn","Cote / Mundy","Dylan Mundy","Kyler Cote"
"AF Steel Days Super Major","2024","2024-07-20","American Fork, UT, US","5.0 Premier","Top Tier (Glassware)",4,"4th Place (No Award)","None","Fresh Prince of Hertzl-Air","Remi Prince","Chandler Hertzler"
"MRA Chicago","2024","2024-07-27","Mount Prospect, IL, US","Expert(4.5)","Top Tier (Glassware)",1,"🍺 Pitcher (1st Place Glassware)","Pitcher","O’Block B-Team","Joey Reynolds","Neal Bergman"
"MRA Chicago","2024","2024-07-27","Mount Prospect, IL, US","Expert(4.5)","Top Tier (Glassware)",2,"🍻 Tankard (2nd Place Glassware)","Tankard / Cup","ARRAKIS","Korbin Thompson","Clifford Amadeo LeVeque"
"MRA Chicago","2024","2024-07-27","Mount Prospect, IL, US","Expert(4.5)","Top Tier (Glassware)",3,"🥃 Shot Glass (3rd Place Glassware)","Shot Glass / Horn","Sensory Overload","Chris Wilkins","Colin Hobart"
"MRA Chicago","2024","2024-07-27","Mount Prospect, IL, US","Expert(4.5)","Top Tier (Glassware)",4,"4th Place (No Award)","None","brat summer","Nate von der Sitt","Adam Weiss"
"STS Challenger : Seattle Slam","2024","2024-07-27","Tacoma, WA, US","Contender 4.5","Top Tier (Glassware)",1,"🍺 Pitcher (1st Place Glassware)","Pitcher","Simple Last Names","Trevor Zaleski","Chandler Hertzler"
"STS Challenger : Seattle Slam","2024","2024-07-27","Tacoma, WA, US","Contender 4.5","Top Tier (Glassware)",2,"🍻 Tankard (2nd Place Glassware)","Tankard / Cup","Mario & Luigi","Evan Cox","Leo Cox"
"STS Challenger : Seattle Slam","2024","2024-07-27","Tacoma, WA, US","Contender 4.5","Top Tier (Glassware)",3,"🥃 Shot Glass (3rd Place Glassware)","Shot Glass / Horn","Sluggish","Sasha Mariniuk","Jakob Seidner"
"STS Challenger : Seattle Slam","2024","2024-07-27","Tacoma, WA, US","Contender 4.5","Top Tier (Glassware)",4,"4th Place (No Award)","None","Dumb & Dumber","Hernestor Ramirez diaz","Erick Ostheimer"
"STS Challenger : Seattle Slam","2024","2024-07-27","Tacoma, WA, US","Premier","Top Tier (Glassware)",1,"🍺 Pitcher (1st Place Glassware)","Pitcher","Numb","Kieran Rose","Paq Clifford"
"STS Challenger : Seattle Slam","2024","2024-07-27","Tacoma, WA, US","Premier","Top Tier (Glassware)",2,"🍻 Tankard (2nd Place Glassware)","Tankard / Cup","FTR Frontier","Jake Woolley","Kyan Kornfeld"
"STS Challenger : Seattle Slam","2024","2024-07-27","Tacoma, WA, US","Premier","Top Tier (Glassware)",3,"🥃 Shot Glass (3rd Place Glassware)","Shot Glass / Horn","J.A.R.V.I.S.","Josh Fragiacomo","Connor Nelson"
"STS Challenger : Seattle Slam","2024","2024-07-27","Tacoma, WA, US","Premier","Top Tier (Glassware)",4,"4th Place (No Award)","None","FOR GROUSE","kevin um","Blake Bosak"
"STS Challenger : Seattle Slam","2024","2024-07-27","Tacoma, WA, US","Advanced 4.0","Top Tier (Glassware)",1,"🍺 Pitcher (1st Place Glassware)","Pitcher","2 Broke Boiz","Samuel Verrett","Drew Longjohn"
"STS Challenger : Seattle Slam","2024","2024-07-27","Tacoma, WA, US","Advanced 4.0","Top Tier (Glassware)",2,"🍻 Tankard (2nd Place Glassware)","Tankard / Cup","Out of system","Daniel Davis","Caleb Triplett"
"STS Challenger : Seattle Slam","2024","2024-07-27","Tacoma, WA, US","Advanced 4.0","Top Tier (Glassware)",3,"🥃 Shot Glass (3rd Place Glassware)","Shot Glass / Horn","Zero Prep","Sam Kondratyev","Paul Chepel"
"STS Challenger : Seattle Slam","2024","2024-07-27","Tacoma, WA, US","Advanced 4.0","Top Tier (Glassware)",4,"4th Place (No Award)","None","Chakos Tucis","Dylan Jackson","Sam Wallach Hanson"
"STS Challenger : Seattle Slam","2024","2024-07-27","Tacoma, WA, US","Coed Advanced (SUNDAY)","Top Tier (Glassware)",1,"🍺 Pitcher (1st Place Glassware)","Pitcher","Hot Seat","Holly Yu","Kieran Rose"
"STS Challenger : Seattle Slam","2024","2024-07-27","Tacoma, WA, US","Coed Advanced (SUNDAY)","Top Tier (Glassware)",2,"🍻 Tankard (2nd Place Glassware)","Tankard / Cup","Belt Loops","Trevor Barbosa","Karah Hui"
"STS Challenger : Seattle Slam","2024","2024-07-27","Tacoma, WA, US","Coed Advanced (SUNDAY)","Top Tier (Glassware)",3,"🥃 Shot Glass (3rd Place Glassware)","Shot Glass / Horn","Nerds Gummy Clusters","Kyle Fowler","Malia Wanderer"
"STS Challenger : Seattle Slam","2024","2024-07-27","Tacoma, WA, US","Coed Advanced (SUNDAY)","Top Tier (Glassware)",4,"4th Place (No Award)","None","Kaylor / Lowe","Elle Lowe","Joseph Kaylor"
"STS Challenger : Seattle Slam","2024","2024-07-27","Tacoma, WA, US","Women's Advanced","Top Tier (Glassware)",1,"🍺 Pitcher (1st Place Glassware)","Pitcher","help me 🥺","Karah Hui","Malia Wanderer"
"STS Challenger : Seattle Slam","2024","2024-07-27","Tacoma, WA, US","Women's Advanced","Top Tier (Glassware)",2,"🍻 Tankard (2nd Place Glassware)","Tankard / Cup","THUS Parabatai","Kalin Morgan","Kayla Wu-Fleming"
"STS Challenger : Seattle Slam","2024","2024-07-27","Tacoma, WA, US","Women's Advanced","Top Tier (Glassware)",2,"🍻 Tankard (2nd Place Glassware)","Tankard / Cup","ellelowe sebmarine","Sebastiani Kim","Elle Lowe"
"STS Challenger : Seattle Slam","2024","2024-07-27","Tacoma, WA, US","Women's Advanced","Top Tier (Glassware)",4,"4th Place (No Award)","None","All Touch","Tung Lin","Yu-Fang Chiu"
"Salt Lake City Major 2024 - Spikeball Tour Series","2024","2024-08-03","Farmington, UT, US","Open Pro 5.0+","Top Tier (Glassware)",1,"🍺 Pitcher (1st Place Glassware)","Pitcher","Extra","Jé Gagnon","Emerson Dean"
"Salt Lake City Major 2024 - Spikeball Tour Series","2024","2024-08-03","Farmington, UT, US","Open Pro 5.0+","Top Tier (Glassware)",2,"🍻 Tankard (2nd Place Glassware)","Tankard / Cup","Kingdom Come","Grant Klapwijk","Matthew Cole"
"Salt Lake City Major 2024 - Spikeball Tour Series","2024","2024-08-03","Farmington, UT, US","Open Pro 5.0+","Top Tier (Glassware)",3,"🥃 Shot Glass (3rd Place Glassware)","Shot Glass / Horn","J.A.R.V.I.S.","Josh Fragiacomo","Connor Nelson"
"Salt Lake City Major 2024 - Spikeball Tour Series","2024","2024-08-03","Farmington, UT, US","Open Pro 5.0+","Top Tier (Glassware)",4,"4th Place (No Award)","None","Numb","Kieran Rose","Paq Clifford"
"Salt Lake City Major 2024 - Spikeball Tour Series","2024","2024-08-03","Farmington, UT, US","Contender 4.5+","Top Tier (Glassware)",1,"🍺 Pitcher (1st Place Glassware)","Pitcher","Preachers","Bowen Maynard","Garrett Walter"
"Salt Lake City Major 2024 - Spikeball Tour Series","2024","2024-08-03","Farmington, UT, US","Contender 4.5+","Top Tier (Glassware)",2,"🍻 Tankard (2nd Place Glassware)","Tankard / Cup","CARL Short Kings","Will Foote","Yusei Fujikura"
"Salt Lake City Major 2024 - Spikeball Tour Series","2024","2024-08-03","Farmington, UT, US","Contender 4.5+","Top Tier (Glassware)",3,"🥃 Shot Glass (3rd Place Glassware)","Shot Glass / Horn","Hit List","Casey Harman","Jaren Haggard"
"Salt Lake City Major 2024 - Spikeball Tour Series","2024","2024-08-03","Farmington, UT, US","Contender 4.5+","Top Tier (Glassware)",4,"4th Place (No Award)","None","Slumpy & Dumpy","pavan narahari","Jason Xu"
"Salt Lake City Major 2024 - Spikeball Tour Series","2024","2024-08-03","Farmington, UT, US","Premier 5.0+","Top Tier (Glassware)",1,"🍺 Pitcher (1st Place Glassware)","Pitcher","Clueless","Joey Maichen","Tyler Fernandez"
"Salt Lake City Major 2024 - Spikeball Tour Series","2024","2024-08-03","Farmington, UT, US","Premier 5.0+","Top Tier (Glassware)",2,"🍻 Tankard (2nd Place Glassware)","Tankard / Cup","S/C","Matt Spolarich","Taylor Church"
"Salt Lake City Major 2024 - Spikeball Tour Series","2024","2024-08-03","Farmington, UT, US","Premier 5.0+","Top Tier (Glassware)",3,"🥃 Shot Glass (3rd Place Glassware)","Shot Glass / Horn","Dinomite","Charlie Camarena","Auriel Wish"
"Salt Lake City Major 2024 - Spikeball Tour Series","2024","2024-08-03","Farmington, UT, US","Premier 5.0+","Top Tier (Glassware)",4,"4th Place (No Award)","None","Amnesia","Tyler Stokes","Garrett Carver"
"Salt Lake City Major 2024 - Spikeball Tour Series","2024","2024-08-03","Farmington, UT, US","Mixed Advanced 5.0+ (Sunday)","Top Tier (Glassware)",1,"🍺 Pitcher (1st Place Glassware)","Pitcher","CLJK","Connor Nelson","Elle Lowe"
"Salt Lake City Major 2024 - Spikeball Tour Series","2024","2024-08-03","Farmington, UT, US","Mixed Advanced 5.0+ (Sunday)","Top Tier (Glassware)",2,"🍻 Tankard (2nd Place Glassware)","Tankard / Cup","Perky sevor","Sebastiani Kim","Trevor Barbosa"
"Salt Lake City Major 2024 - Spikeball Tour Series","2024","2024-08-03","Farmington, UT, US","Mixed Advanced 5.0+ (Sunday)","Top Tier (Glassware)",3,"🥃 Shot Glass (3rd Place Glassware)","Shot Glass / Horn","Chalk","Katheleen Phan","Katie Pierson"
"Salt Lake City Major 2024 - Spikeball Tour Series","2024","2024-08-03","Farmington, UT, US","Mixed Advanced 5.0+ (Sunday)","Top Tier (Glassware)",4,"4th Place (No Award)","None","Hoosky","Lucas Pruett","Malia Wanderer"
"Salt Lake City Major 2024 - Spikeball Tour Series","2024","2024-08-03","Farmington, UT, US","Women's Advanced 4.0+","Top Tier (Glassware)",1,"🍺 Pitcher (1st Place Glassware)","Pitcher","KickStart","Sarah Allen","Karah Hui"
"Salt Lake City Major 2024 - Spikeball Tour Series","2024","2024-08-03","Farmington, UT, US","Women's Advanced 4.0+","Top Tier (Glassware)",2,"🍻 Tankard (2nd Place Glassware)","Tankard / Cup","THUS Parabatai","Kalin Morgan","Kayla Wu-Fleming"
"Salt Lake City Major 2024 - Spikeball Tour Series","2024","2024-08-03","Farmington, UT, US","Women's Advanced 4.0+","Top Tier (Glassware)",3,"🥃 Shot Glass (3rd Place Glassware)","Shot Glass / Horn","Pierson/Phan","Katheleen Phan","Katie Pierson"
"Salt Lake City Major 2024 - Spikeball Tour Series","2024","2024-08-03","Farmington, UT, US","Women's Advanced 4.0+","Top Tier (Glassware)",4,"4th Place (No Award)","None","ellelowe sebmarine","Sebastiani Kim","Elle Lowe"
"ERS Boston 2024 - A Spikeball Challenger","2024","2024-08-10","Boston, MA, US","Women's Advanced 4.5+","Lower Division (Medals)",1,"🥇 Gold Medal","None","Carry Set","Malia Wanderer","Abigale Lamontagne"
"ERS Boston 2024 - A Spikeball Challenger","2024","2024-08-10","Boston, MA, US","Women's Advanced 4.5+","Lower Division (Medals)",2,"🥈 Silver Medal","None","Pierson/Phan","Katheleen Phan","Katie Pierson"
"ERS Boston 2024 - A Spikeball Challenger","2024","2024-08-10","Boston, MA, US","Women's Advanced 4.5+","Lower Division (Medals)",3,"🥉 Bronze Medal","None","Quavo","Jhanaj Quispe","Abby Norris"
"ERS Boston 2024 - A Spikeball Challenger","2024","2024-08-10","Boston, MA, US","Women's Advanced 4.5+","Lower Division (Medals)",4,"4th Place (No Award)","None","Flatball","MollyAn Killingbeck","Tess Dolan"
"ERS Boston 2024 - A Spikeball Challenger","2024","2024-08-10","Boston, MA, US","Open Contender 4.5+","Lower Division (Medals)",1,"🥇 Gold Medal","None","Spooky","Jackson Biggs","Declan Brown"
"ERS Boston 2024 - A Spikeball Challenger","2024","2024-08-10","Boston, MA, US","Open Contender 4.5+","Lower Division (Medals)",2,"🥈 Silver Medal","None","Rotato Potato","Charlie Freeman","Jonathan Saysamone"
"ERS Boston 2024 - A Spikeball Challenger","2024","2024-08-10","Boston, MA, US","Open Contender 4.5+","Lower Division (Medals)",3,"🥉 Bronze Medal","None","Roundnet madness","Matt Garbecki","Tomer Keren"
"ERS Boston 2024 - A Spikeball Challenger","2024","2024-08-10","Boston, MA, US","Open Contender 4.5+","Lower Division (Medals)",4,"4th Place (No Award)","None","Short and Sweet","Olivier Bernard","Pierre-Luc Robitaille"
"ERS Boston 2024 - A Spikeball Challenger","2024","2024-08-10","Boston, MA, US","Premier 5.0+","Lower Division (Medals)",1,"🥇 Gold Medal","None","TRP Spotless","Joe Bondi","Ryan Gross"
"ERS Boston 2024 - A Spikeball Challenger","2024","2024-08-10","Boston, MA, US","Premier 5.0+","Lower Division (Medals)",2,"🥈 Silver Medal","None","Chrissssss Browwwwnnnnnn","Chris Brown","Etienne Cote"
"ERS Boston 2024 - A Spikeball Challenger","2024","2024-08-10","Boston, MA, US","Premier 5.0+","Lower Division (Medals)",3,"🥉 Bronze Medal","None","Tipsy","Maxime Prince","Kieran Rose"
"ERS Boston 2024 - A Spikeball Challenger","2024","2024-08-10","Boston, MA, US","Premier 5.0+","Lower Division (Medals)",4,"4th Place (No Award)","None","Abrams / Hamilton","Thomas Hamilton","Dan Abrams"
"ERS Boston 2024 - A Spikeball Challenger","2024","2024-08-10","Boston, MA, US","Mixed Advanced 4.0+ (Sunday)","Lower Division (Medals)",1,"🥇 Gold Medal","None","Princess","Maxime Prince","Laurence Vallée"
"ERS Boston 2024 - A Spikeball Challenger","2024","2024-08-10","Boston, MA, US","Mixed Advanced 4.0+ (Sunday)","Lower Division (Medals)",2,"🥈 Silver Medal","None","False Confidence","Henry Pilliod","Katheleen Phan"
"ERS Boston 2024 - A Spikeball Challenger","2024","2024-08-10","Boston, MA, US","Mixed Advanced 4.0+ (Sunday)","Lower Division (Medals)",3,"🥉 Bronze Medal","None","California Girls","Lucas Pruett","Malia Wanderer"
"ERS Boston 2024 - A Spikeball Challenger","2024","2024-08-10","Boston, MA, US","Mixed Advanced 4.0+ (Sunday)","Lower Division (Medals)",4,"4th Place (No Award)","None","Meagan/Joey","Meagan Bown","Joey Maichen"
"ERS Boston 2024 - A Spikeball Challenger","2024","2024-08-10","Boston, MA, US","Open Advanced 3.5-4.0","Lower Division (Medals)",1,"🥇 Gold Medal","None","Siena Spikeball","Michael Vilardo","Brendan Kasuba"
"ERS Boston 2024 - A Spikeball Challenger","2024","2024-08-10","Boston, MA, US","Open Advanced 3.5-4.0","Lower Division (Medals)",2,"🥈 Silver Medal","None","Gabagool","Benjamin Gardiner","Joel Morrell"
"ERS Boston 2024 - A Spikeball Challenger","2024","2024-08-10","Boston, MA, US","Open Advanced 3.5-4.0","Lower Division (Medals)",3,"🥉 Bronze Medal","None","Whaling Wizards","Andres Marquez","Eric Holt"
"ERS Boston 2024 - A Spikeball Challenger","2024","2024-08-10","Boston, MA, US","Open Advanced 3.5-4.0","Lower Division (Medals)",4,"4th Place (No Award)","None","Freezer Tarps","David Craft","Reuben Philip"
"Illinois State Championship","2024","2024-08-10","Mount Prospect, IL, US","Expert(4.5+)","Lower Division (Medals)",1,"🥇 Gold Medal","None","Bow Bow Bow","Mitch Kelley","Neal Bergman"
"Illinois State Championship","2024","2024-08-10","Mount Prospect, IL, US","Expert(4.5+)","Lower Division (Medals)",2,"🥈 Silver Medal","None","Chorn on the Cob","Clifford Amadeo LeVeque","Chris Wilkins"
"Illinois State Championship","2024","2024-08-10","Mount Prospect, IL, US","Expert(4.5+)","Lower Division (Medals)",3,"🥉 Bronze Medal","None","24 and Me","Louie Simbajon","Joey Reynolds"
"Illinois State Championship","2024","2024-08-10","Mount Prospect, IL, US","Expert(4.5+)","Lower Division (Medals)",4,"4th Place (No Award)","None","Brown Boys","Kenny Velu","Andrew Perez"
"BANG the peoples championship","2024","2024-08-17","Livonia, MI, US","Premier","Top Tier (Glassware)",1,"🍺 Pitcher (1st Place Glassware)","Pitcher","Rogue","Thomas Hamilton","Ryan Marino"
"BANG the peoples championship","2024","2024-08-17","Livonia, MI, US","Premier","Top Tier (Glassware)",2,"🍻 Tankard (2nd Place Glassware)","Tankard / Cup","Swamp Donkeys","Etienne Cote","Emerson Dean"
"BANG the peoples championship","2024","2024-08-17","Livonia, MI, US","Premier","Top Tier (Glassware)",3,"🥃 Shot Glass (3rd Place Glassware)","Shot Glass / Horn","Gooey Lipps ","Owen Lippman","Sunny Gu"
"BANG the peoples championship","2024","2024-08-17","Livonia, MI, US","Premier","Top Tier (Glassware)",4,"4th Place (No Award)","None","Babin & Laurin","Tyler Babin","Olivier Laurin"
"BANG the peoples championship","2024","2024-08-17","Livonia, MI, US","Contender","Top Tier (Glassware)",1,"🍺 Pitcher (1st Place Glassware)","Pitcher","Deep Dive","Maciah Aldrich","Hayden Carlson"
"BANG the peoples championship","2024","2024-08-17","Livonia, MI, US","Contender","Top Tier (Glassware)",2,"🍻 Tankard (2nd Place Glassware)","Tankard / Cup","Single Entendre","Seth Huggard","Josiah McKinney"
"BANG the peoples championship","2024","2024-08-17","Livonia, MI, US","Contender","Top Tier (Glassware)",3,"🥃 Shot Glass (3rd Place Glassware)","Shot Glass / Horn","Yeti","Jacob Corbett","Sam Dunlevy"
"BANG the peoples championship","2024","2024-08-17","Livonia, MI, US","Contender","Top Tier (Glassware)",4,"4th Place (No Award)","None","t-ball","Tate Geiser","Tommy Oddo"
"Smoothie King Cup - ERS Albany 2024","2024","2024-09-07","Albany, NY, US","Open 3.5-4.0","Lower Division (Medals)",1,"🥇 Gold Medal","None","It’s Nathan Time","Eddie Wu","Nathaniel Cuenca"
"Smoothie King Cup - ERS Albany 2024","2024","2024-09-07","Albany, NY, US","Open 3.5-4.0","Lower Division (Medals)",1,"🥇 Gold Medal","None","Chicago Handshake","David Xu","Riley Chenard"
"Smoothie King Cup - ERS Albany 2024","2024","2024-09-07","Albany, NY, US","Open 3.5-4.0","Lower Division (Medals)",3,"🥉 Bronze Medal","None","Receive these balls","Benigno Mckain","Will Janusz"
"Smoothie King Cup - ERS Albany 2024","2024","2024-09-07","Albany, NY, US","Open 3.5-4.0","Lower Division (Medals)",3,"🥉 Bronze Medal","None","Receive Pressure","Jacob Sisco","Alex Heimov"
"Smoothie King Cup - ERS Albany 2024","2024","2024-09-07","Albany, NY, US","Open 2.0-3.0","Lower Division (Medals)",1,"🥇 Gold Medal","None","sherms","Mason Hansen","izak krajeski"
"Smoothie King Cup - ERS Albany 2024","2024","2024-09-07","Albany, NY, US","Open 2.0-3.0","Lower Division (Medals)",2,"🥈 Silver Medal","None","Speedy Rabbits","Chad Lewandowski","Walter Withrow"
"Smoothie King Cup - ERS Albany 2024","2024","2024-09-07","Albany, NY, US","Open 2.0-3.0","Lower Division (Medals)",3,"🥉 Bronze Medal","None","Double T","Thomas Chin","Tyler Leach"
"Smoothie King Cup - ERS Albany 2024","2024","2024-09-07","Albany, NY, US","Open 2.0-3.0","Lower Division (Medals)",4,"4th Place (No Award)","None","Goin Ballin'","Nayib Mall","Peter Meehan"
"Smoothie King Cup - ERS Albany 2024","2024","2024-09-07","Albany, NY, US","Open 4.5+","Lower Division (Medals)",1,"🥇 Gold Medal","None","Sah ECCITEDD","Sunny Gu","Thomas Hoffman"
"Smoothie King Cup - ERS Albany 2024","2024","2024-09-07","Albany, NY, US","Open 4.5+","Lower Division (Medals)",2,"🥈 Silver Medal","None","White Lotus Roundnet ","Ely Marciano","Mitchell Carter"
"Smoothie King Cup - ERS Albany 2024","2024","2024-09-07","Albany, NY, US","Open 4.5+","Lower Division (Medals)",3,"🥉 Bronze Medal","None","Happy Heffalumps","Michael Catuccio","Matt Catuccio"
"Smoothie King Cup - ERS Albany 2024","2024","2024-09-07","Albany, NY, US","Open 4.5+","Lower Division (Medals)",4,"4th Place (No Award)","None","Unnecessarily Cheeky","Brandon Spector","blake rock"
"Heatwave Classic VII","2024","2024-09-07","Dallas, TX, US","Premier 5.0","Top Tier (Glassware)",1,"🍺 Pitcher (1st Place Glassware)","Pitcher","3 Plate Combo","Matthew Cole","Luke Mowry"
"Heatwave Classic VII","2024","2024-09-07","Dallas, TX, US","Premier 5.0","Top Tier (Glassware)",2,"🍻 Tankard (2nd Place Glassware)","Tankard / Cup","NEM Phantom","Tyler Fernandez","Caleb Cummings"
"Heatwave Classic VII","2024","2024-09-07","Dallas, TX, US","Premier 5.0","Top Tier (Glassware)",3,"🥃 Shot Glass (3rd Place Glassware)","Shot Glass / Horn","Abrams/Rose","Kieran Rose","Dan Abrams"
"Heatwave Classic VII","2024","2024-09-07","Dallas, TX, US","Premier 5.0","Top Tier (Glassware)",4,"4th Place (No Award)","None","Dinomite","Charlie Camarena","Auriel Wish"
"Heatwave Classic VII","2024","2024-09-07","Dallas, TX, US","Contender 4.5","Top Tier (Glassware)",1,"🍺 Pitcher (1st Place Glassware)","Pitcher","Reverse! Reverse!","Caleb Allen","Felipe Martinez"
"Heatwave Classic VII","2024","2024-09-07","Dallas, TX, US","Contender 4.5","Top Tier (Glassware)",2,"🍻 Tankard (2nd Place Glassware)","Tankard / Cup","Quinntin Tarantimo","Quinn Hufler","Tim Gaskin"
"Heatwave Classic VII","2024","2024-09-07","Dallas, TX, US","Contender 4.5","Top Tier (Glassware)",3,"🥃 Shot Glass (3rd Place Glassware)","Shot Glass / Horn","Straight Outta Brittingham","Anthony Winney","Devon Lee"
"Heatwave Classic VII","2024","2024-09-07","Dallas, TX, US","Contender 4.5","Top Tier (Glassware)",4,"4th Place (No Award)","None","Ultralight Beam","Jack Stinson","Jared Almon"
"Back-to-School Major","2024","2024-09-07","Millcreek, UT, US","HS / Recreational","Top Tier (Glassware)",1,"🍺 Pitcher (1st Place Glassware)","Pitcher","Squeeze money","TATE SQUIRES","Carter Enloe"
"Back-to-School Major","2024","2024-09-07","Millcreek, UT, US","HS / Recreational","Top Tier (Glassware)",2,"🍻 Tankard (2nd Place Glassware)","Tankard / Cup","BROCK AND HARDY","Austin Hardy","Brock Gibson"
"Back-to-School Major","2024","2024-09-07","Millcreek, UT, US","HS / Recreational","Top Tier (Glassware)",3,"🥃 Shot Glass (3rd Place Glassware)","Shot Glass / Horn","Aceholes","Ander Lovell","Rex Atkinson"
"Back-to-School Major","2024","2024-09-07","Millcreek, UT, US","HS / Recreational","Top Tier (Glassware)",4,"4th Place (No Award)","None","Pound Town","Liam Neuenschwander","Sam Parker"
"Back-to-School Major","2024","2024-09-07","Millcreek, UT, US","5.0 Premier","Top Tier (Glassware)",1,"🍺 Pitcher (1st Place Glassware)","Pitcher","Chandler is my handler","Garrett Carver","Chandler Hertzler"
"Back-to-School Major","2024","2024-09-07","Millcreek, UT, US","5.0 Premier","Top Tier (Glassware)",2,"🍻 Tankard (2nd Place Glassware)","Tankard / Cup","#nerfkyler","Kyler Cote","Jake LeBaron"
"Back-to-School Major","2024","2024-09-07","Millcreek, UT, US","5.0 Premier","Top Tier (Glassware)",3,"🥃 Shot Glass (3rd Place Glassware)","Shot Glass / Horn","Bucketeers","Trevor Zaleski","Matt Barlow"
"Back-to-School Major","2024","2024-09-07","Millcreek, UT, US","5.0 Premier","Top Tier (Glassware)",4,"4th Place (No Award)","None","Pardon My French","Tanner Scherwinski","Bryant Karratti"
"Back-to-School Major","2024","2024-09-07","Millcreek, UT, US","4.5 Elite","Top Tier (Glassware)",1,"🍺 Pitcher (1st Place Glassware)","Pitcher","Domain Expansion","Joshua Lin","Jayden Nguyen"
"Back-to-School Major","2024","2024-09-07","Millcreek, UT, US","4.5 Elite","Top Tier (Glassware)",2,"🍻 Tankard (2nd Place Glassware)","Tankard / Cup","Cougar Pitt","Camden Sandberg","Nick Genkinger"
"Back-to-School Major","2024","2024-09-07","Millcreek, UT, US","4.5 Elite","Top Tier (Glassware)",3,"🥃 Shot Glass (3rd Place Glassware)","Shot Glass / Horn","Fang","Daniel Feller","Alex Tamang"
"Back-to-School Major","2024","2024-09-07","Millcreek, UT, US","4.5 Elite","Top Tier (Glassware)",4,"4th Place (No Award)","None","Wombo Combo","Alex Goates","Cooper Jenkins"
"Back-to-School Major","2024","2024-09-07","Millcreek, UT, US","4.0 Advanced","Top Tier (Glassware)",1,"🍺 Pitcher (1st Place Glassware)","Pitcher","Sanfords Children","Zach Rich","Jaxon Rich"
"Back-to-School Major","2024","2024-09-07","Millcreek, UT, US","4.0 Advanced","Top Tier (Glassware)",2,"🍻 Tankard (2nd Place Glassware)","Tankard / Cup","Slammo Roundnet","Becca Feller","Daniel Wight"
"Back-to-School Major","2024","2024-09-07","Millcreek, UT, US","4.0 Advanced","Top Tier (Glassware)",3,"🥃 Shot Glass (3rd Place Glassware)","Shot Glass / Horn","Ball Busters","Brayden Evans","Micah Campbell"
"Back-to-School Major","2024","2024-09-07","Millcreek, UT, US","4.0 Advanced","Top Tier (Glassware)",4,"4th Place (No Award)","None","giggle gang","Sidney Parker","Braydon Oler"
"California Roundnet Open #5- NorCal","2024","2024-10-05","Menlo Park, CA, US","2.0-4.0 Contender","Lower Division (Medals)",1,"🥇 Gold Medal","None","Poutine Powered","Brian Quach","George Zywiel"
"California Roundnet Open #5- NorCal","2024","2024-10-05","Menlo Park, CA, US","2.0-4.0 Contender","Lower Division (Medals)",2,"🥈 Silver Medal","None","Da Bois","Emmanuel Flores","Michael Leung"
"California Roundnet Open #5- NorCal","2024","2024-10-05","Menlo Park, CA, US","2.0-4.0 Contender","Lower Division (Medals)",3,"🥉 Bronze Medal","None","Jonas/Gavin","Jonas Frost","Gavin Hansen"
"California Roundnet Open #5- NorCal","2024","2024-10-05","Menlo Park, CA, US","2.0-4.0 Contender","Lower Division (Medals)",4,"4th Place (No Award)","None","Chicharron Boys","Justin Estores","Ryan Michelfelder"
"California Roundnet Open #5- NorCal","2024","2024-10-05","Menlo Park, CA, US","5.0 Expert","Lower Division (Medals)",1,"🥇 Gold Medal","None","Nelson / Lowe","Elle Lowe","Connor Nelson"
"California Roundnet Open #5- NorCal","2024","2024-10-05","Menlo Park, CA, US","5.0 Expert","Lower Division (Medals)",2,"🥈 Silver Medal","None","Big Slick","Michael Du","Nathan Robertt"
"California Roundnet Open #5- NorCal","2024","2024-10-05","Menlo Park, CA, US","5.0 Expert","Lower Division (Medals)",3,"🥉 Bronze Medal","None","De 916","Clifton Miller","Trevor Barbosa"
"California Roundnet Open #5- NorCal","2024","2024-10-05","Menlo Park, CA, US","5.0 Expert","Lower Division (Medals)",4,"4th Place (No Award)","None","The Blind Bandits","Noah Saddik","Joey Carmichael"
"The 2024 Spikeball Tour Series Championship","2024","2024-10-12","Rock Hill, SC, US","Premier +5.0","Top Tier (Glassware)",1,"🍺 Pitcher (1st Place Glassware)","Pitcher","Glizzy Gladiators","Polk Denmark","Jacob Summers"
"The 2024 Spikeball Tour Series Championship","2024","2024-10-12","Rock Hill, SC, US","Premier +5.0","Top Tier (Glassware)",2,"🍻 Tankard (2nd Place Glassware)","Tankard / Cup","Chu là","Thomas Dery","Guillaume Bilodeau"
"The 2024 Spikeball Tour Series Championship","2024","2024-10-12","Rock Hill, SC, US","Premier +5.0","Top Tier (Glassware)",3,"🥃 Shot Glass (3rd Place Glassware)","Shot Glass / Horn","FreeELO","Clifford Amadeo LeVeque","Nick Evanko"
"The 2024 Spikeball Tour Series Championship","2024","2024-10-12","Rock Hill, SC, US","Premier +5.0","Top Tier (Glassware)",4,"4th Place (No Award)","None","The Diamond Dogs","Reid Pfutzenreuter","Bennett Anderson"
"The 2024 Spikeball Tour Series Championship","2024","2024-10-12","Rock Hill, SC, US","Contender 4.5+","Top Tier (Glassware)",1,"🍺 Pitcher (1st Place Glassware)","Pitcher","Centros","Jon Esposo","Jaxon Gonzalez"
"The 2024 Spikeball Tour Series Championship","2024","2024-10-12","Rock Hill, SC, US","Contender 4.5+","Top Tier (Glassware)",1,"🍺 Pitcher (1st Place Glassware)","Pitcher","Budster","Keith Fleischmann","Maxwell McNally"
"The 2024 Spikeball Tour Series Championship","2024","2024-10-12","Rock Hill, SC, US","Contender 4.5+","Top Tier (Glassware)",3,"🥃 Shot Glass (3rd Place Glassware)","Shot Glass / Horn","Pick Pockets","Riley Redmon","Joel Hoffler"
"The 2024 Spikeball Tour Series Championship","2024","2024-10-12","Rock Hill, SC, US","Contender 4.5+","Top Tier (Glassware)",4,"4th Place (No Award)","None","Seazoned","Brent Summers","Zach Snover"
"The 2024 Spikeball Tour Series Championship","2024","2024-10-12","Rock Hill, SC, US","Women's Int/Adv 2.0-4.0+","Top Tier (Glassware)",1,"🍺 Pitcher (1st Place Glassware)","Pitcher","nail salon","Corrie Velder","McKenna McKean"
"The 2024 Spikeball Tour Series Championship","2024","2024-10-12","Rock Hill, SC, US","Women's Int/Adv 2.0-4.0+","Top Tier (Glassware)",2,"🍻 Tankard (2nd Place Glassware)","Tankard / Cup","Splash Bros","Maddie Huffstetler","Christina Nikas"
"The 2024 Spikeball Tour Series Championship","2024","2024-10-12","Rock Hill, SC, US","Women's Int/Adv 2.0-4.0+","Top Tier (Glassware)",3,"🥃 Shot Glass (3rd Place Glassware)","Shot Glass / Horn","BHADDIES","Sylvia Dean","Jaime Cunningham"
"The 2024 Spikeball Tour Series Championship","2024","2024-10-12","Rock Hill, SC, US","Women's Int/Adv 2.0-4.0+","Top Tier (Glassware)",3,"🥃 Shot Glass (3rd Place Glassware)","Shot Glass / Horn","yu yu yu me me yu yu me","Michelle Yu","Holly Yu"
"The 2024 Spikeball Tour Series Championship","2024","2024-10-12","Rock Hill, SC, US","Advanced 4.0","Top Tier (Glassware)",1,"🍺 Pitcher (1st Place Glassware)","Pitcher","Double Faultz","Collin Cook","Matthew Hetrick"
"The 2024 Spikeball Tour Series Championship","2024","2024-10-12","Rock Hill, SC, US","Advanced 4.0","Top Tier (Glassware)",2,"🍻 Tankard (2nd Place Glassware)","Tankard / Cup","2 Stroke","Ronin Harper","Steven Lewis"
"The 2024 Spikeball Tour Series Championship","2024","2024-10-12","Rock Hill, SC, US","Advanced 4.0","Top Tier (Glassware)",3,"🥃 Shot Glass (3rd Place Glassware)","Shot Glass / Horn","Aang Gang","Hudson Walker","Jonah Walker"
"The 2024 Spikeball Tour Series Championship","2024","2024-10-12","Rock Hill, SC, US","Advanced 4.0","Top Tier (Glassware)",4,"4th Place (No Award)","None","Double faulters","cameron turner","Damian Maldonado"
"The 2024 Spikeball Tour Series Championship","2024","2024-10-12","Rock Hill, SC, US","Mixed Pro 5.5+ (Sunday)","Top Tier (Glassware)",1,"🍺 Pitcher (1st Place Glassware)","Pitcher","Chalk","Katheleen Phan","Katie Pierson"
"The 2024 Spikeball Tour Series Championship","2024","2024-10-12","Rock Hill, SC, US","Mixed Pro 5.5+ (Sunday)","Top Tier (Glassware)",2,"🍻 Tankard (2nd Place Glassware)","Tankard / Cup","All we do is win","Maxime Prince","Karah Hui"
"The 2024 Spikeball Tour Series Championship","2024","2024-10-12","Rock Hill, SC, US","Mixed Pro 5.5+ (Sunday)","Top Tier (Glassware)",3,"🥃 Shot Glass (3rd Place Glassware)","Shot Glass / Horn","Auf Lock","Laura Kunzelmann","Sarah Allen"
"The 2024 Spikeball Tour Series Championship","2024","2024-10-12","Rock Hill, SC, US","Mixed Pro 5.5+ (Sunday)","Top Tier (Glassware)",4,"4th Place (No Award)","None","🇪🇺","Peer Kanis","Megan Leybourne"
"The 2024 Spikeball Tour Series Championship","2024","2024-10-12","Rock Hill, SC, US","Rally Ball Experimental (Sunday)","Top Tier (Glassware)",1,"🍺 Pitcher (1st Place Glassware)","Pitcher","We're In Debt","Micah Allin","Tyler Fernandez"
"The 2024 Spikeball Tour Series Championship","2024","2024-10-12","Rock Hill, SC, US","Rally Ball Experimental (Sunday)","Top Tier (Glassware)",2,"🍻 Tankard (2nd Place Glassware)","Tankard / Cup","David/Thomas","David Gonzales","Thomas Hamilton"
"The 2024 Spikeball Tour Series Championship","2024","2024-10-12","Rock Hill, SC, US","Rally Ball Experimental (Sunday)","Top Tier (Glassware)",3,"🥃 Shot Glass (3rd Place Glassware)","Shot Glass / Horn","GWR Dantowitz / Gross","Ryan Gross","Ben Dantowitz"
"The 2024 Spikeball Tour Series Championship","2024","2024-10-12","Rock Hill, SC, US","Rally Ball Experimental (Sunday)","Top Tier (Glassware)",3,"🥃 Shot Glass (3rd Place Glassware)","Shot Glass / Horn","Few Peas Short ","Joe Bondi","Henry Switz"
"The 2024 Spikeball Tour Series Championship","2024","2024-10-12","Rock Hill, SC, US","Mixed Advanced 4.5+ (Sunday)","Top Tier (Glassware)",1,"🍺 Pitcher (1st Place Glassware)","Pitcher","Airborne","Lou Washburn","Robin Florinda"
"The 2024 Spikeball Tour Series Championship","2024","2024-10-12","Rock Hill, SC, US","Mixed Advanced 4.5+ (Sunday)","Top Tier (Glassware)",2,"🍻 Tankard (2nd Place Glassware)","Tankard / Cup","JQ^2","Jhanaj Quispe","Josef Quispe"
"The 2024 Spikeball Tour Series Championship","2024","2024-10-12","Rock Hill, SC, US","Mixed Advanced 4.5+ (Sunday)","Top Tier (Glassware)",3,"🥃 Shot Glass (3rd Place Glassware)","Shot Glass / Horn","go bears","Caleb Cummings","Joanna Gould"
"The 2024 Spikeball Tour Series Championship","2024","2024-10-12","Rock Hill, SC, US","Mixed Advanced 4.5+ (Sunday)","Top Tier (Glassware)",4,"4th Place (No Award)","None","tyves","Tiff Ding","Yves Tschan"
"The 2024 Spikeball Tour Series Championship","2024","2024-10-12","Rock Hill, SC, US","Open Pro 6.0+","Top Tier (Glassware)",1,"🍺 Pitcher (1st Place Glassware)","Pitcher","Ultra Instinct","Gabriel Finocchi","Thomas Hamilton"
"The 2024 Spikeball Tour Series Championship","2024","2024-10-12","Rock Hill, SC, US","Open Pro 6.0+","Top Tier (Glassware)",2,"🍻 Tankard (2nd Place Glassware)","Tankard / Cup","J.A.R.V.I.S.","Josh Fragiacomo","Connor Nelson"
"The 2024 Spikeball Tour Series Championship","2024","2024-10-12","Rock Hill, SC, US","Open Pro 6.0+","Top Tier (Glassware)",3,"🥃 Shot Glass (3rd Place Glassware)","Shot Glass / Horn","Eisenträger/Siemer","Eisenträger Lukas","Paul Siemer"
"The 2024 Spikeball Tour Series Championship","2024","2024-10-12","Rock Hill, SC, US","Open Pro 6.0+","Top Tier (Glassware)",4,"4th Place (No Award)","None","Insystem","Etienne Cote","Blake Bosak"
"The 2024 Spikeball Tour Series Championship","2024","2024-10-12","Rock Hill, SC, US","Women's Pro 5.0+","Top Tier (Glassware)",1,"🍺 Pitcher (1st Place Glassware)","Pitcher","Nova","Laura Kunzelmann","Inès Paysan"
"The 2024 Spikeball Tour Series Championship","2024","2024-10-12","Rock Hill, SC, US","Women's Pro 5.0+","Top Tier (Glassware)",2,"🍻 Tankard (2nd Place Glassware)","Tankard / Cup","Pierson/Phan","Katheleen Phan","Katie Pierson"
"The 2024 Spikeball Tour Series Championship","2024","2024-10-12","Rock Hill, SC, US","Women's Pro 5.0+","Top Tier (Glassware)",3,"🥃 Shot Glass (3rd Place Glassware)","Shot Glass / Horn","THUS Parabatai","Kalin Morgan","Kayla Wu-Fleming"
"The 2024 Spikeball Tour Series Championship","2024","2024-10-12","Rock Hill, SC, US","Women's Pro 5.0+","Top Tier (Glassware)",4,"4th Place (No Award)","None","Carry Set","Malia Wanderer","Abigale Lamontagne"
"California Roundnet Regionals #3 - SLO","2024","2024-10-26","Santa Maria, CA, US","5.0 Expert","Lower Division (Medals)",1,"🥇 Gold Medal","None","Endgame","Josh Fragiacomo","Trevor Barbosa"
"California Roundnet Regionals #3 - SLO","2024","2024-10-26","Santa Maria, CA, US","5.0 Expert","Lower Division (Medals)",2,"🥈 Silver Medal","None","Fractal Spikes","Connor Nelson","Michael Du"
"California Roundnet Regionals #3 - SLO","2024","2024-10-26","Santa Maria, CA, US","5.0 Expert","Lower Division (Medals)",3,"🥉 Bronze Medal","None","Flagship","Joseph Kaylor","Lucas Pruett"
"California Roundnet Regionals #3 - SLO","2024","2024-10-26","Santa Maria, CA, US","5.0 Expert","Lower Division (Medals)",4,"4th Place (No Award)","None","Dialed","Josh Cain","Luke Pennington"
"California Roundnet Regionals #3 - SLO","2024","2024-10-26","Santa Maria, CA, US","4.5 Contender","Lower Division (Medals)",1,"🥇 Gold Medal","None","Eli/kelvin","Eli Wortman","Calvin Chang"
"California Roundnet Regionals #3 - SLO","2024","2024-10-26","Santa Maria, CA, US","4.5 Contender","Lower Division (Medals)",2,"🥈 Silver Medal","None","Naughty Ninjas","Dante Benedetti","Gabriel Rouse"
"California Roundnet Regionals #3 - SLO","2024","2024-10-26","Santa Maria, CA, US","4.5 Contender","Lower Division (Medals)",3,"🥉 Bronze Medal","None","Net Worth","Aiden Edwards","Hunter Koth"
"California Roundnet Regionals #3 - SLO","2024","2024-10-26","Santa Maria, CA, US","4.5 Contender","Lower Division (Medals)",4,"4th Place (No Award)","None","Jake/Aubrey","Aubrey Lilomaiava","Jake Young"
"California Roundnet Regionals #3 - SLO","2024","2024-10-26","Santa Maria, CA, US","4.5 Womens","Lower Division (Medals)",1,"🥇 Gold Medal","None","Black and ElleLowe","Elle Lowe","Perrin York"
"California Roundnet Regionals #3 - SLO","2024","2024-10-26","Santa Maria, CA, US","4.5 Womens","Lower Division (Medals)",2,"🥈 Silver Medal","None","hb shaygo and kim possible","Sebastiani Kim","Shaina Berk"
"California Roundnet Regionals #3 - SLO","2024","2024-10-26","Santa Maria, CA, US","4.5 Womens","Lower Division (Medals)",3,"🥉 Bronze Medal","None","Alex/Adrianna","Adrianna Grothause","Alex Veron"
"California Roundnet Regionals #3 - SLO","2024","2024-10-26","Santa Maria, CA, US","4.5 Womens","Lower Division (Medals)",4,"4th Place (No Award)","None","JoAlle","Ally Chou","Joelle Nguyen"
"California Roundnet Regionals #3 - SLO","2024","2024-10-26","Santa Maria, CA, US","4.0 Mixed","Lower Division (Medals)",1,"🥇 Gold Medal","None","Not Pro and Con","Connor Nelson","Abby Cham"
"California Roundnet Regionals #3 - SLO","2024","2024-10-26","Santa Maria, CA, US","4.0 Mixed","Lower Division (Medals)",2,"🥈 Silver Medal","None","Origami","Trevor Barbosa","Sebastiani Kim"
"California Roundnet Regionals #3 - SLO","2024","2024-10-26","Santa Maria, CA, US","4.0 Mixed","Lower Division (Medals)",3,"🥉 Bronze Medal","None","National Sexual Tension Day","Adrianna Grothause","Joseph Kaylor"
"California Roundnet Regionals #3 - SLO","2024","2024-10-26","Santa Maria, CA, US","4.0 Mixed","Lower Division (Medals)",4,"4th Place (No Award)","None","Brain Activity Meeting Room Table","Lucas Pruett","Perrin York"
"ERS Championship 2024","2024","2024-12-21","Palmyra, PA, US","4.0-4.5 Open Advanced","Lower Division (Medals)",1,"🥇 Gold Medal","None","Deadly Left","Diego Lopez","Luke Trexler"
"ERS Championship 2024","2024","2024-12-21","Palmyra, PA, US","4.0-4.5 Open Advanced","Lower Division (Medals)",2,"🥈 Silver Medal","None","jojo tiwa","Tiff Ding","Joanna Gould"
"ERS Championship 2024","2024","2024-12-21","Palmyra, PA, US","4.0-4.5 Open Advanced","Lower Division (Medals)",3,"🥉 Bronze Medal","None","Front Pocket","Michael Tracey","James Halpin"
"ERS Championship 2024","2024","2024-12-21","Palmyra, PA, US","4.0-4.5 Open Advanced","Lower Division (Medals)",4,"4th Place (No Award)","None","FRK Freakbob","Isaac Mixon","Lourna Szabanos"
"ERS Championship 2024","2024","2024-12-21","Palmyra, PA, US","5.0+ Open","Lower Division (Medals)",1,"🥇 Gold Medal","None","LL MKUltra","Mike Garrett","Gabriel Finocchi"
"ERS Championship 2024","2024","2024-12-21","Palmyra, PA, US","5.0+ Open","Lower Division (Medals)",2,"🥈 Silver Medal","None","TRP Abrams/ Picone ☀️🚿 ","Will Picone","Dan Abrams"
"ERS Championship 2024","2024","2024-12-21","Palmyra, PA, US","5.0+ Open","Lower Division (Medals)",3,"🥉 Bronze Medal","None","Gross Gu","Sunny Gu","Ryan Gross"
"ERS Championship 2024","2024","2024-12-21","Palmyra, PA, US","5.0+ Open","Lower Division (Medals)",4,"4th Place (No Award)","None","HIT ME HARD AND SOFT","Henry Pilliod","Demitri Forand"