Tournament,Year,Date,Location,Division,DivisionTier,Place,Award,GlasswareType,Team,Player1,Player2
"USA Roundnet National Team Qualifier — Atlanta","2022","2022-05-14","Marietta, GA, US","Men's 4.5-5.0+","Lower Division (Medals)",1,"🥇 Gold Medal","None","Assistive Touch","Clark Marshall","Buddy Hammon"
"USA Roundnet National Team Qualifier — Atlanta","2022","2022-05-14","Marietta, GA, US","Men's 4.5-5.0+","Lower Division (Medals)",2,"🥈 Silver Medal","None","Air Buds","Will Picone","Coleman Epperson"
"USA Roundnet National Team Qualifier — Atlanta","2022","2022-05-14","Marietta, GA, US","Men's 4.5-5.0+","Lower Division (Medals)",3,"🥉 Bronze Medal","None","Finocchi/Model","Max Model","Gabe Finocchi"
"USA Roundnet National Team Qualifier — Atlanta","2022","2022-05-14","Marietta, GA, US","Men's 4.5-5.0+","Lower Division (Medals)",4,"4th Place (No Award)","None","Kingdom Come","Grant Klapwijk","Matthew Cole"
"USA Roundnet National Team Qualifier — Atlanta","2022","2022-05-14","Marietta, GA, US","Women's 4.5-5.0+","Lower Division (Medals)",1,"🥇 Gold Medal","None","TWINZ","Ali Jenki","Olivia Jenki"
"USA Roundnet National Team Qualifier — Atlanta","2022","2022-05-14","Marietta, GA, US","Women's 4.5-5.0+","Lower Division (Medals)",2,"🥈 Silver Medal","None","Graham/Rogers","Becca Graham","Alli Kauffman Rogers"
"USA Roundnet National Team Qualifier — Atlanta","2022","2022-05-14","Marietta, GA, US","Women's 4.5-5.0+","Lower Division (Medals)",3,"🥉 Bronze Medal","None","Tile Swap","Sarah Allen","Julia Timan"
"Waco Major","2023","2023-02-18","Waco, TX, US","Advanced 4.0","Lower Division (Medals)",1,"🥇 Gold Medal","None","MFFLs","Jackson Oliver","Rhett Howe"
"Waco Major","2023","2023-02-18","Waco, TX, US","Advanced 4.0","Lower Division (Medals)",2,"🥈 Silver Medal","None","New Cut","Hayden Woolard","David Z"
"Waco Major","2023","2023-02-18","Waco, TX, US","Advanced 4.0","Lower Division (Medals)",3,"🥉 Bronze Medal","None","Flummoxed","Robert Sellers","Dylan Jimenez"
"Waco Major","2023","2023-02-18","Waco, TX, US","Advanced 4.0","Lower Division (Medals)",4,"4th Place (No Award)","None","Every Day BBQ","Cooper Diaz","Kyle Daily"
"Waco Major","2023","2023-02-18","Waco, TX, US","Gold 5.0","Lower Division (Medals)",1,"🥇 Gold Medal","None","NEM Phantom","Tyler Fernandez","Caleb Cummings"
"Waco Major","2023","2023-02-18","Waco, TX, US","Gold 5.0","Lower Division (Medals)",2,"🥈 Silver Medal","None","WySpike FIFO","Matthew Burrows","Garrett Hornok"
"Waco Major","2023","2023-02-18","Waco, TX, US","Gold 5.0","Lower Division (Medals)",3,"🥉 Bronze Medal","None","Chump Change","Fredric Hinkle","Grayson M  Wills"
"Waco Major","2023","2023-02-18","Waco, TX, US","Gold 5.0","Lower Division (Medals)",4,"4th Place (No Award)","None","WySpike Sweepers","Colton Mowry","Nick Noguez"
"Stanton Open #1 - California Roundnet","2023","2023-03-18","Stanton, CA, US","Mixed 4.5","Lower Division (Medals)",1,"🥇 Gold Medal","None","Don’t Touch Jenny","Karah Hui","Brandon Brown"
"Stanton Open #1 - California Roundnet","2023","2023-03-18","Stanton, CA, US","Mixed 4.5","Lower Division (Medals)",2,"🥈 Silver Medal","None","Assistant to the Chef ","Josh Fragiacomo","Christine Chang"
"Stanton Open #1 - California Roundnet","2023","2023-03-18","Stanton, CA, US","Mixed 4.5","Lower Division (Medals)",3,"🥉 Bronze Medal","None","Wusil","Kayla Wu-Fleming","Dean Wasil"
"Stanton Open #1 - California Roundnet","2023","2023-03-18","Stanton, CA, US","Mixed 4.5","Lower Division (Medals)",4,"4th Place (No Award)","None","Circumcised Bread","Joelle Nguyen","John Choi"
"Stanton Open #1 - California Roundnet","2023","2023-03-18","Stanton, CA, US","Expert 5.0","Lower Division (Medals)",1,"🥇 Gold Medal","None","Whopper? I barely know her","Josh Cain","Nick Wideman"
"Stanton Open #1 - California Roundnet","2023","2023-03-18","Stanton, CA, US","Expert 5.0","Lower Division (Medals)",2,"🥈 Silver Medal","None","Quality Service","Jacob Payer","Andrew Kosche"
"Stanton Open #1 - California Roundnet","2023","2023-03-18","Stanton, CA, US","Expert 5.0","Lower Division (Medals)",3,"🥉 Bronze Medal","None","Take it ez john","Ethan Zehr","John Choi"
"Stanton Open #1 - California Roundnet","2023","2023-03-18","Stanton, CA, US","Expert 5.0","Lower Division (Medals)",4,"4th Place (No Award)","None","JK.","Jason Rhoads","Kyan Kornfeld"
"Stanton Open #1 - California Roundnet","2023","2023-03-18","Stanton, CA, US","Contender 4.5","Lower Division (Medals)",1,"🥇 Gold Medal","None","Once Upon a Set","Jordan Guevara","Matt Sparks"
"Stanton Open #1 - California Roundnet","2023","2023-03-18","Stanton, CA, US","Contender 4.5","Lower Division (Medals)",2,"🥈 Silver Medal","None","Julian Baker Fan Club","Jai Parera","Arrow Griner"
"Stanton Open #1 - California Roundnet","2023","2023-03-18","Stanton, CA, US","Contender 4.5","Lower Division (Medals)",3,"🥉 Bronze Medal","None","Water Ice","Marc Baldwin","Aaron Treece"
"Stanton Open #1 - California Roundnet","2023","2023-03-18","Stanton, CA, US","Contender 4.5","Lower Division (Medals)",4,"4th Place (No Award)","None","Awkward Freestyle","Mitch Kennamore","Ryan Pho"
"Stanton Open #1 - California Roundnet","2023","2023-03-18","Stanton, CA, US","Womens 4.5","Lower Division (Medals)",1,"🥇 Gold Medal","None","Morehouse/Lowe","Elle Lowe","Maddy Morehouse"
"Stanton Open #1 - California Roundnet","2023","2023-03-18","Stanton, CA, US","Womens 4.5","Lower Division (Medals)",2,"🥈 Silver Medal","None","FURY","Ashley Ortlip","Joelle Nguyen"
"Stanton Open #1 - California Roundnet","2023","2023-03-18","Stanton, CA, US","Womens 4.5","Lower Division (Medals)",3,"🥉 Bronze Medal","None","Pristine sets and immaculate gets","Christine Chang","Perrin York"
"Stanton Open #1 - California Roundnet","2023","2023-03-18","Stanton, CA, US","Womens 4.5","Lower Division (Medals)",4,"4th Place (No Award)","None","Fire & Ice","Kayla Ngai","Sebastiani Kim"
"Stanton Open #1 - California Roundnet","2023","2023-03-18","Stanton, CA, US","Advanced 2.0+","Lower Division (Medals)",1,"🥇 Gold Medal","None","M&M","Michael Martinson","Maranda Gutierrez"
"Stanton Open #1 - California Roundnet","2023","2023-03-18","Stanton, CA, US","Advanced 2.0+","Lower Division (Medals)",2,"🥈 Silver Medal","None","Hawgz","Will Emenger","D’Angelo Bailey"
"Stanton Open #1 - California Roundnet","2023","2023-03-18","Stanton, CA, US","Advanced 2.0+","Lower Division (Medals)",3,"🥉 Bronze Medal","None","How I set your mother","Evan F","Nick T"
"Stanton Open #1 - California Roundnet","2023","2023-03-18","Stanton, CA, US","Advanced 2.0+","Lower Division (Medals)",3,"🥉 Bronze Medal","None","Alec & Sarah","Alec Matulka 'student'","Julian Baker"
"San Jose Open #2 -California Roundnet","2023","2023-04-01","Stanford, CA, US","Expert 4.0-5.0","Lower Division (Medals)",1,"🥇 Gold Medal","None","Shifty","Samuel Buckman","Trevor Barbosa"
"San Jose Open #2 -California Roundnet","2023","2023-04-01","Stanford, CA, US","Expert 4.0-5.0","Lower Division (Medals)",2,"🥈 Silver Medal","None","Oswalt / Schrag","Ryan Oswalt","Nathaniel Schrag"
"San Jose Open #2 -California Roundnet","2023","2023-04-01","Stanford, CA, US","Expert 4.0-5.0","Lower Division (Medals)",3,"🥉 Bronze Medal","None","Degenerational Wealth","brandon brown","Jason Rhoads"
"San Jose Open #2 -California Roundnet","2023","2023-04-01","Stanford, CA, US","Expert 4.0-5.0","Lower Division (Medals)",4,"4th Place (No Award)","None","Josh","Josh Cain","Josh Fragiacomo"
"Florida Roundnet Open - Spikeball Challenger 2023","2023","2023-04-01","Fleming Island, FL, US","Women's (3.0-5.0)","Lower Division (Medals)",1,"🥇 Gold Medal","None","Impulsive","Kalin Morgan","Olivia Jenki"
"Florida Roundnet Open - Spikeball Challenger 2023","2023","2023-04-01","Fleming Island, FL, US","Women's (3.0-5.0)","Lower Division (Medals)",2,"🥈 Silver Medal","None","Cat Daddies","Sarah Allen","Ali Jenki"
"Florida Roundnet Open - Spikeball Challenger 2023","2023","2023-04-01","Fleming Island, FL, US","Women's (3.0-5.0)","Lower Division (Medals)",3,"🥉 Bronze Medal","None","Morehouse/Pierson","Katie Pierson","Maddy Morehouse"
"Florida Roundnet Open - Spikeball Challenger 2023","2023","2023-04-01","Fleming Island, FL, US","Women's (3.0-5.0)","Lower Division (Medals)",4,"4th Place (No Award)","None","Space Monkeys 🚀🐒","Stef Ding","Rafaela Bastos"
"Florida Roundnet Open - Spikeball Challenger 2023","2023","2023-04-01","Fleming Island, FL, US","Mixed Intermediate (3.0)","Lower Division (Medals)",1,"🥇 Gold Medal","None","Lulu Limón","Julie Orozco","Luis Orozco"
"Florida Roundnet Open - Spikeball Challenger 2023","2023","2023-04-01","Fleming Island, FL, US","Mixed Intermediate (3.0)","Lower Division (Medals)",2,"🥈 Silver Medal","None","Sass to the Grass","Tim Daudelin","Katrina Gabriella"
"Florida Roundnet Open - Spikeball Challenger 2023","2023","2023-04-01","Fleming Island, FL, US","Mixed Intermediate (3.0)","Lower Division (Medals)",3,"🥉 Bronze Medal","None","Wics","Laura Castro","Jon Do"
"Florida Roundnet Open - Spikeball Challenger 2023","2023","2023-04-01","Fleming Island, FL, US","Mixed Intermediate (3.0)","Lower Division (Medals)",4,"4th Place (No Award)","None","Better late then never","Chris Perez","Brayden Einhaus"
"Florida Roundnet Open - Spikeball Challenger 2023","2023","2023-04-01","Fleming Island, FL, US","Intermediate (Open 3.0)","Lower Division (Medals)",1,"🥇 Gold Medal","None","Mello Yello","Brandon Depara","John Gomez"
"Florida Roundnet Open - Spikeball Challenger 2023","2023","2023-04-01","Fleming Island, FL, US","Intermediate (Open 3.0)","Lower Division (Medals)",2,"🥈 Silver Medal","None","visor bois","James Lightner","Paul Smith"
"Florida Roundnet Open - Spikeball Challenger 2023","2023","2023-04-01","Fleming Island, FL, US","Intermediate (Open 3.0)","Lower Division (Medals)",3,"🥉 Bronze Medal","None","Mirinda","Frederik Hardervig","Evan Karcher"
"Florida Roundnet Open - Spikeball Challenger 2023","2023","2023-04-01","Fleming Island, FL, US","Intermediate (Open 3.0)","Lower Division (Medals)",4,"4th Place (No Award)","None","[HRN] Shenanigans","Kelvin Xiao","Cesar Escalante"
"Florida Roundnet Open - Spikeball Challenger 2023","2023","2023-04-01","Fleming Island, FL, US","Contender (Open 4.5)","Lower Division (Medals)",1,"🥇 Gold Medal","None","Round 2 #notkayne","Alex Cook","Benjamin Goldfarb"
"Florida Roundnet Open - Spikeball Challenger 2023","2023","2023-04-01","Fleming Island, FL, US","Contender (Open 4.5)","Lower Division (Medals)",2,"🥈 Silver Medal","None","Y’all spike eh?","Nick Wideman","Ian Austin"
"Florida Roundnet Open - Spikeball Challenger 2023","2023","2023-04-01","Fleming Island, FL, US","Contender (Open 4.5)","Lower Division (Medals)",3,"🥉 Bronze Medal","None","Sauerkraut","Timo Lorenzen","Joshua Travis"
"Florida Roundnet Open - Spikeball Challenger 2023","2023","2023-04-01","Fleming Island, FL, US","Contender (Open 4.5)","Lower Division (Medals)",4,"4th Place (No Award)","None","E10","Bradley Clark","Daniel Haungs"
"Florida Roundnet Open - Spikeball Challenger 2023","2023","2023-04-01","Fleming Island, FL, US","Premier (5.0)","Lower Division (Medals)",1,"🥇 Gold Medal","None","Mermaid Sparkle","Christian Bennett","Noah Luskus"
"Florida Roundnet Open - Spikeball Challenger 2023","2023","2023-04-01","Fleming Island, FL, US","Premier (5.0)","Lower Division (Medals)",2,"🥈 Silver Medal","None","Insystem","Etienne Cote","Blake Bosak"
"Florida Roundnet Open - Spikeball Challenger 2023","2023","2023-04-01","Fleming Island, FL, US","Premier (5.0)","Lower Division (Medals)",3,"🥉 Bronze Medal","None","Clean Combo","Rahul Murthy","Ryan Gross"
"Florida Roundnet Open - Spikeball Challenger 2023","2023","2023-04-01","Fleming Island, FL, US","Premier (5.0)","Lower Division (Medals)",4,"4th Place (No Award)","None","TRP Empty Set","Max Model","Dan Abrams"
"Florida Roundnet Open - Spikeball Challenger 2023","2023","2023-04-01","Fleming Island, FL, US","Mixed Advanced (4.5)","Lower Division (Medals)",1,"🥇 Gold Medal","None","Mixed Signals","Etienne Cote","Katie Pierson"
"Florida Roundnet Open - Spikeball Challenger 2023","2023","2023-04-01","Fleming Island, FL, US","Mixed Advanced (4.5)","Lower Division (Medals)",2,"🥈 Silver Medal","None","Jawdroppers","Sarah Allen","Christian Bennett"
"Florida Roundnet Open - Spikeball Challenger 2023","2023","2023-04-01","Fleming Island, FL, US","Mixed Advanced (4.5)","Lower Division (Medals)",3,"🥉 Bronze Medal","None","That was too easy","Kyle Ackermann","Teddi Lesoine"
"Florida Roundnet Open - Spikeball Challenger 2023","2023","2023-04-01","Fleming Island, FL, US","Mixed Advanced (4.5)","Lower Division (Medals)",4,"4th Place (No Award)","None","MAD Jelly","Ali Jenki","Coleman Epperson"
"The Richmond Major 2023","2023","2023-04-15","Midlothian, VA, US","Women's Advanced 4.0+","Lower Division (Medals)",1,"🥇 Gold Medal","None","TWINZ","Ali Jenki","Olivia Jenki"
"The Richmond Major 2023","2023","2023-04-15","Midlothian, VA, US","Women's Advanced 4.0+","Lower Division (Medals)",2,"🥈 Silver Medal","None","Zoomies","Allie Foster","Karah Hui"
"The Richmond Major 2023","2023","2023-04-15","Midlothian, VA, US","Women's Advanced 4.0+","Lower Division (Medals)",3,"🥉 Bronze Medal","None","No Hype","Malia Sato","Maddy Morehouse"
"The Richmond Major 2023","2023","2023-04-15","Midlothian, VA, US","Women's Advanced 4.0+","Lower Division (Medals)",4,"4th Place (No Award)","None","Tile Swap","Sarah Allen","Julia Timan"
"The Richmond Major 2023","2023","2023-04-15","Midlothian, VA, US","Contender 4.5+","Lower Division (Medals)",1,"🥇 Gold Medal","None","Slow Jamz","Kevin McClain","Thomas Hoffman"
"The Richmond Major 2023","2023","2023-04-15","Midlothian, VA, US","Contender 4.5+","Lower Division (Medals)",2,"🥈 Silver Medal","None","IputthedopeinthebackofthecarandItellhtg","Stephen Jones","Ryan Coen"
"The Richmond Major 2023","2023","2023-04-15","Midlothian, VA, US","Contender 4.5+","Lower Division (Medals)",3,"🥉 Bronze Medal","None","Sucky Sucky is good","Thomas Estella","Javier Vidal"
"The Richmond Major 2023","2023","2023-04-15","Midlothian, VA, US","Contender 4.5+","Lower Division (Medals)",4,"4th Place (No Award)","None","True Outcome ","Bransen Eppes","Sam Kilinski"
"The Richmond Major 2023","2023","2023-04-15","Midlothian, VA, US","Women's Intermediate 2.0-3.0","Lower Division (Medals)",1,"🥇 Gold Medal","None","Women in Stem","lauren viado","Bel Belvedere"
"The Richmond Major 2023","2023","2023-04-15","Midlothian, VA, US","Women's Intermediate 2.0-3.0","Lower Division (Medals)",2,"🥈 Silver Medal","None","Sneak Peak","Amanda Jamieson","Courtney Circone"
"The Richmond Major 2023","2023","2023-04-15","Midlothian, VA, US","Women's Intermediate 2.0-3.0","Lower Division (Medals)",3,"🥉 Bronze Medal","None","It has pockets!","Samantha Daniell","Hannah Covell"
"The Richmond Major 2023","2023","2023-04-15","Midlothian, VA, US","Women's Intermediate 2.0-3.0","Lower Division (Medals)",4,"4th Place (No Award)","None","Bleep","Courtney Coppage","Abigail Lannetti"
"The Richmond Major 2023","2023","2023-04-15","Midlothian, VA, US","Intermediate 3.0","Lower Division (Medals)",1,"🥇 Gold Medal","None","Receive These Balls","Kadin Cochran","Jared Gilbert"
"The Richmond Major 2023","2023","2023-04-15","Midlothian, VA, US","Intermediate 3.0","Lower Division (Medals)",2,"🥈 Silver Medal","None","Bron Squad","Eric Nissen","Rakitha Chelliah"
"The Richmond Major 2023","2023","2023-04-15","Midlothian, VA, US","Intermediate 3.0","Lower Division (Medals)",3,"🥉 Bronze Medal","None","Spike Tyson","Sebastian Diaz","Daden Goldfinger"
"The Richmond Major 2023","2023","2023-04-15","Midlothian, VA, US","Intermediate 3.0","Lower Division (Medals)",4,"4th Place (No Award)","None","Splash Bros","Trace Bow","Nathan Clark"
"The Richmond Major 2023","2023","2023-04-15","Midlothian, VA, US","Mixed Advanced 4.0+","Lower Division (Medals)",1,"🥇 Gold Medal","None","Golden Hour","Olivia Jenki","Will Picone"
"The Richmond Major 2023","2023","2023-04-15","Midlothian, VA, US","Mixed Advanced 4.0+","Lower Division (Medals)",2,"🥈 Silver Medal","None","TRP subtle","Joe Bondi","Ali Jenki"
"The Richmond Major 2023","2023","2023-04-15","Midlothian, VA, US","Mixed Advanced 4.0+","Lower Division (Medals)",3,"🥉 Bronze Medal","None","pinto.","Karah Hui","Ryan Gross"
"The Richmond Major 2023","2023","2023-04-15","Midlothian, VA, US","Mixed Advanced 4.0+","Lower Division (Medals)",4,"4th Place (No Award)","None","Gabraham Lincoln, Nebraska","Sarah Allen","Gabe Finocchi"
"The Richmond Major 2023","2023","2023-04-15","Midlothian, VA, US","Mixed Intermediate 2.0-3.0","Lower Division (Medals)",1,"🥇 Gold Medal","None","Two broke girls","Sean Caufield","Jenelle Dumais"
"The Richmond Major 2023","2023","2023-04-15","Midlothian, VA, US","Mixed Intermediate 2.0-3.0","Lower Division (Medals)",2,"🥈 Silver Medal","None","Monsters vs. Aliens","Joseph Motto","Brenna Allred"
"The Richmond Major 2023","2023","2023-04-15","Midlothian, VA, US","Mixed Intermediate 2.0-3.0","Lower Division (Medals)",3,"🥉 Bronze Medal","None","Hi👋","Courtney Coppage","Jacob Arzaga"
"The Richmond Major 2023","2023","2023-04-15","Midlothian, VA, US","Mixed Intermediate 2.0-3.0","Lower Division (Medals)",4,"4th Place (No Award)","None","negative cut","Brooks Weeks","Katheleen Phan"
"The Richmond Major 2023","2023","2023-04-15","Midlothian, VA, US","Advanced 4.0","Lower Division (Medals)",1,"🥇 Gold Medal","None","Partly Cloudy","Daniel Reynolds","Brock Lodato"
"The Richmond Major 2023","2023","2023-04-15","Midlothian, VA, US","Advanced 4.0","Lower Division (Medals)",2,"🥈 Silver Medal","None","Glen Did It","sam greathouse","Jeremy Lutz"
"The Richmond Major 2023","2023","2023-04-15","Midlothian, VA, US","Advanced 4.0","Lower Division (Medals)",3,"🥉 Bronze Medal","None","STEEZY","Dillon McKay","Cameron McKay"
"The Richmond Major 2023","2023","2023-04-15","Midlothian, VA, US","Advanced 4.0","Lower Division (Medals)",4,"4th Place (No Award)","None","Setting Masterclass","Jake Spinelli","Eli Bak"
"The Richmond Major 2023","2023","2023-04-15","Midlothian, VA, US","Premier 5.0+","Lower Division (Medals)",1,"🥇 Gold Medal","None","Rogue","Thomas Hamilton","Ryan Marino"
"The Richmond Major 2023","2023","2023-04-15","Midlothian, VA, US","Premier 5.0+","Lower Division (Medals)",2,"🥈 Silver Medal","None","TRP Spotless","Joe Bondi","Ryan Gross"
"The Richmond Major 2023","2023","2023-04-15","Midlothian, VA, US","Premier 5.0+","Lower Division (Medals)",3,"🥉 Bronze Medal","None","Judgment Day","Gabriel Finocchi","fredric hinkle"
"The Richmond Major 2023","2023","2023-04-15","Midlothian, VA, US","Premier 5.0+","Lower Division (Medals)",4,"4th Place (No Award)","None","Kingdom Come","Grant Klapwijk","Matthew Cole"
"TASR Houston Major","2023","2023-04-29","Houston, TX, US","Gold 5.0","Lower Division (Medals)",1,"🥇 Gold Medal","None","Cerebral Drizzle","Brian Childs","Matthew Burrows"
"TASR Houston Major","2023","2023-04-29","Houston, TX, US","Gold 5.0","Lower Division (Medals)",2,"🥈 Silver Medal","None","nap","Nickhil Anantha","Caleb Cummings"
"TASR Houston Major","2023","2023-04-29","Houston, TX, US","Gold 5.0","Lower Division (Medals)",3,"🥉 Bronze Medal","None","Single Clutch","Grayson M  Wills","Rahul Murthy"
"TASR Houston Major","2023","2023-04-29","Houston, TX, US","Gold 5.0","Lower Division (Medals)",3,"🥉 Bronze Medal","None","Heroes and Villains","Tyler Fernandez","Andrew Christmas"
"TASR Houston Major","2023","2023-04-29","Houston, TX, US","Advanced 4.0","Lower Division (Medals)",1,"🥇 Gold Medal","None","Lab rats","Samuel Cole","Michael Milliorn"
"TASR Houston Major","2023","2023-04-29","Houston, TX, US","Advanced 4.0","Lower Division (Medals)",2,"🥈 Silver Medal","None","Flummoxed","Robert Sellers","Dylan Jimenez"
"TASR Houston Major","2023","2023-04-29","Houston, TX, US","Advanced 4.0","Lower Division (Medals)",3,"🥉 Bronze Medal","None","SS's","Sricharan Modali","saikumar vummuti"
"TASR Houston Major","2023","2023-04-29","Houston, TX, US","Advanced 4.0","Lower Division (Medals)",3,"🥉 Bronze Medal","None","SpikeMachas","Aravindhan P","Narender Reddy"
"The Thousand Oaks Grand Slam - Spikeball Challenger 2023","2023","2023-05-06","Thousand Oaks, CA, US","Expert 5.0+","Lower Division (Medals)",1,"🥇 Gold Medal","None","Muscle Mommy","Noah Luskus","Blake Bosak"
"The Thousand Oaks Grand Slam - Spikeball Challenger 2023","2023","2023-05-06","Thousand Oaks, CA, US","Expert 5.0+","Lower Division (Medals)",2,"🥈 Silver Medal","None","Three Crowns","Warren Foote","Samuel Buckman"
"The Thousand Oaks Grand Slam - Spikeball Challenger 2023","2023","2023-05-06","Thousand Oaks, CA, US","Expert 5.0+","Lower Division (Medals)",3,"🥉 Bronze Medal","None","Taylor and Xande","Xande Plaisted","Taylor Church"
"The Thousand Oaks Grand Slam - Spikeball Challenger 2023","2023","2023-05-06","Thousand Oaks, CA, US","Expert 5.0+","Lower Division (Medals)",4,"4th Place (No Award)","None","Woooooo","Nick Wideman","Etienne Cote"
"The Thousand Oaks Grand Slam - Spikeball Challenger 2023","2023","2023-05-06","Thousand Oaks, CA, US","Contender 4.5","Lower Division (Medals)",1,"🥇 Gold Medal","None","Gatekeeping Rafi","Zach Bergevin","Arrow Griner"
"The Thousand Oaks Grand Slam - Spikeball Challenger 2023","2023","2023-05-06","Thousand Oaks, CA, US","Contender 4.5","Lower Division (Medals)",2,"🥈 Silver Medal","None","Strangely embracing a man from Chico","Jarratt Rouse","Skyler Boles"
"The Thousand Oaks Grand Slam - Spikeball Challenger 2023","2023","2023-05-06","Thousand Oaks, CA, US","Contender 4.5","Lower Division (Medals)",3,"🥉 Bronze Medal","None","non responsive","Andrew Greer","Kannon Forbush"
"The Thousand Oaks Grand Slam - Spikeball Challenger 2023","2023","2023-05-06","Thousand Oaks, CA, US","Contender 4.5","Lower Division (Medals)",3,"🥉 Bronze Medal","None","Dive Hard","Cole Sanchez","Nolan Wynkoop"
"The Thousand Oaks Grand Slam - Spikeball Challenger 2023","2023","2023-05-06","Thousand Oaks, CA, US","Womens 4.0+","Lower Division (Medals)",1,"🥇 Gold Medal","None","2k•","Kayla Wu-Fleming","Karah Hui"
"The Thousand Oaks Grand Slam - Spikeball Challenger 2023","2023","2023-05-06","Thousand Oaks, CA, US","Womens 4.0+","Lower Division (Medals)",2,"🥈 Silver Medal","None","No Hype","Malia Sato","Maddy Morehouse"
"The Thousand Oaks Grand Slam - Spikeball Challenger 2023","2023","2023-05-06","Thousand Oaks, CA, US","Womens 4.0+","Lower Division (Medals)",3,"🥉 Bronze Medal","None","Savage/Nguyen","Joelle Nguyen","Kirstie Savage"
"The Thousand Oaks Grand Slam - Spikeball Challenger 2023","2023","2023-05-06","Thousand Oaks, CA, US","Womens 4.0+","Lower Division (Medals)",4,"4th Place (No Award)","None","ellelowe sebmarine","Sebastiani Kim","Elle Lowe"
"The Thousand Oaks Grand Slam - Spikeball Challenger 2023","2023","2023-05-06","Thousand Oaks, CA, US","Mixed 4.0+","Lower Division (Medals)",1,"🥇 Gold Medal","None","TRP Sickest Beasts","Dan Abrams","Karah Hui"
"The Thousand Oaks Grand Slam - Spikeball Challenger 2023","2023","2023-05-06","Thousand Oaks, CA, US","Mixed 4.0+","Lower Division (Medals)",2,"🥈 Silver Medal","None","Fresh Prince of DeLair","Judy Tian","Blake Bosak"
"The Thousand Oaks Grand Slam - Spikeball Challenger 2023","2023","2023-05-06","Thousand Oaks, CA, US","Mixed 4.0+","Lower Division (Medals)",3,"🥉 Bronze Medal","None","Camille/Xande","Camille Anderson","Xande Plaisted"
"The Thousand Oaks Grand Slam - Spikeball Challenger 2023","2023","2023-05-06","Thousand Oaks, CA, US","Mixed 4.0+","Lower Division (Medals)",4,"4th Place (No Award)","None","Be Nice, Get Engaged, Take Acid","Trevor Barbosa","Kayla Wu-Fleming"
"The Salt Lake City Major 2023","2023","2023-06-03","Herriman, UT, US","Intermediate/Advanced 3.0-4.0","Lower Division (Medals)",1,"🥇 Gold Medal","None","ASL Flemming/Peterson ","Evan Flemming","Grady Peterson"
"The Salt Lake City Major 2023","2023","2023-06-03","Herriman, UT, US","Intermediate/Advanced 3.0-4.0","Lower Division (Medals)",2,"🥈 Silver Medal","None","Silly Gooses","Chris Sorensen","Sidney Parker"
"The Salt Lake City Major 2023","2023","2023-06-03","Herriman, UT, US","Intermediate/Advanced 3.0-4.0","Lower Division (Medals)",3,"🥉 Bronze Medal","None","Brim Breakers","Devin Perkins","Miles Egbert"
"The Salt Lake City Major 2023","2023","2023-06-03","Herriman, UT, US","Intermediate/Advanced 3.0-4.0","Lower Division (Medals)",4,"4th Place (No Award)","None","Hart/Whittier","Korven Whittier","Peter Hart"
"The Salt Lake City Major 2023","2023","2023-06-03","Herriman, UT, US","Premier 5.0+","Lower Division (Medals)",1,"🥇 Gold Medal","None","TRP Moneyline","Ryder Rivadeneyra","Matthew Cole"
"The Salt Lake City Major 2023","2023","2023-06-03","Herriman, UT, US","Premier 5.0+","Lower Division (Medals)",2,"🥈 Silver Medal","None","Judgment Day","Gabriel Finocchi","fredric hinkle"
"The Salt Lake City Major 2023","2023","2023-06-03","Herriman, UT, US","Premier 5.0+","Lower Division (Medals)",3,"🥉 Bronze Medal","None","Insystem","Etienne Cote","Blake Bosak"
"The Salt Lake City Major 2023","2023","2023-06-03","Herriman, UT, US","Premier 5.0+","Lower Division (Medals)",4,"4th Place (No Award)","None","Bad Combo","Will Picone","Rahul Murthy"
"The Salt Lake City Major 2023","2023","2023-06-03","Herriman, UT, US","Women's Advanced 4.0+","Lower Division (Medals)",1,"🥇 Gold Medal","None","K2.","Katie Pierson","Laura Kunzelmann"
"The Salt Lake City Major 2023","2023","2023-06-03","Herriman, UT, US","Women's Advanced 4.0+","Lower Division (Medals)",2,"🥈 Silver Medal","None","TWINZ","Ali Jenki","Olivia Jenki"
"The Salt Lake City Major 2023","2023","2023-06-03","Herriman, UT, US","Women's Advanced 4.0+","Lower Division (Medals)",3,"🥉 Bronze Medal","None","2k•","Kayla Wu-Fleming","Karah Hui"
"The Salt Lake City Major 2023","2023","2023-06-03","Herriman, UT, US","Women's Advanced 4.0+","Lower Division (Medals)",4,"4th Place (No Award)","None","Anderson/Savage","Camille Anderson","Kirstie Savage"
"The Salt Lake City Major 2023","2023","2023-06-03","Herriman, UT, US","Mixed Advanced 4.0+","Lower Division (Medals)",1,"🥇 Gold Medal","None","Golden Hour","Olivia Jenki","Will Picone"
"The Salt Lake City Major 2023","2023","2023-06-03","Herriman, UT, US","Mixed Advanced 4.0+","Lower Division (Medals)",2,"🥈 Silver Medal","None","TRP subtle","Joe Bondi","Ali Jenki"
"The Salt Lake City Major 2023","2023","2023-06-03","Herriman, UT, US","Mixed Advanced 4.0+","Lower Division (Medals)",3,"🥉 Bronze Medal","None","Mixed Signals","Etienne Cote","Katie Pierson"
"The Salt Lake City Major 2023","2023","2023-06-03","Herriman, UT, US","Mixed Advanced 4.0+","Lower Division (Medals)",4,"4th Place (No Award)","None","Killer Kim and Bosak Attack","Sebastiani Kim","Blake Bosak"
"The Salt Lake City Major 2023","2023","2023-06-03","Herriman, UT, US","Contender 4.5+","Lower Division (Medals)",1,"🥇 Gold Medal","None","Warrior 2 in the Wind Tunnel","Jake Woolley","James Lamkin"
"The Salt Lake City Major 2023","2023","2023-06-03","Herriman, UT, US","Contender 4.5+","Lower Division (Medals)",2,"🥈 Silver Medal","None","Ace High","Jackson Gordon","Ryan Benz"
"The Salt Lake City Major 2023","2023","2023-06-03","Herriman, UT, US","Contender 4.5+","Lower Division (Medals)",3,"🥉 Bronze Medal","None","LL Unfinished Business","Josh DiDonato","Ryan Paul"
"The Salt Lake City Major 2023","2023","2023-06-03","Herriman, UT, US","Contender 4.5+","Lower Division (Medals)",4,"4th Place (No Award)","None","Blind Date","Joseph Kaylor","Bryce Young"
"The Santa Cruz Grand Slam - Spikeball Challenger","2023","2023-06-10","Soquel, CA, US","Expert 5.0+","Lower Division (Medals)",1,"🥇 Gold Medal","None","Bad Combo","Will Picone","Rahul Murthy"
"The Santa Cruz Grand Slam - Spikeball Challenger","2023","2023-06-10","Soquel, CA, US","Expert 5.0+","Lower Division (Medals)",2,"🥈 Silver Medal","None","Insystem","Etienne Cote","Blake Bosak"
"The Santa Cruz Grand Slam - Spikeball Challenger","2023","2023-06-10","Soquel, CA, US","Expert 5.0+","Lower Division (Medals)",3,"🥉 Bronze Medal","None","Nutted on 875","Brandon Brown","fredric hinkle"
"The Santa Cruz Grand Slam - Spikeball Challenger","2023","2023-06-10","Soquel, CA, US","Expert 5.0+","Lower Division (Medals)",4,"4th Place (No Award)","None","Paq’s delinquent children","Garrett Carver","Xande Plaisted"
"The Santa Cruz Grand Slam - Spikeball Challenger","2023","2023-06-10","Soquel, CA, US","Womens 4.0+","Lower Division (Medals)",1,"🥇 Gold Medal","None","we’ll figure it out","Maddy Morehouse","Karah Hui"
"The Santa Cruz Grand Slam - Spikeball Challenger","2023","2023-06-10","Soquel, CA, US","Womens 4.0+","Lower Division (Medals)",2,"🥈 Silver Medal","None","crunchy","Katie Pierson","Tina Gulden"
"The Santa Cruz Grand Slam - Spikeball Challenger","2023","2023-06-10","Soquel, CA, US","Womens 4.0+","Lower Division (Medals)",3,"🥉 Bronze Medal","None","Eskimo Sisters","Joelle Nguyen","Alexa Peusch"
"The Santa Cruz Grand Slam - Spikeball Challenger","2023","2023-06-10","Soquel, CA, US","Womens 4.0+","Lower Division (Medals)",4,"4th Place (No Award)","None","Outside Voices","Perrin York","Sebastiani Kim"
"The Santa Cruz Grand Slam - Spikeball Challenger","2023","2023-06-10","Soquel, CA, US","Mixed 4.0+","Lower Division (Medals)",1,"🥇 Gold Medal","None","Mixed Signals","Etienne Cote","Katie Pierson"
"The Santa Cruz Grand Slam - Spikeball Challenger","2023","2023-06-10","Soquel, CA, US","Mixed 4.0+","Lower Division (Medals)",2,"🥈 Silver Medal","None","WonkTea","Blake Bosak","Joelle Nguyen"
"The Santa Cruz Grand Slam - Spikeball Challenger","2023","2023-06-10","Soquel, CA, US","Mixed 4.0+","Lower Division (Medals)",3,"🥉 Bronze Medal","None","Nelson / Lowe","Elle Lowe","Connor Nelson"
"The Santa Cruz Grand Slam - Spikeball Challenger","2023","2023-06-10","Soquel, CA, US","Mixed 4.0+","Lower Division (Medals)",4,"4th Place (No Award)","None","Agathokakological","Alexa Peusch","Trevor Barbosa"
"The Santa Cruz Grand Slam - Spikeball Challenger","2023","2023-06-10","Soquel, CA, US","Contender 4.5","Lower Division (Medals)",1,"🥇 Gold Medal","None","Queen Oglizabeth the First","Rafi Moldovsky","Oscar OBrien"
"The Santa Cruz Grand Slam - Spikeball Challenger","2023","2023-06-10","Soquel, CA, US","Contender 4.5","Lower Division (Medals)",2,"🥈 Silver Medal","None","Oppenheimer or Barbie","Nicolas Ramos","Nathan Robertt"
"The Santa Cruz Grand Slam - Spikeball Challenger","2023","2023-06-10","Soquel, CA, US","Contender 4.5","Lower Division (Medals)",3,"🥉 Bronze Medal","None","Shibby Smalls","Kasey Shibayama","Jason Small"
"The Santa Cruz Grand Slam - Spikeball Challenger","2023","2023-06-10","Soquel, CA, US","Contender 4.5","Lower Division (Medals)",4,"4th Place (No Award)","None","Fitz","Michael Hayashi","Patrick Drucker"
"Queen City Classic - Spikeball Challenger 2023","2023","2023-06-17","Mooresville, NC, US","Intermediate 3.0","Lower Division (Medals)",1,"🥇 Gold Medal","None","(B)Ryan","Ryan Field","Bryan Covell"
"Queen City Classic - Spikeball Challenger 2023","2023","2023-06-17","Mooresville, NC, US","Intermediate 3.0","Lower Division (Medals)",2,"🥈 Silver Medal","None","Keep ‘Em Guess-ing","Haston Guess","Sebastian Diaz"
"Queen City Classic - Spikeball Challenger 2023","2023","2023-06-17","Mooresville, NC, US","Intermediate 3.0","Lower Division (Medals)",3,"🥉 Bronze Medal","None","Boosters","Haywood Ferguson","kunal kanoi"
"Queen City Classic - Spikeball Challenger 2023","2023","2023-06-17","Mooresville, NC, US","Intermediate 3.0","Lower Division (Medals)",3,"🥉 Bronze Medal","None","Six Foot Spike","Kevin Lane","Mitchell Welborn"
"Queen City Classic - Spikeball Challenger 2023","2023","2023-06-17","Mooresville, NC, US","Coed Advanced 4.0+","Lower Division (Medals)",1,"🥇 Gold Medal","None","TRP subtle","Joe Bondi","Ali Jenki"
"Queen City Classic - Spikeball Challenger 2023","2023","2023-06-17","Mooresville, NC, US","Coed Advanced 4.0+","Lower Division (Medals)",2,"🥈 Silver Medal","None","Little Bear ","Matthew Cole","Allie Foster"
"Queen City Classic - Spikeball Challenger 2023","2023","2023-06-17","Mooresville, NC, US","Coed Advanced 4.0+","Lower Division (Medals)",3,"🥉 Bronze Medal","None","Gabraham Lincoln, Nebraska","Sarah Allen","Gabe Finocchi"
"Queen City Classic - Spikeball Challenger 2023","2023","2023-06-17","Mooresville, NC, US","Coed Advanced 4.0+","Lower Division (Medals)",4,"4th Place (No Award)","None","Chalked","Katie Pierson","Kieran Rose"
"Queen City Classic - Spikeball Challenger 2023","2023","2023-06-17","Mooresville, NC, US","Coed Intermediate 2.0-3.0","Lower Division (Medals)",1,"🥇 Gold Medal","None","Spiked punch","Samuel Corey","Heidi Layne"
"Queen City Classic - Spikeball Challenger 2023","2023","2023-06-17","Mooresville, NC, US","Coed Intermediate 2.0-3.0","Lower Division (Medals)",2,"🥈 Silver Medal","None","Due Diligence","Samantha Daniell","Ben Celestino"
"Queen City Classic - Spikeball Challenger 2023","2023","2023-06-17","Mooresville, NC, US","Coed Intermediate 2.0-3.0","Lower Division (Medals)",3,"🥉 Bronze Medal","None","Team Bug","Kevin Lane","Kara Cleminw"
"Queen City Classic - Spikeball Challenger 2023","2023","2023-06-17","Mooresville, NC, US","Coed Intermediate 2.0-3.0","Lower Division (Medals)",3,"🥉 Bronze Medal","None","Jeb","Jessica Harvey","Sebastian Diaz"
"Queen City Classic - Spikeball Challenger 2023","2023","2023-06-17","Mooresville, NC, US","Premier 5.0+","Lower Division (Medals)",1,"🥇 Gold Medal","None","F.F.","Gabe Finocchi","Brendan Ferreira"
"Queen City Classic - Spikeball Challenger 2023","2023","2023-06-17","Mooresville, NC, US","Premier 5.0+","Lower Division (Medals)",2,"🥈 Silver Medal","None","Creamy","Patric Chu","Ryan Marino"
"Queen City Classic - Spikeball Challenger 2023","2023","2023-06-17","Mooresville, NC, US","Premier 5.0+","Lower Division (Medals)",3,"🥉 Bronze Medal","None","TRP Spotless","Joe Bondi","Ryan Gross"
"Queen City Classic - Spikeball Challenger 2023","2023","2023-06-17","Mooresville, NC, US","Premier 5.0+","Lower Division (Medals)",4,"4th Place (No Award)","None","GFD","Andrew Sullivan","Justin Barr"
"Queen City Classic - Spikeball Challenger 2023","2023","2023-06-17","Mooresville, NC, US","Womens Advanced 4.0+","Lower Division (Medals)",1,"🥇 Gold Medal","None","Allen/Huffstetler","Sarah Allen","Maddie Huffstetler"
"Queen City Classic - Spikeball Challenger 2023","2023","2023-06-17","Mooresville, NC, US","Womens Advanced 4.0+","Lower Division (Medals)",2,"🥈 Silver Medal","None","Space Monkeys 🚀🐒","Stef Ding","Rafaela Bastos"
"Queen City Classic - Spikeball Challenger 2023","2023","2023-06-17","Mooresville, NC, US","Womens Advanced 4.0+","Lower Division (Medals)",3,"🥉 Bronze Medal","None","Who?","Katie Pierson","Audrey Denmark"
"Queen City Classic - Spikeball Challenger 2023","2023","2023-06-17","Mooresville, NC, US","Womens Advanced 4.0+","Lower Division (Medals)",3,"🥉 Bronze Medal","None","Raber/Piedmont","Delanie Raber","Abby Piedmont"
"Queen City Classic - Spikeball Challenger 2023","2023","2023-06-17","Mooresville, NC, US","Contender 4.5+","Lower Division (Medals)",1,"🥇 Gold Medal","None","Kap and Boo","Josh Kaplan","Gabriel Abood"
"Queen City Classic - Spikeball Challenger 2023","2023","2023-06-17","Mooresville, NC, US","Contender 4.5+","Lower Division (Medals)",2,"🥈 Silver Medal","None","Risky Business","Justin Kehoe","Kyle Fowler"
"Queen City Classic - Spikeball Challenger 2023","2023","2023-06-17","Mooresville, NC, US","Contender 4.5+","Lower Division (Medals)",3,"🥉 Bronze Medal","None","Ian & Olivia","Ian Murphy","Olivia Jenki"
"Queen City Classic - Spikeball Challenger 2023","2023","2023-06-17","Mooresville, NC, US","Contender 4.5+","Lower Division (Medals)",4,"4th Place (No Award)","None","Gauntlet","Nathan Montgomery","Will Eckard"
"The San Diego Grand Slam - Spikeball Challenger 2023","2023","2023-06-17","San Diego, CA, US","Advanced 3.0+","Lower Division (Medals)",1,"🥇 Gold Medal","None","We hit on two","Vivek Ramchandran","Joe Caires"
"The San Diego Grand Slam - Spikeball Challenger 2023","2023","2023-06-17","San Diego, CA, US","Advanced 3.0+","Lower Division (Medals)",2,"🥈 Silver Medal","None","Northern Spikes","Zane Besler","Aaron Treece"
"The San Diego Grand Slam - Spikeball Challenger 2023","2023","2023-06-17","San Diego, CA, US","Advanced 3.0+","Lower Division (Medals)",3,"🥉 Bronze Medal","None","team intermediate","Michael Dobbs","Cooper Patcheak"
"The San Diego Grand Slam - Spikeball Challenger 2023","2023","2023-06-17","San Diego, CA, US","Advanced 3.0+","Lower Division (Medals)",4,"4th Place (No Award)","None","Hurricanes","Blake Kasama","Dylan Wong"
"The San Diego Grand Slam - Spikeball Challenger 2023","2023","2023-06-17","San Diego, CA, US","Intermediate 2.0+","Lower Division (Medals)",1,"🥇 Gold Medal","None","The Glizzies","Martin Ramirez","Brandon Ann"
"The San Diego Grand Slam - Spikeball Challenger 2023","2023","2023-06-17","San Diego, CA, US","Intermediate 2.0+","Lower Division (Medals)",2,"🥈 Silver Medal","None","ELiminators","Micah Lim","Emily Okabe"
"The San Diego Grand Slam - Spikeball Challenger 2023","2023","2023-06-17","San Diego, CA, US","Intermediate 2.0+","Lower Division (Medals)",3,"🥉 Bronze Medal","None","Shame Eggs","Madison Rohr","Tanner Rohr"
"The San Diego Grand Slam - Spikeball Challenger 2023","2023","2023-06-17","San Diego, CA, US","Intermediate 2.0+","Lower Division (Medals)",4,"4th Place (No Award)","None","Guys Being Dudes","Vlad Trofimov","Ian Sanders"
"The San Diego Grand Slam - Spikeball Challenger 2023","2023","2023-06-17","San Diego, CA, US","Womens 4.0+","Lower Division (Medals)",1,"🥇 Gold Medal","None","Gulden/Hui","Tina Gulden","Karah Hui"
"The San Diego Grand Slam - Spikeball Challenger 2023","2023","2023-06-17","San Diego, CA, US","Womens 4.0+","Lower Division (Medals)",2,"🥈 Silver Medal","None","Nyguendy Wu Homecoming Warrior","Kayla Wu-Fleming","Joelle Nguyen"
"The San Diego Grand Slam - Spikeball Challenger 2023","2023","2023-06-17","San Diego, CA, US","Womens 4.0+","Lower Division (Medals)",3,"🥉 Bronze Medal","None","Anderson/Savage","Camille Anderson","Kirstie Savage"
"The San Diego Grand Slam - Spikeball Challenger 2023","2023","2023-06-17","San Diego, CA, US","Womens 4.0+","Lower Division (Medals)",4,"4th Place (No Award)","None","Soft Serve","Perrin York","Kayla Ngai"
"The San Diego Grand Slam - Spikeball Challenger 2023","2023","2023-06-17","San Diego, CA, US","Mixed 4.0+","Lower Division (Medals)",1,"🥇 Gold Medal","None","Bantwea Court","Will Picone","Joelle Nguyen"
"The San Diego Grand Slam - Spikeball Challenger 2023","2023","2023-06-17","San Diego, CA, US","Mixed 4.0+","Lower Division (Medals)",2,"🥈 Silver Medal","None","Pork and Ham","Perrin York","Buddy Hammon"
"The San Diego Grand Slam - Spikeball Challenger 2023","2023","2023-06-17","San Diego, CA, US","Mixed 4.0+","Lower Division (Medals)",3,"🥉 Bronze Medal","None","TRP Cute Alphas","Rahul Murthy","Karah Hui"
"The San Diego Grand Slam - Spikeball Challenger 2023","2023","2023-06-17","San Diego, CA, US","Mixed 4.0+","Lower Division (Medals)",4,"4th Place (No Award)","None","Your Parents","Kayla Wu-Fleming","Drew Cummins"
"The San Diego Grand Slam - Spikeball Challenger 2023","2023","2023-06-17","San Diego, CA, US","Contender 4.5","Lower Division (Medals)",1,"🥇 Gold Medal","None","Don’t Open the Box","Derek McRea","Ryan Baillargeon"
"The San Diego Grand Slam - Spikeball Challenger 2023","2023","2023-06-17","San Diego, CA, US","Contender 4.5","Lower Division (Medals)",2,"🥈 Silver Medal","None","Ho Jiah","Seth Holbrook","Isaac Holbrook"
"The San Diego Grand Slam - Spikeball Challenger 2023","2023","2023-06-17","San Diego, CA, US","Contender 4.5","Lower Division (Medals)",3,"🥉 Bronze Medal","None","Guder Changeup","Isaiah Sanborn","Thomas Pence"
"The San Diego Grand Slam - Spikeball Challenger 2023","2023","2023-06-17","San Diego, CA, US","Contender 4.5","Lower Division (Medals)",4,"4th Place (No Award)","None","Big Brown Johnson","Noah Johnson","Cody Brown"
"The San Diego Grand Slam - Spikeball Challenger 2023","2023","2023-06-17","San Diego, CA, US","Expert 5.0+","Lower Division (Medals)",1,"🥇 Gold Medal","None","Bad Combo","Will Picone","Rahul Murthy"
"The San Diego Grand Slam - Spikeball Challenger 2023","2023","2023-06-17","San Diego, CA, US","Expert 5.0+","Lower Division (Medals)",2,"🥈 Silver Medal","None","Cigar Boys","Grant Laughlin","Dan Abrams"
"The San Diego Grand Slam - Spikeball Challenger 2023","2023","2023-06-17","San Diego, CA, US","Expert 5.0+","Lower Division (Medals)",3,"🥉 Bronze Medal","None","Etienne/Eddy","Etienne Cote","Eddy Leung"
"The San Diego Grand Slam - Spikeball Challenger 2023","2023","2023-06-17","San Diego, CA, US","Expert 5.0+","Lower Division (Medals)",4,"4th Place (No Award)","None","Beach Waffle","Matthew Burrows","Caleb Cummings"
"The NOVA Clash | Spikeball Challenger 2023 | DAY 1","2023","2023-06-24","Gainesville, VA, US","4.0+ Women's Advanced","Lower Division (Medals)",1,"🥇 Gold Medal","None","Royalty","Laurence Vallée","Katie Pierson"
"The NOVA Clash | Spikeball Challenger 2023 | DAY 1","2023","2023-06-24","Gainesville, VA, US","4.0+ Women's Advanced","Lower Division (Medals)",2,"🥈 Silver Medal","None","teenage petulance","Sarah Allen","Kalin Morgan"
"The NOVA Clash | Spikeball Challenger 2023 | DAY 1","2023","2023-06-24","Gainesville, VA, US","4.0+ Women's Advanced","Lower Division (Medals)",3,"🥉 Bronze Medal","None","Veggie Tales","Allie Foster","Shachi Patel"
"The NOVA Clash | Spikeball Challenger 2023 | DAY 1","2023","2023-06-24","Gainesville, VA, US","4.0+ Women's Advanced","Lower Division (Medals)",4,"4th Place (No Award)","None","Goofy Goobers","Alyssa Drain","Katheleen Phan"
"The NOVA Clash | Spikeball Challenger 2023 | DAY 1","2023","2023-06-24","Gainesville, VA, US","4.5+ Contender (Open)","Lower Division (Medals)",1,"🥇 Gold Medal","None","Quick Draw","Caleb White","Pat Marinich"
"The NOVA Clash | Spikeball Challenger 2023 | DAY 1","2023","2023-06-24","Gainesville, VA, US","4.5+ Contender (Open)","Lower Division (Medals)",2,"🥈 Silver Medal","None","Jungle Juice","Nathan Goh","Kyle Jeung"
"The NOVA Clash | Spikeball Challenger 2023 | DAY 1","2023","2023-06-24","Gainesville, VA, US","4.5+ Contender (Open)","Lower Division (Medals)",3,"🥉 Bronze Medal","None","silva stokes","Brandon Stokes","John Silva"
"The NOVA Clash | Spikeball Challenger 2023 | DAY 1","2023","2023-06-24","Gainesville, VA, US","4.5+ Contender (Open)","Lower Division (Medals)",4,"4th Place (No Award)","None","Washed BUTTER","Zak Kovatch","Levi Rogers"
"The NOVA Clash | Spikeball Challenger 2023 | DAY 1","2023","2023-06-24","Gainesville, VA, US","4.0 Open Advanced","Lower Division (Medals)",1,"🥇 Gold Medal","None","Big Budis","Nathaniel Suryabudi","Jonathan Guo"
"The NOVA Clash | Spikeball Challenger 2023 | DAY 1","2023","2023-06-24","Gainesville, VA, US","4.0 Open Advanced","Lower Division (Medals)",2,"🥈 Silver Medal","None","Shorter & Taller","Yanai Hamel-Sasson","Rachel Dolan"
"The NOVA Clash | Spikeball Challenger 2023 | DAY 1","2023","2023-06-24","Gainesville, VA, US","4.0 Open Advanced","Lower Division (Medals)",3,"🥉 Bronze Medal","None","Wet Fleece","Sam Pasti","Bryan Covell"
"The NOVA Clash | Spikeball Challenger 2023 | DAY 1","2023","2023-06-24","Gainesville, VA, US","4.0 Open Advanced","Lower Division (Medals)",4,"4th Place (No Award)","None","Big Time Roundnet","Olivia Leach","CJ Mierchuk"
"The NOVA Clash | Spikeball Challenger 2023 | DAY 1","2023","2023-06-24","Gainesville, VA, US","2.0-3.0 Open Intermediate","Lower Division (Medals)",1,"🥇 Gold Medal","None","Wet Fleece","Sam Pasti","Bryan Covell"
"The NOVA Clash | Spikeball Challenger 2023 | DAY 1","2023","2023-06-24","Gainesville, VA, US","2.0-3.0 Open Intermediate","Lower Division (Medals)",2,"🥈 Silver Medal","None","Spike It Like It's Hot","Justin Woffinden","Emma Hales"
"The NOVA Clash | Spikeball Challenger 2023 | DAY 1","2023","2023-06-24","Gainesville, VA, US","2.0-3.0 Open Intermediate","Lower Division (Medals)",3,"🥉 Bronze Medal","None","Le Pass Down","Baillie Olin","Aaron Witkin"
"The NOVA Clash | Spikeball Challenger 2023 | DAY 1","2023","2023-06-24","Gainesville, VA, US","2.0-3.0 Open Intermediate","Lower Division (Medals)",4,"4th Place (No Award)","None","Simply Bad","Abigail Lannetti","Kelly Field"
"The NOVA Clash | Spikeball Challenger 2023 | DAY 1","2023","2023-06-24","Gainesville, VA, US","5.0+ Premier (Open)","Lower Division (Medals)",1,"🥇 Gold Medal","None","TRP Spotless","Joe Bondi","Ryan Gross"
"The NOVA Clash | Spikeball Challenger 2023 | DAY 1","2023","2023-06-24","Gainesville, VA, US","5.0+ Premier (Open)","Lower Division (Medals)",2,"🥈 Silver Medal","None","Bot House","Owen Lippman","West Peterson"
"The NOVA Clash | Spikeball Challenger 2023 | DAY 1","2023","2023-06-24","Gainesville, VA, US","5.0+ Premier (Open)","Lower Division (Medals)",3,"🥉 Bronze Medal","None","TRP Volley Dawgs","Noah Luskus","Will Picone"
"The NOVA Clash | Spikeball Challenger 2023 | DAY 1","2023","2023-06-24","Gainesville, VA, US","5.0+ Premier (Open)","Lower Division (Medals)",4,"4th Place (No Award)","None","Autonomous","Tyler Fernandez","Chase Meyer"
"The Portland Open - Spikeball Challenger 2023","2023","2023-07-01","Beaverton, OR, US","Premier 5.0+","Lower Division (Medals)",1,"🥇 Gold Medal","None","Insystem","Etienne Cote","Blake Bosak"
"The Portland Open - Spikeball Challenger 2023","2023","2023-07-01","Beaverton, OR, US","Premier 5.0+","Lower Division (Medals)",2,"🥈 Silver Medal","None","Profit Boost","Justin Shaytar","Kieran Rose"
"The Portland Open - Spikeball Challenger 2023","2023","2023-07-01","Beaverton, OR, US","Premier 5.0+","Lower Division (Medals)",3,"🥉 Bronze Medal","None","Sub Par","Jacob Payer","Brandon Brown"
"The Portland Open - Spikeball Challenger 2023","2023","2023-07-01","Beaverton, OR, US","Premier 5.0+","Lower Division (Medals)",4,"4th Place (No Award)","None","Faze up","Brooks Massey","Paq Clifford"
"The Portland Open - Spikeball Challenger 2023","2023","2023-07-01","Beaverton, OR, US","Contender 4.5+","Lower Division (Medals)",1,"🥇 Gold Medal","None","Outside Smoke","Elijah Kim","lucas peng"
"The Portland Open - Spikeball Challenger 2023","2023","2023-07-01","Beaverton, OR, US","Contender 4.5+","Lower Division (Medals)",2,"🥈 Silver Medal","None","ChaRizzma","curtis lawrence","Jack Hart"
"The Portland Open - Spikeball Challenger 2023","2023","2023-07-01","Beaverton, OR, US","Contender 4.5+","Lower Division (Medals)",3,"🥉 Bronze Medal","None","Leftovers","Joey Carmichael","Sam Clarke"
"The Portland Open - Spikeball Challenger 2023","2023","2023-07-01","Beaverton, OR, US","Contender 4.5+","Lower Division (Medals)",4,"4th Place (No Award)","None","Kyler/Ryker","Ryker Brann","Kyler Cote"
"The Portland Open - Spikeball Challenger 2023","2023","2023-07-01","Beaverton, OR, US","Advanced 4.0","Lower Division (Medals)",1,"🥇 Gold Medal","None","Belay on","Garrett Thomas","Jimmy Chung"
"The Portland Open - Spikeball Challenger 2023","2023","2023-07-01","Beaverton, OR, US","Advanced 4.0","Lower Division (Medals)",2,"🥈 Silver Medal","None","You set me up","Brock Cottle","Ryan Armstrong"
"The Portland Open - Spikeball Challenger 2023","2023","2023-07-01","Beaverton, OR, US","Advanced 4.0","Lower Division (Medals)",3,"🥉 Bronze Medal","None","Dad Bod Squad","Michael Lindeken","Joshua Coder"
"The Portland Open - Spikeball Challenger 2023","2023","2023-07-01","Beaverton, OR, US","Advanced 4.0","Lower Division (Medals)",4,"4th Place (No Award)","None","2 Bros 1 Ball","Zachary Kolokithas","Dustin Bishop"
"The Portland Open - Spikeball Challenger 2023","2023","2023-07-01","Beaverton, OR, US","Intermediate 3.0","Lower Division (Medals)",1,"🥇 Gold Medal","None","Dawgs to 15","Brad DeJager","David Brockman"
"The Portland Open - Spikeball Challenger 2023","2023","2023-07-01","Beaverton, OR, US","Intermediate 3.0","Lower Division (Medals)",2,"🥈 Silver Medal","None","Old Married Couple","Brandon Norby","Sarah Norby"
"The Portland Open - Spikeball Challenger 2023","2023","2023-07-01","Beaverton, OR, US","Intermediate 3.0","Lower Division (Medals)",3,"🥉 Bronze Medal","None","Smokin G and the Menno-Nets","Jared Miller","Andrew Kreider Glick"
"The Portland Open - Spikeball Challenger 2023","2023","2023-07-01","Beaverton, OR, US","Intermediate 3.0","Lower Division (Medals)",4,"4th Place (No Award)","None","Tío and Daddy","Evan Peterson","Richard Gutierrez "
"The Portland Open - Spikeball Challenger 2023","2023","2023-07-01","Beaverton, OR, US","Women's Advanced 4.0+","Lower Division (Medals)",1,"🥇 Gold Medal","None","Veggie Tales","Allie Foster","Shachi Patel"
"The Portland Open - Spikeball Challenger 2023","2023","2023-07-01","Beaverton, OR, US","Women's Advanced 4.0+","Lower Division (Medals)",2,"🥈 Silver Medal","None","Sato/Lowe","Elle Lowe","Malia Sato"
"The Portland Open - Spikeball Challenger 2023","2023","2023-07-01","Beaverton, OR, US","Women's Advanced 4.0+","Lower Division (Medals)",3,"🥉 Bronze Medal","None","Dinh/Gahley","Bethany Dinh","Nicol Gahley"
"The Portland Open - Spikeball Challenger 2023","2023","2023-07-01","Beaverton, OR, US","Women's Advanced 4.0+","Lower Division (Medals)",4,"4th Place (No Award)","None","$A ton of Chang$","Maia Small","Christine Chang"
"The Portland Open - Spikeball Challenger 2023","2023","2023-07-01","Beaverton, OR, US","Mixed Advanced 4.0+","Lower Division (Medals)",1,"🥇 Gold Medal","None","Fresh Prince of DeLair","Judy Tian","Blake Bosak"
"The Portland Open - Spikeball Challenger 2023","2023","2023-07-01","Beaverton, OR, US","Mixed Advanced 4.0+","Lower Division (Medals)",2,"🥈 Silver Medal","None","Flotato","Maddy Morehouse","Nick Wideman"
"The Portland Open - Spikeball Challenger 2023","2023","2023-07-01","Beaverton, OR, US","Mixed Advanced 4.0+","Lower Division (Medals)",3,"🥉 Bronze Medal","None","Nelson / Lowe","Elle Lowe","Connor Nelson"
"The Portland Open - Spikeball Challenger 2023","2023","2023-07-01","Beaverton, OR, US","Mixed Advanced 4.0+","Lower Division (Medals)",4,"4th Place (No Award)","None","Non-Profit","Kieran Rose","Malia Sato"
"Long Island Classic - Spikeball Challenger 2023","2023","2023-07-08","Central Islip, NY, US","Premier (5.0+)","Lower Division (Medals)",1,"🥇 Gold Medal","None","Guachos","Josh Fragiacomo","Ryan Oswalt"
"Long Island Classic - Spikeball Challenger 2023","2023","2023-07-08","Central Islip, NY, US","Premier (5.0+)","Lower Division (Medals)",2,"🥈 Silver Medal","None","RVA Spike","Brayden Latham","Will Picone"
"Long Island Classic - Spikeball Challenger 2023","2023","2023-07-08","Central Islip, NY, US","Premier (5.0+)","Lower Division (Medals)",3,"🥉 Bronze Medal","None","Sweet Nothings","Noah Luskus","Brendan Ferreira"
"Long Island Classic - Spikeball Challenger 2023","2023","2023-07-08","Central Islip, NY, US","Premier (5.0+)","Lower Division (Medals)",4,"4th Place (No Award)","None","M. Model / R. Santiago","Ricky Santiago","Max Model"
"Long Island Classic - Spikeball Challenger 2023","2023","2023-07-08","Central Islip, NY, US","Contender (4.5)","Lower Division (Medals)",1,"🥇 Gold Medal","None","Absolutely Torqued","Isaac Staats","Alex Newton"
"Long Island Classic - Spikeball Challenger 2023","2023","2023-07-08","Central Islip, NY, US","Contender (4.5)","Lower Division (Medals)",2,"🥈 Silver Medal","None","Asioneer","Jerry Lee","CHOU PO-JUI"
"Long Island Classic - Spikeball Challenger 2023","2023","2023-07-08","Central Islip, NY, US","Contender (4.5)","Lower Division (Medals)",3,"🥉 Bronze Medal","None","Low Expectations","Riley LeBlanc","Alex LeBlanc"
"Long Island Classic - Spikeball Challenger 2023","2023","2023-07-08","Central Islip, NY, US","Contender (4.5)","Lower Division (Medals)",4,"4th Place (No Award)","None","Bootycheeks","Greg Bove","Michael Nelson"
"Long Island Classic - Spikeball Challenger 2023","2023","2023-07-08","Central Islip, NY, US","Advanced (4.0)","Lower Division (Medals)",1,"🥇 Gold Medal","None","Panda","Matthew Li","Ryan Hoang"
"Long Island Classic - Spikeball Challenger 2023","2023","2023-07-08","Central Islip, NY, US","Advanced (4.0)","Lower Division (Medals)",2,"🥈 Silver Medal","None","Pulchritudinous Callipygians","Collin Wickramaratna","Nate Kunz"
"Long Island Classic - Spikeball Challenger 2023","2023","2023-07-08","Central Islip, NY, US","Advanced (4.0)","Lower Division (Medals)",3,"🥉 Bronze Medal","None","aced and confused","Wilson Jablonski","JP Jablonski"
"Long Island Classic - Spikeball Challenger 2023","2023","2023-07-08","Central Islip, NY, US","Advanced (4.0)","Lower Division (Medals)",4,"4th Place (No Award)","None","Cafe Buza","Zachary Amendola","Jack Briggs"
"Long Island Classic - Spikeball Challenger 2023","2023","2023-07-08","Central Islip, NY, US","Intermediate (3.0)","Lower Division (Medals)",1,"🥇 Gold Medal","None","Amateur Hitmen","Conor Chickos","Jason Lin"
"Long Island Classic - Spikeball Challenger 2023","2023","2023-07-08","Central Islip, NY, US","Intermediate (3.0)","Lower Division (Medals)",2,"🥈 Silver Medal","None","Fear","Jessica Panuccio","Abby Norris"
"Long Island Classic - Spikeball Challenger 2023","2023","2023-07-08","Central Islip, NY, US","Intermediate (3.0)","Lower Division (Medals)",3,"🥉 Bronze Medal","None","Tom and Joey","Thomas Gomez","Joe  Amabile"
"Long Island Classic - Spikeball Challenger 2023","2023","2023-07-08","Central Islip, NY, US","Intermediate (3.0)","Lower Division (Medals)",4,"4th Place (No Award)","None","Dirty Mike and the Boys","Kenny Legan","Doug Clawson"
"Long Island Classic - Spikeball Challenger 2023","2023","2023-07-08","Central Islip, NY, US","Mixed / Co-ED Advanced (4.0+)","Lower Division (Medals)",1,"🥇 Gold Medal","None","Lamontagne/Bingham","Abigale Lamontagne","Jared Bingham"
"Long Island Classic - Spikeball Challenger 2023","2023","2023-07-08","Central Islip, NY, US","Mixed / Co-ED Advanced (4.0+)","Lower Division (Medals)",2,"🥈 Silver Medal","None","California Girls","Lucas Pruett","Malia Wanderer"
"Long Island Classic - Spikeball Challenger 2023","2023","2023-07-08","Central Islip, NY, US","Mixed / Co-ED Advanced (4.0+)","Lower Division (Medals)",3,"🥉 Bronze Medal","None","Jumbo Shrimp","Matt Spolarich","Lourna Szabanos"
"Long Island Classic - Spikeball Challenger 2023","2023","2023-07-08","Central Islip, NY, US","Mixed / Co-ED Advanced (4.0+)","Lower Division (Medals)",4,"4th Place (No Award)","None","Avec Dream","Jerry Lee","Carina Kuo"
"Windy City Classic-Spikeball Challenger 2023","2023","2023-07-08","Schaumburg, IL, US","Premier(5.0)","Lower Division (Medals)",1,"🥇 Gold Medal","None","Rogue","Thomas Hamilton","Ryan Marino"
"Windy City Classic-Spikeball Challenger 2023","2023","2023-07-08","Schaumburg, IL, US","Premier(5.0)","Lower Division (Medals)",2,"🥈 Silver Medal","None","Tube Steaks","Emerson Dean","Skyler Sebring"
"Windy City Classic-Spikeball Challenger 2023","2023","2023-07-08","Schaumburg, IL, US","Premier(5.0)","Lower Division (Medals)",3,"🥉 Bronze Medal","None","CRO Fall Damage","Tyler Babin","Chris Brown"
"Windy City Classic-Spikeball Challenger 2023","2023","2023-07-08","Schaumburg, IL, US","Premier(5.0)","Lower Division (Medals)",4,"4th Place (No Award)","None","Basketball Purity","Joey Reynolds","Jack Bushart"
"Windy City Classic-Spikeball Challenger 2023","2023","2023-07-08","Schaumburg, IL, US","Women’s","Lower Division (Medals)",1,"🥇 Gold Medal","None","BIG BEAVERS","Jaime Cunningham","Shonda Couroux"
"Windy City Classic-Spikeball Challenger 2023","2023","2023-07-08","Schaumburg, IL, US","Women’s","Lower Division (Medals)",2,"🥈 Silver Medal","None","Red Spike and Blue","Faith Mehlhausen","Christabelle Mehlhausen"
"Windy City Classic-Spikeball Challenger 2023","2023","2023-07-08","Schaumburg, IL, US","Women’s","Lower Division (Medals)",3,"🥉 Bronze Medal","None","Sams Club","Samantha Barklow","sam greathouse"
"Windy City Classic-Spikeball Challenger 2023","2023","2023-07-08","Schaumburg, IL, US","Women’s","Lower Division (Medals)",4,"4th Place (No Award)","None","🐱astrophic","Bekah Smith","Tiff Ding"
"Windy City Classic-Spikeball Challenger 2023","2023","2023-07-08","Schaumburg, IL, US","Advanced(4.0)","Lower Division (Medals)",1,"🥇 Gold Medal","None","Unkown","Michael Zagone","Jack Mathews"
"Windy City Classic-Spikeball Challenger 2023","2023","2023-07-08","Schaumburg, IL, US","Advanced(4.0)","Lower Division (Medals)",2,"🥈 Silver Medal","None","The Brothers in Law","Matthew Williams","Micah Williams"
"Windy City Classic-Spikeball Challenger 2023","2023","2023-07-08","Schaumburg, IL, US","Advanced(4.0)","Lower Division (Medals)",3,"🥉 Bronze Medal","None",""Click" enthusiasts","will goetz","Ryan Nelson"
"Windy City Classic-Spikeball Challenger 2023","2023","2023-07-08","Schaumburg, IL, US","Advanced(4.0)","Lower Division (Medals)",4,"4th Place (No Award)","None","Grass Wreckers","Noah Geller","Emmanuel Nodal"
"Windy City Classic-Spikeball Challenger 2023","2023","2023-07-08","Schaumburg, IL, US","Intermediate(3.0)","Lower Division (Medals)",1,"🥇 Gold Medal","None","Super Spike Bros","Carter Louisell","Ethan Morello"
"Windy City Classic-Spikeball Challenger 2023","2023","2023-07-08","Schaumburg, IL, US","Intermediate(3.0)","Lower Division (Medals)",2,"🥈 Silver Medal","None","πr²net","Tahseen Robbani","Sanim Chowdhury"
"Windy City Classic-Spikeball Challenger 2023","2023","2023-07-08","Schaumburg, IL, US","Intermediate(3.0)","Lower Division (Medals)",3,"🥉 Bronze Medal","None","The Crustaceans","Michael Reeve","James Lawler"
"Windy City Classic-Spikeball Challenger 2023","2023","2023-07-08","Schaumburg, IL, US","Intermediate(3.0)","Lower Division (Medals)",4,"4th Place (No Award)","None","Spicy Rice Cake","Daniel Le","Israel Hernandez"
"Windy City Classic-Spikeball Challenger 2023","2023","2023-07-08","Schaumburg, IL, US","Mixed Intermediate(2.0-3.0)","Lower Division (Medals)",1,"🥇 Gold Medal","None","Lulu Limón","Julie Orozco","Luis Orozco"
"Windy City Classic-Spikeball Challenger 2023","2023","2023-07-08","Schaumburg, IL, US","Mixed Intermediate(2.0-3.0)","Lower Division (Medals)",2,"🥈 Silver Medal","None","The Freedom Quitters","Jenna Olson","Owen Luetke"
"Windy City Classic-Spikeball Challenger 2023","2023","2023-07-08","Schaumburg, IL, US","Mixed Intermediate(2.0-3.0)","Lower Division (Medals)",3,"🥉 Bronze Medal","None","Hit on 2","ISAAC GAVIN","Emma Blair"
"Windy City Classic-Spikeball Challenger 2023","2023","2023-07-08","Schaumburg, IL, US","Mixed Intermediate(2.0-3.0)","Lower Division (Medals)",4,"4th Place (No Award)","None","Strawberry Tall Cake","Sophia Schmidt","Austin Jarnagin"
"Windy City Classic-Spikeball Challenger 2023","2023","2023-07-08","Schaumburg, IL, US","Contender(4.5)","Lower Division (Medals)",1,"🥇 Gold Medal","None","CT/SheckBreezy","brandon farronato","Colin TOLENTINO"
"Windy City Classic-Spikeball Challenger 2023","2023","2023-07-08","Schaumburg, IL, US","Contender(4.5)","Lower Division (Medals)",2,"🥈 Silver Medal","None","Primal","Ruben Zapata","Micah Bouman"
"Windy City Classic-Spikeball Challenger 2023","2023","2023-07-08","Schaumburg, IL, US","Contender(4.5)","Lower Division (Medals)",3,"🥉 Bronze Medal","None","Soft Serve Custard but married now","Jared Kula","Joseph Coughlin"
"Windy City Classic-Spikeball Challenger 2023","2023","2023-07-08","Schaumburg, IL, US","Contender(4.5)","Lower Division (Medals)",4,"4th Place (No Award)","None","Death By Dropping Too Many of You Fools","Zak Kovatch","Griffin Sisk"
"Windy City Classic-Spikeball Challenger 2023","2023","2023-07-08","Schaumburg, IL, US","Mixed Advanced(4.0+)","Lower Division (Medals)",1,"🥇 Gold Medal","None","GFD supporters","Bekah Smith","Justin Barr"
"Windy City Classic-Spikeball Challenger 2023","2023","2023-07-08","Schaumburg, IL, US","Mixed Advanced(4.0+)","Lower Division (Medals)",2,"🥈 Silver Medal","None","Risky Bizz","Emerson Dean","Jaime Cunningham"
"Windy City Classic-Spikeball Challenger 2023","2023","2023-07-08","Schaumburg, IL, US","Mixed Advanced(4.0+)","Lower Division (Medals)",3,"🥉 Bronze Medal","None","She Breezy","Chris Brown","Shonda Couroux"
"Windy City Classic-Spikeball Challenger 2023","2023","2023-07-08","Schaumburg, IL, US","Mixed Advanced(4.0+)","Lower Division (Medals)",4,"4th Place (No Award)","None","Toxic BabyCakes","Tim Lacagnina","Adrianna Grothause"
"Los Angeles Open #3 -California Roundnet","2023","2023-07-08","Agoura Hills, CA, US","Contender/Advanced 3.0-4.5","Lower Division (Medals)",1,"🥇 Gold Medal","None","Water Ice","Aaron Treece","Marc Baldwin"
"Los Angeles Open #3 -California Roundnet","2023","2023-07-08","Agoura Hills, CA, US","Contender/Advanced 3.0-4.5","Lower Division (Medals)",2,"🥈 Silver Medal","None","Hicktown","Micah Allin","Noah Severson"
"Los Angeles Open #3 -California Roundnet","2023","2023-07-08","Agoura Hills, CA, US","Contender/Advanced 3.0-4.5","Lower Division (Medals)",3,"🥉 Bronze Medal","None","Wet Willy","Will Foote","Perrin York"
"Los Angeles Open #3 -California Roundnet","2023","2023-07-08","Agoura Hills, CA, US","Contender/Advanced 3.0-4.5","Lower Division (Medals)",4,"4th Place (No Award)","None","Are You Michael and Spencer?","Spencer Giddings","Michael Soliz"
"Los Angeles Open #3 -California Roundnet","2023","2023-07-08","Agoura Hills, CA, US","Expert 5.0","Lower Division (Medals)",1,"🥇 Gold Medal","None","75 Soft","Jason Rhoads","Samuel Buckman"
"Los Angeles Open #3 -California Roundnet","2023","2023-07-08","Agoura Hills, CA, US","Expert 5.0","Lower Division (Medals)",2,"🥈 Silver Medal","None","Flashbang ","Joseph Kaylor","Erik Faeustle"
"Los Angeles Open #3 -California Roundnet","2023","2023-07-08","Agoura Hills, CA, US","Expert 5.0","Lower Division (Medals)",3,"🥉 Bronze Medal","None","Fractal Spikes","Connor Nelson","Michael Du"
"Los Angeles Open #3 -California Roundnet","2023","2023-07-08","Agoura Hills, CA, US","Expert 5.0","Lower Division (Medals)",4,"4th Place (No Award)","None","See you in the finals","Clifton Miller","Ethan Zehr"
"Nashville Cup - Spikeball Challenger 2023","2023","2023-07-15","Nashville, TN, US","Premier (5.0)","Lower Division (Medals)",1,"🥇 Gold Medal","None","Rogue","Thomas Hamilton","Ryan Marino"
"Nashville Cup - Spikeball Challenger 2023","2023","2023-07-15","Nashville, TN, US","Premier (5.0)","Lower Division (Medals)",2,"🥈 Silver Medal","None","Kingdom Come","Grant Klapwijk","Matthew Cole"
"Nashville Cup - Spikeball Challenger 2023","2023","2023-07-15","Nashville, TN, US","Premier (5.0)","Lower Division (Medals)",3,"🥉 Bronze Medal","None","Absolutely Sozzled","Cade Larson","Matthew Burrows"
"Nashville Cup - Spikeball Challenger 2023","2023","2023-07-15","Nashville, TN, US","Premier (5.0)","Lower Division (Medals)",4,"4th Place (No Award)","None","Morgan/Mowry","Dawson Morgan","Luke Mowry"
"Nashville Cup - Spikeball Challenger 2023","2023","2023-07-15","Nashville, TN, US","Contender 4.5+","Lower Division (Medals)",1,"🥇 Gold Medal","None","Wild pickles","Donovan Michel","Aleks Essen"
"Nashville Cup - Spikeball Challenger 2023","2023","2023-07-15","Nashville, TN, US","Contender 4.5+","Lower Division (Medals)",1,"🥇 Gold Medal","None","Cleveland Cowboys","Daniel Patten","Levi Rogers"
"Nashville Cup - Spikeball Challenger 2023","2023","2023-07-15","Nashville, TN, US","Contender 4.5+","Lower Division (Medals)",3,"🥉 Bronze Medal","None","Anomaly","Bradley Clark","Ali Jenki"
"Nashville Cup - Spikeball Challenger 2023","2023","2023-07-15","Nashville, TN, US","Contender 4.5+","Lower Division (Medals)",4,"4th Place (No Award)","None","Grab it Don't Slap it","Keith Fleischmann","Devin Baron"
"Nashville Cup - Spikeball Challenger 2023","2023","2023-07-15","Nashville, TN, US","Women's Advanced 4.0+","Lower Division (Medals)",1,"🥇 Gold Medal","None","11:1","Julia Timan","Kalin Morgan"
"Nashville Cup - Spikeball Challenger 2023","2023","2023-07-15","Nashville, TN, US","Women's Advanced 4.0+","Lower Division (Medals)",2,"🥈 Silver Medal","None","rudyTOOTYcowboycat","Tiff Ding","Allie Foster"
"Nashville Cup - Spikeball Challenger 2023","2023","2023-07-15","Nashville, TN, US","Women's Advanced 4.0+","Lower Division (Medals)",3,"🥉 Bronze Medal","None",":-)","Carina Kuo","Stef Ding"
"Nashville Cup - Spikeball Challenger 2023","2023","2023-07-15","Nashville, TN, US","Women's Advanced 4.0+","Lower Division (Medals)",4,"4th Place (No Award)","None","The Only Ten-I-See","Daley Freeman","Paige Scanlon"
"Nashville Cup - Spikeball Challenger 2023","2023","2023-07-15","Nashville, TN, US","Intermediate 3.0","Lower Division (Medals)",1,"🥇 Gold Medal","None","SpikeBallrz","London Craddock","Silas Behnke"
"Nashville Cup - Spikeball Challenger 2023","2023","2023-07-15","Nashville, TN, US","Intermediate 3.0","Lower Division (Medals)",2,"🥈 Silver Medal","None","The bad weather boys 🌪","Zac Miller","Ty Williams"
"Nashville Cup - Spikeball Challenger 2023","2023","2023-07-15","Nashville, TN, US","Intermediate 3.0","Lower Division (Medals)",3,"🥉 Bronze Medal","None","Nacho y esqueleto","lambros louloupides","Brennan Buss"
"Nashville Cup - Spikeball Challenger 2023","2023","2023-07-15","Nashville, TN, US","Intermediate 3.0","Lower Division (Medals)",4,"4th Place (No Award)","None","The SWAT Team","Mitchell York","Sawyer Garrett"
"Nashville Cup - Spikeball Challenger 2023","2023","2023-07-15","Nashville, TN, US","Mixed","Lower Division (Medals)",1,"🥇 Gold Medal","None","Living Water","Grant Klapwijk","Julia Timan"
"Nashville Cup - Spikeball Challenger 2023","2023","2023-07-15","Nashville, TN, US","Mixed","Lower Division (Medals)",2,"🥈 Silver Medal","None","Little Bear ","Matthew Cole","Allie Foster"
"Nashville Cup - Spikeball Challenger 2023","2023","2023-07-15","Nashville, TN, US","Mixed","Lower Division (Medals)",3,"🥉 Bronze Medal","None","Casual Aliens","Ali Jenki","Brendan Ferreira"
"Nashville Cup - Spikeball Challenger 2023","2023","2023-07-15","Nashville, TN, US","Mixed","Lower Division (Medals)",3,"🥉 Bronze Medal","None","Bumfuzzle","Olivia Jenki","Ryan Marino"
"The Philadelphia Major 2023","2023","2023-07-22","West Bradford Township, PA, US","Mixed Intermediate 2.0-3.0","Lower Division (Medals)",1,"🥇 Gold Medal","None","Tank","Janey Rubin","Ty Fields"
"The Philadelphia Major 2023","2023","2023-07-22","West Bradford Township, PA, US","Mixed Intermediate 2.0-3.0","Lower Division (Medals)",2,"🥈 Silver Medal","None","Sass to the Grass","Tim Daudelin","Katrina Gabriella"
"The Philadelphia Major 2023","2023","2023-07-22","West Bradford Township, PA, US","Mixed Intermediate 2.0-3.0","Lower Division (Medals)",3,"🥉 Bronze Medal","None","Liam & Lydia","Liam Sherron","Lydia Malone"
"The Philadelphia Major 2023","2023","2023-07-22","West Bradford Township, PA, US","Mixed Intermediate 2.0-3.0","Lower Division (Medals)",4,"4th Place (No Award)","None","Alfredo Aces","Josh Esposo","Bel Belvedere"
"The Philadelphia Major 2023","2023","2023-07-22","West Bradford Township, PA, US","Intermediate 3.0","Lower Division (Medals)",1,"🥇 Gold Medal","None","Spikalogians","Ben Kabakjian","Andrew Trumbore"
"The Philadelphia Major 2023","2023","2023-07-22","West Bradford Township, PA, US","Intermediate 3.0","Lower Division (Medals)",2,"🥈 Silver Medal","None","Scandinavian Salmon","Dave Davino","John Fenlon"
"The Philadelphia Major 2023","2023","2023-07-22","West Bradford Township, PA, US","Intermediate 3.0","Lower Division (Medals)",3,"🥉 Bronze Medal","None","Gaels II","Gregory Conley","Nathan Born"
"The Philadelphia Major 2023","2023","2023-07-22","West Bradford Township, PA, US","Intermediate 3.0","Lower Division (Medals)",4,"4th Place (No Award)","None","Super Smash Bros","Aiden Bagi","Connor Blence"
"The Philadelphia Major 2023","2023","2023-07-22","West Bradford Township, PA, US","Contender 4.5+","Lower Division (Medals)",1,"🥇 Gold Medal","None","Let's Eat","Matthias Dreiling","Dennis Wei"
"The Philadelphia Major 2023","2023","2023-07-22","West Bradford Township, PA, US","Contender 4.5+","Lower Division (Medals)",2,"🥈 Silver Medal","None","Low Blows","Jonathan Yuan","Kevin Chen"
"The Philadelphia Major 2023","2023","2023-07-22","West Bradford Township, PA, US","Contender 4.5+","Lower Division (Medals)",3,"🥉 Bronze Medal","None","W'S ONLY","Conrad Wagler","Jaden Weber"
"The Philadelphia Major 2023","2023","2023-07-22","West Bradford Township, PA, US","Contender 4.5+","Lower Division (Medals)",4,"4th Place (No Award)","None","Fried Pork","Lucas Hope","Ryan Park"
"The Philadelphia Major 2023","2023","2023-07-22","West Bradford Township, PA, US","Women's Advanced 4.0+","Lower Division (Medals)",1,"🥇 Gold Medal","None","VV Munchkins ","Olivia Jenki","Allie Foster"
"The Philadelphia Major 2023","2023","2023-07-22","West Bradford Township, PA, US","Women's Advanced 4.0+","Lower Division (Medals)",2,"🥈 Silver Medal","None","Royalty","Laurence Vallée","Katie Pierson"
"The Philadelphia Major 2023","2023","2023-07-22","West Bradford Township, PA, US","Women's Advanced 4.0+","Lower Division (Medals)",3,"🥉 Bronze Medal","None","teenage petulance","Sarah Allen","Kalin Morgan"
"The Philadelphia Major 2023","2023","2023-07-22","West Bradford Township, PA, US","Women's Advanced 4.0+","Lower Division (Medals)",4,"4th Place (No Award)","None","Tea Time","Joelle Nguyen","Lou Washburn"
"The Philadelphia Major 2023","2023","2023-07-22","West Bradford Township, PA, US","Mixed Advanced 4.0+","Lower Division (Medals)",1,"🥇 Gold Medal","None","Gabraham Lincoln, Nebraska","Sarah Allen","Gabe Finocchi"
"The Philadelphia Major 2023","2023","2023-07-22","West Bradford Township, PA, US","Mixed Advanced 4.0+","Lower Division (Medals)",2,"🥈 Silver Medal","None","TRP subtle","Joe Bondi","Ali Jenki"
"The Philadelphia Major 2023","2023","2023-07-22","West Bradford Township, PA, US","Mixed Advanced 4.0+","Lower Division (Medals)",3,"🥉 Bronze Medal","None","Woopsie Doopsie","Vincent Mathieu","Lou Washburn"
"The Philadelphia Major 2023","2023","2023-07-22","West Bradford Township, PA, US","Mixed Advanced 4.0+","Lower Division (Medals)",4,"4th Place (No Award)","None","Golden Hour","Olivia Jenki","Will Picone"
"The Philadelphia Major 2023","2023","2023-07-22","West Bradford Township, PA, US","Premier 5.0+","Lower Division (Medals)",1,"🥇 Gold Medal","None","Rogue","Thomas Hamilton","Ryan Marino"
"The Philadelphia Major 2023","2023","2023-07-22","West Bradford Township, PA, US","Premier 5.0+","Lower Division (Medals)",2,"🥈 Silver Medal","None","Critical Hit","Justin Barr","Vincent Mathieu"
"The Philadelphia Major 2023","2023","2023-07-22","West Bradford Township, PA, US","Premier 5.0+","Lower Division (Medals)",3,"🥉 Bronze Medal","None","Judgment Day","Gabriel Finocchi","fredric hinkle"
"The Philadelphia Major 2023","2023","2023-07-22","West Bradford Township, PA, US","Premier 5.0+","Lower Division (Medals)",4,"4th Place (No Award)","None","TRP Spotless","Joe Bondi","Ryan Gross"
"The Maryland Monumental | Spikeball Challenger 2023 | DAY 1","2023","2023-07-29","Boyds, MD, US","4.0+ Women's Advanced","Lower Division (Medals)",1,"🥇 Gold Medal","None","whiff & tiff?","Meagan Bown","Tiff Ding"
"The Maryland Monumental | Spikeball Challenger 2023 | DAY 1","2023","2023-07-29","Boyds, MD, US","4.0+ Women's Advanced","Lower Division (Medals)",2,"🥈 Silver Medal","None","Stef and Abby ","Abby Piedmont","Stef Ding"
"The Maryland Monumental | Spikeball Challenger 2023 | DAY 1","2023","2023-07-29","Boyds, MD, US","4.0+ Women's Advanced","Lower Division (Medals)",3,"🥉 Bronze Medal","None","Goofy Goobers","Alyssa Drain","Katheleen Phan"
"The Maryland Monumental | Spikeball Challenger 2023 | DAY 1","2023","2023-07-29","Boyds, MD, US","4.0+ Women's Advanced","Lower Division (Medals)",4,"4th Place (No Award)","None","Scrambled Legs","Amanda Jamieson","Lourna Szabanos"
"The Maryland Monumental | Spikeball Challenger 2023 | DAY 1","2023","2023-07-29","Boyds, MD, US","4.0 Advanced","Lower Division (Medals)",1,"🥇 Gold Medal","None","Jack John(son)","John Silva","Jack Domark"
"The Maryland Monumental | Spikeball Challenger 2023 | DAY 1","2023","2023-07-29","Boyds, MD, US","4.0 Advanced","Lower Division (Medals)",2,"🥈 Silver Medal","None","It’s Not Over Till It’s Ogre","Christian Moore","Shane Moore"
"The Maryland Monumental | Spikeball Challenger 2023 | DAY 1","2023","2023-07-29","Boyds, MD, US","4.0 Advanced","Lower Division (Medals)",3,"🥉 Bronze Medal","None","Set it and Forget It","Kyle McNulty","Mike Callan"
"The Maryland Monumental | Spikeball Challenger 2023 | DAY 1","2023","2023-07-29","Boyds, MD, US","4.0 Advanced","Lower Division (Medals)",4,"4th Place (No Award)","None","BANANA BOYS","John Bullock","Eric Guan"
"The Maryland Monumental | Spikeball Challenger 2023 | DAY 1","2023","2023-07-29","Boyds, MD, US","2.0-3.0 Open Intermediate","Lower Division (Medals)",1,"🥇 Gold Medal","None","Wombo Combo","Justin Woffinden","Josh Woffinden"
"The Maryland Monumental | Spikeball Challenger 2023 | DAY 1","2023","2023-07-29","Boyds, MD, US","2.0-3.0 Open Intermediate","Lower Division (Medals)",2,"🥈 Silver Medal","None","Ballin on a Budget","Anders Benson","Justin Desai"
"The Maryland Monumental | Spikeball Challenger 2023 | DAY 1","2023","2023-07-29","Boyds, MD, US","2.0-3.0 Open Intermediate","Lower Division (Medals)",3,"🥉 Bronze Medal","None","Le Pass Down","Aaron Witkin","Baillie Olin"
"The Maryland Monumental | Spikeball Challenger 2023 | DAY 1","2023","2023-07-29","Boyds, MD, US","2.0-3.0 Open Intermediate","Lower Division (Medals)",4,"4th Place (No Award)","None","Hot Pockets","Christina Benson","Hannah Covell"
"The Maryland Monumental | Spikeball Challenger 2023 | DAY 1","2023","2023-07-29","Boyds, MD, US","5.0+ Premier (Open)","Lower Division (Medals)",1,"🥇 Gold Medal","None","TRP palate cleanser ","Joe Bondi","Clark Marshall"
"The Maryland Monumental | Spikeball Challenger 2023 | DAY 1","2023","2023-07-29","Boyds, MD, US","5.0+ Premier (Open)","Lower Division (Medals)",2,"🥈 Silver Medal","None","Model/Finocchi","Gabe Finocchi","Cole Model"
"The Maryland Monumental | Spikeball Challenger 2023 | DAY 1","2023","2023-07-29","Boyds, MD, US","5.0+ Premier (Open)","Lower Division (Medals)",3,"🥉 Bronze Medal","None","Bags are Packed","Ryan Gross","Ryan Marino"
"The Maryland Monumental | Spikeball Challenger 2023 | DAY 1","2023","2023-07-29","Boyds, MD, US","5.0+ Premier (Open)","Lower Division (Medals)",4,"4th Place (No Award)","None","Abrams/ Picone ☀️🚿 ","Dan Abrams","Will Picone"
"The Maryland Monumental | Spikeball Challenger 2023 | DAY 1","2023","2023-07-29","Boyds, MD, US","4.5+ Contender (Open)","Lower Division (Medals)",1,"🥇 Gold Medal","None","Falck - Drew","Drew Ryder","Felipe Larroza"
"The Maryland Monumental | Spikeball Challenger 2023 | DAY 1","2023","2023-07-29","Boyds, MD, US","4.5+ Contender (Open)","Lower Division (Medals)",2,"🥈 Silver Medal","None","an embarrassing number of points","Jared Dean Katz","Garrett Blanchard"
"The Maryland Monumental | Spikeball Challenger 2023 | DAY 1","2023","2023-07-29","Boyds, MD, US","4.5+ Contender (Open)","Lower Division (Medals)",3,"🥉 Bronze Medal","None","Premerekats","Justin Wang","Riley Savastano"
"The Maryland Monumental | Spikeball Challenger 2023 | DAY 1","2023","2023-07-29","Boyds, MD, US","4.5+ Contender (Open)","Lower Division (Medals)",4,"4th Place (No Award)","None","Williamsburg Roundnet","Elijah Katz","Noah Katz"
"HeatWave Classic VI - Spikeball Challenger 2023","2023","2023-07-29","Round Rock, TX, US","Premier 5.0","Lower Division (Medals)",1,"🥇 Gold Medal","None","Kingdom Come","Grant Klapwijk","Matthew Cole"
"HeatWave Classic VI - Spikeball Challenger 2023","2023","2023-07-29","Round Rock, TX, US","Premier 5.0","Lower Division (Medals)",2,"🥈 Silver Medal","None","TRP Sauucy","Rahul Murthy","Christian Bennett"
"HeatWave Classic VI - Spikeball Challenger 2023","2023","2023-07-29","Round Rock, TX, US","Premier 5.0","Lower Division (Medals)",3,"🥉 Bronze Medal","None","HM01","Luke Mowry","Caleb Cummings"
"HeatWave Classic VI - Spikeball Challenger 2023","2023","2023-07-29","Round Rock, TX, US","Premier 5.0","Lower Division (Medals)",4,"4th Place (No Award)","None","Bink City","Tyler Fernandez","fredric hinkle"
"HeatWave Classic VI - Spikeball Challenger 2023","2023","2023-07-29","Round Rock, TX, US","Advanced 4.0","Lower Division (Medals)",1,"🥇 Gold Medal","None","Underserved","Thomas Ku","Michael Peng"
"HeatWave Classic VI - Spikeball Challenger 2023","2023","2023-07-29","Round Rock, TX, US","Advanced 4.0","Lower Division (Medals)",2,"🥈 Silver Medal","None","Schlö boys","John ODonnell","Karsten Bresser"
"HeatWave Classic VI - Spikeball Challenger 2023","2023","2023-07-29","Round Rock, TX, US","Advanced 4.0","Lower Division (Medals)",3,"🥉 Bronze Medal","None","Short Shawties","Bryce Wurster","Ethan Phelps"
"HeatWave Classic VI - Spikeball Challenger 2023","2023","2023-07-29","Round Rock, TX, US","Advanced 4.0","Lower Division (Medals)",4,"4th Place (No Award)","None","The BrOreos","Matthew Xu","Timothy Wong"
"HeatWave Classic VI - Spikeball Challenger 2023","2023","2023-07-29","Round Rock, TX, US","Women's 4.0","Lower Division (Medals)",1,"🥇 Gold Medal","None","Pocket Monsters","Rebecca Peng","Yan Chung Cheung"
"HeatWave Classic VI - Spikeball Challenger 2023","2023","2023-07-29","Round Rock, TX, US","Women's 4.0","Lower Division (Medals)",2,"🥈 Silver Medal","None","Lydia/Raylyn","Raylyn Tarquinio","Lydia Malone"
"HeatWave Classic VI - Spikeball Challenger 2023","2023","2023-07-29","Round Rock, TX, US","Women's 4.0","Lower Division (Medals)",3,"🥉 Bronze Medal","None","caprisun kids","Anna Wong","Jordan Su"
"HeatWave Classic VI - Spikeball Challenger 2023","2023","2023-07-29","Round Rock, TX, US","Women's 4.0","Lower Division (Medals)",3,"🥉 Bronze Medal","None","sus kids","kara douglas","Alyson Wurster"
"HeatWave Classic VI - Spikeball Challenger 2023","2023","2023-07-29","Round Rock, TX, US","Contender 4.5","Lower Division (Medals)",1,"🥇 Gold Medal","None","To be decided","Shachi Patel","Grant Marshall"
"HeatWave Classic VI - Spikeball Challenger 2023","2023","2023-07-29","Round Rock, TX, US","Contender 4.5","Lower Division (Medals)",2,"🥈 Silver Medal","None","Horns Down","Cooper Diaz","Gibb Layton"
"HeatWave Classic VI - Spikeball Challenger 2023","2023","2023-07-29","Round Rock, TX, US","Contender 4.5","Lower Division (Medals)",3,"🥉 Bronze Medal","None","Lemme Cook","Julia Timan","Jerm Porter"
"HeatWave Classic VI - Spikeball Challenger 2023","2023","2023-07-29","Round Rock, TX, US","Contender 4.5","Lower Division (Medals)",4,"4th Place (No Award)","None","Kibby Tipps","Kyle Grimes","varun ramesh"
"Crete Open","2023","2023-07-29","Crete, IL, US","Expert(4.5)","Lower Division (Medals)",1,"🥇 Gold Medal","None","Broekema/Fowler","Gavin Broekema","Kyle Fowler"
"Crete Open","2023","2023-07-29","Crete, IL, US","Expert(4.5)","Lower Division (Medals)",2,"🥈 Silver Medal","None","My Mom","Corey Schneck","Joey Reynolds"
"Crete Open","2023","2023-07-29","Crete, IL, US","Expert(4.5)","Lower Division (Medals)",3,"🥉 Bronze Medal","None","Double or Nothing","Marty Merigold","Kenny Velu"
"Crete Open","2023","2023-07-29","Crete, IL, US","Expert(4.5)","Lower Division (Medals)",4,"4th Place (No Award)","None","Grit","Ruben Zapata","Jason Inumerable"
"San Jose Open #4 -California Roundnet","2023","2023-08-05","San Jose, CA, US","Expert 5.0","Lower Division (Medals)",1,"🥇 Gold Medal","None","white men can’t jump","Jason Rhoads","Joseph Kaylor"
"San Jose Open #4 -California Roundnet","2023","2023-08-05","San Jose, CA, US","Expert 5.0","Lower Division (Medals)",2,"🥈 Silver Medal","None","Almost a full Mexican ","Josh Fragiacomo","Clifton Miller"
"San Jose Open #4 -California Roundnet","2023","2023-08-05","San Jose, CA, US","Expert 5.0","Lower Division (Medals)",3,"🥉 Bronze Medal","None","Accio Pitcher","Jacob Payer","Connor Nelson"
"San Jose Open #4 -California Roundnet","2023","2023-08-05","San Jose, CA, US","Expert 5.0","Lower Division (Medals)",4,"4th Place (No Award)","None","Edge Guarders","Michael Du","Charlie Camarena"
"San Jose Open #4 -California Roundnet","2023","2023-08-05","San Jose, CA, US","Contender 3.0-4.5","Lower Division (Medals)",1,"🥇 Gold Medal","None","SetOnMyFace","Krish Kumar","Jake Young"
"San Jose Open #4 -California Roundnet","2023","2023-08-05","San Jose, CA, US","Contender 3.0-4.5","Lower Division (Medals)",2,"🥈 Silver Medal","None","Butter","Esteban Cambronero Saba","Michael Liu"
"San Jose Open #4 -California Roundnet","2023","2023-08-05","San Jose, CA, US","Contender 3.0-4.5","Lower Division (Medals)",3,"🥉 Bronze Medal","None","Fwango Unchained","Thomas  McClure ","Noah Saddik"
"San Jose Open #4 -California Roundnet","2023","2023-08-05","San Jose, CA, US","Contender 3.0-4.5","Lower Division (Medals)",3,"🥉 Bronze Medal","None","on2","Rohun Shroff","Devon Lee"
"BANG! - Spikeball Challenger 2023","2023","2023-08-05","Rochester Hills, MI, US","Premier","Lower Division (Medals)",1,"🥇 Gold Medal","None","Rogue","Thomas Hamilton","Ryan Marino"
"BANG! - Spikeball Challenger 2023","2023","2023-08-05","Rochester Hills, MI, US","Premier","Lower Division (Medals)",2,"🥈 Silver Medal","None","Critical Hit","Justin Barr","Vincent Mathieu"
"BANG! - Spikeball Challenger 2023","2023","2023-08-05","Rochester Hills, MI, US","Premier","Lower Division (Medals)",3,"🥉 Bronze Medal","None","Swamp Donkeys","Emerson Dean","Etienne Cote"
"BANG! - Spikeball Challenger 2023","2023","2023-08-05","Rochester Hills, MI, US","Premier","Lower Division (Medals)",4,"4th Place (No Award)","None","Pneumatic💥","Dawson Morgan","Blake Bosak"
"BANG! - Spikeball Challenger 2023","2023","2023-08-05","Rochester Hills, MI, US","Womens","Lower Division (Medals)",1,"🥇 Gold Medal","None","YU-BAE","Dianne Fonseca","Soph Yu"
"BANG! - Spikeball Challenger 2023","2023","2023-08-05","Rochester Hills, MI, US","Womens","Lower Division (Medals)",2,"🥈 Silver Medal","None","BIG BEAVERS","Jaime Cunningham","Shonda Couroux"
"BANG! - Spikeball Challenger 2023","2023","2023-08-05","Rochester Hills, MI, US","Womens","Lower Division (Medals)",3,"🥉 Bronze Medal","None","PRIME","Adrianna Grothause","Samantha Barklow"
"BANG! - Spikeball Challenger 2023","2023","2023-08-05","Rochester Hills, MI, US","Womens","Lower Division (Medals)",4,"4th Place (No Award)","None","DQ grill & chill","Jhanaj Quispe","Rachel Dolan"
"BANG! - Spikeball Challenger 2023","2023","2023-08-05","Rochester Hills, MI, US","Contender","Lower Division (Medals)",1,"🥇 Gold Medal","None","Friedeman/U'Wren","Zeke Friedeman","Jacob U'Wren"
"BANG! - Spikeball Challenger 2023","2023","2023-08-05","Rochester Hills, MI, US","Contender","Lower Division (Medals)",2,"🥈 Silver Medal","None","Pocket Aces","Jack Bush","lucas klopfenstein"
"BANG! - Spikeball Challenger 2023","2023","2023-08-05","Rochester Hills, MI, US","Contender","Lower Division (Medals)",3,"🥉 Bronze Medal","None","Monty/Dhankani","Arjun Dhankani","Nathan Montgomery"
"BANG! - Spikeball Challenger 2023","2023","2023-08-05","Rochester Hills, MI, US","Contender","Lower Division (Medals)",4,"4th Place (No Award)","None","Get Milked","Drew Banziger","Izayah Gibson"
"BANG! - Spikeball Challenger 2023","2023","2023-08-05","Rochester Hills, MI, US","Intermediate","Lower Division (Medals)",1,"🥇 Gold Medal","None","Cann-do","Nathan Warner","Rob C"
"BANG! - Spikeball Challenger 2023","2023","2023-08-05","Rochester Hills, MI, US","Intermediate","Lower Division (Medals)",2,"🥈 Silver Medal","None","BALLSONYA","George Drallos","Chandler Oaks"
"BANG! - Spikeball Challenger 2023","2023","2023-08-05","Rochester Hills, MI, US","Intermediate","Lower Division (Medals)",3,"🥉 Bronze Medal","None","Senzu Beans","Nate Vargo","Robin Wolschendorf"
"BANG! - Spikeball Challenger 2023","2023","2023-08-05","Rochester Hills, MI, US","Intermediate","Lower Division (Medals)",4,"4th Place (No Award)","None","Chunky Monkey","Weston Motloch","Jay Cubitt"
"The Columbus Major 2023","2023","2023-08-12","Obetz, OH, US","Premier 5.0+","Lower Division (Medals)",1,"🥇 Gold Medal","None","Insystem","Etienne Cote","Blake Bosak"
"The Columbus Major 2023","2023","2023-08-12","Obetz, OH, US","Premier 5.0+","Lower Division (Medals)",2,"🥈 Silver Medal","None","Bad Combo","Will Picone","Rahul Murthy"
"The Columbus Major 2023","2023","2023-08-12","Obetz, OH, US","Premier 5.0+","Lower Division (Medals)",3,"🥉 Bronze Medal","None","Judgment Day","Gabriel Finocchi","fredric hinkle"
"The Columbus Major 2023","2023","2023-08-12","Obetz, OH, US","Premier 5.0+","Lower Division (Medals)",4,"4th Place (No Award)","None","Rogue","Thomas Hamilton","Ryan Marino"
"The Columbus Major 2023","2023","2023-08-12","Obetz, OH, US","Women's Advanced 4.0+","Lower Division (Medals)",1,"🥇 Gold Medal","None","TWINZ","Ali Jenki","Olivia Jenki"
"The Columbus Major 2023","2023","2023-08-12","Obetz, OH, US","Women's Advanced 4.0+","Lower Division (Medals)",2,"🥈 Silver Medal","None","2k•","Kayla Wu-Fleming","Karah Hui"
"The Columbus Major 2023","2023","2023-08-12","Obetz, OH, US","Women's Advanced 4.0+","Lower Division (Medals)",3,"🥉 Bronze Medal","None","Veggie Tales","Allie Foster","Shachi Patel"
"The Columbus Major 2023","2023","2023-08-12","Obetz, OH, US","Women's Advanced 4.0+","Lower Division (Medals)",4,"4th Place (No Award)","None","11:1","Julia Timan","Kalin Morgan"
"The Columbus Major 2023","2023","2023-08-12","Obetz, OH, US","Advanced/Intermediate","Lower Division (Medals)",1,"🥇 Gold Medal","None","Crewsters","Caleb Manwiller","Ethan Manwiller"
"The Columbus Major 2023","2023","2023-08-12","Obetz, OH, US","Advanced/Intermediate","Lower Division (Medals)",2,"🥈 Silver Medal","None","Too broke to afford mammoth","Kyle Griffin","Ryan Kelch"
"The Columbus Major 2023","2023","2023-08-12","Obetz, OH, US","Advanced/Intermediate","Lower Division (Medals)",3,"🥉 Bronze Medal","None","Me and Bro","Noah Frame","Larry Kendall"
"The Columbus Major 2023","2023","2023-08-12","Obetz, OH, US","Advanced/Intermediate","Lower Division (Medals)",3,"🥉 Bronze Medal","None","Team Hopewell","Ethan Alexander","Gabe Johnson"
"The Columbus Major 2023","2023","2023-08-12","Obetz, OH, US","Mixed Advanced 4.0+","Lower Division (Medals)",1,"🥇 Gold Medal","None","TRP Tequila","Olivia Jenki","Rahul Murthy"
"The Columbus Major 2023","2023","2023-08-12","Obetz, OH, US","Mixed Advanced 4.0+","Lower Division (Medals)",2,"🥈 Silver Medal","None","TRP subtle","Joe Bondi","Ali Jenki"
"The Columbus Major 2023","2023","2023-08-12","Obetz, OH, US","Mixed Advanced 4.0+","Lower Division (Medals)",3,"🥉 Bronze Medal","None","Jaskier’s Groupies","Ryan Marino","Shachi Patel"
"The Columbus Major 2023","2023","2023-08-12","Obetz, OH, US","Mixed Advanced 4.0+","Lower Division (Medals)",4,"4th Place (No Award)","None","pinto.","Karah Hui","Ryan Gross"
"The Columbus Major 2023","2023","2023-08-12","Obetz, OH, US","Contender 4.5+","Lower Division (Medals)",1,"🥇 Gold Medal","None","Narayan/Pinsonneault","Jacob Narayan","Macy Pinsonneault"
"The Columbus Major 2023","2023","2023-08-12","Obetz, OH, US","Contender 4.5+","Lower Division (Medals)",2,"🥈 Silver Medal","None","Renaissance","Brandon Tice","Rohil Senapati"
"The Columbus Major 2023","2023","2023-08-12","Obetz, OH, US","Contender 4.5+","Lower Division (Medals)",3,"🥉 Bronze Medal","None","Bremner/Semke","Chase Bremner","Wyatt Semke"
"The Columbus Major 2023","2023","2023-08-12","Obetz, OH, US","Contender 4.5+","Lower Division (Medals)",4,"4th Place (No Award)","None","1more","ty fields","Zak Kovatch"
"Ethan Song Roundnet Tournament | Spikeball Challenger 2023","2023","2023-08-19","North Branford, CT, US","4.0 Open Advanced","Lower Division (Medals)",1,"🥇 Gold Medal","None","Boost Maidens","Joe Sciano","Mackinly Yorgensen"
"Ethan Song Roundnet Tournament | Spikeball Challenger 2023","2023","2023-08-19","North Branford, CT, US","4.0 Open Advanced","Lower Division (Medals)",2,"🥈 Silver Medal","None","Spiked Cocktails","Carson Paull","Wilson Jablonski"
"Ethan Song Roundnet Tournament | Spikeball Challenger 2023","2023","2023-08-19","North Branford, CT, US","4.0 Open Advanced","Lower Division (Medals)",3,"🥉 Bronze Medal","None","out of pocket","Spencer Sochin","Patrick O’Hara"
"Ethan Song Roundnet Tournament | Spikeball Challenger 2023","2023","2023-08-19","North Branford, CT, US","4.0 Open Advanced","Lower Division (Medals)",4,"4th Place (No Award)","None","Crentis","Jonathan Brackett","David Bonnette"
"Ethan Song Roundnet Tournament | Spikeball Challenger 2023","2023","2023-08-19","North Branford, CT, US","3.0 Open Intermediate","Lower Division (Medals)",1,"🥇 Gold Medal","None","Serious George","Bodhi Vohora","Dylan Goral"
"Ethan Song Roundnet Tournament | Spikeball Challenger 2023","2023","2023-08-19","North Branford, CT, US","3.0 Open Intermediate","Lower Division (Medals)",2,"🥈 Silver Medal","None","Aceholes","Gregory Conley","Aidan Michael"
"Ethan Song Roundnet Tournament | Spikeball Challenger 2023","2023","2023-08-19","North Branford, CT, US","3.0 Open Intermediate","Lower Division (Medals)",3,"🥉 Bronze Medal","None","Big Dogs","Sebastian Roemer","Ado Jean-Noel"
"Ethan Song Roundnet Tournament | Spikeball Challenger 2023","2023","2023-08-19","North Branford, CT, US","3.0 Open Intermediate","Lower Division (Medals)",4,"4th Place (No Award)","None","King Jizzy","Jack Christman","James Hess"
"Ethan Song Roundnet Tournament | Spikeball Challenger 2023","2023","2023-08-19","North Branford, CT, US","2.0 Open Matinee (Beginner)","Lower Division (Medals)",1,"🥇 Gold Medal","None","Seattle Seamen","William Redmond","Scott Sieger"
"Ethan Song Roundnet Tournament | Spikeball Challenger 2023","2023","2023-08-19","North Branford, CT, US","2.0 Open Matinee (Beginner)","Lower Division (Medals)",2,"🥈 Silver Medal","None","Dick Van Spike","Garret Kelly","Manu Narasimhan"
"Ethan Song Roundnet Tournament | Spikeball Challenger 2023","2023","2023-08-19","North Branford, CT, US","2.0 Open Matinee (Beginner)","Lower Division (Medals)",3,"🥉 Bronze Medal","None","Ball Slappers","Cole Ferravante","Sawyer Nicholas"
"Ethan Song Roundnet Tournament | Spikeball Challenger 2023","2023","2023-08-19","North Branford, CT, US","2.0 Open Matinee (Beginner)","Lower Division (Medals)",4,"4th Place (No Award)","None","Ex-Roommates","Brielle Kendrioski","Maeve Grattan"
"Ethan Song Roundnet Tournament | Spikeball Challenger 2023","2023","2023-08-19","North Branford, CT, US","4.5+ Contender (Open)","Lower Division (Medals)",1,"🥇 Gold Medal","None","AiDaniel","DJ Dantowitz","Aidan Buchanan"
"Ethan Song Roundnet Tournament | Spikeball Challenger 2023","2023","2023-08-19","North Branford, CT, US","4.5+ Contender (Open)","Lower Division (Medals)",2,"🥈 Silver Medal","None","Full Circle","Brandon Timonere","Cooper Pennell"
"Ethan Song Roundnet Tournament | Spikeball Challenger 2023","2023","2023-08-19","North Branford, CT, US","4.5+ Contender (Open)","Lower Division (Medals)",3,"🥉 Bronze Medal","None","Happy Heffalumps","Michael Catuccio","Matt Catuccio"
"Ethan Song Roundnet Tournament | Spikeball Challenger 2023","2023","2023-08-19","North Branford, CT, US","4.5+ Contender (Open)","Lower Division (Medals)",4,"4th Place (No Award)","None","All hail Plankton","David Nara","Liam Keegan"
"Ethan Song Roundnet Tournament | Spikeball Challenger 2023","2023","2023-08-19","North Branford, CT, US","5.0+ Premier (Open)","Lower Division (Medals)",1,"🥇 Gold Medal","None","Finocchachurch","Gabriel Finocchi","Taylor Church"
"Ethan Song Roundnet Tournament | Spikeball Challenger 2023","2023","2023-08-19","North Branford, CT, US","5.0+ Premier (Open)","Lower Division (Medals)",2,"🥈 Silver Medal","None","The Prince","Maxime Prince","Samuel Prince"
"Ethan Song Roundnet Tournament | Spikeball Challenger 2023","2023","2023-08-19","North Branford, CT, US","5.0+ Premier (Open)","Lower Division (Medals)",3,"🥉 Bronze Medal","None","V⚡️RGA","Dawson Morgan","Caleb Cummings"
"Ethan Song Roundnet Tournament | Spikeball Challenger 2023","2023","2023-08-19","North Branford, CT, US","5.0+ Premier (Open)","Lower Division (Medals)",4,"4th Place (No Award)","None","Hilltop","Cole Model","Max Model"
"Illinois Roundnet State Championship","2023","2023-08-26","Evanston, IL, US","Advanced(4.0)/Intermediate(3.0)","Lower Division (Medals)",1,"🥇 Gold Medal","None","It takes two to fwango","Brandon Fong","Harry Soyka"
"Illinois Roundnet State Championship","2023","2023-08-26","Evanston, IL, US","Advanced(4.0)/Intermediate(3.0)","Lower Division (Medals)",2,"🥈 Silver Medal","None","Lettucebros ","Hayden Latus","brady latus"
"Illinois Roundnet State Championship","2023","2023-08-26","Evanston, IL, US","Advanced(4.0)/Intermediate(3.0)","Lower Division (Medals)",3,"🥉 Bronze Medal","None","Injured and More Injured","Ryan Lechner","Conor Cronan"
"Illinois Roundnet State Championship","2023","2023-08-26","Evanston, IL, US","Advanced(4.0)/Intermediate(3.0)","Lower Division (Medals)",4,"4th Place (No Award)","None","FwangosOnly.com","Jeffrey Rauenbuehler","Justin Kohl"
"Illinois Roundnet State Championship","2023","2023-08-26","Evanston, IL, US","Expert(4.5)","Lower Division (Medals)",1,"🥇 Gold Medal","None","ClubSpike Big Slick","Chris Wilkins","Neal Bergman"
"Illinois Roundnet State Championship","2023","2023-08-26","Evanston, IL, US","Expert(4.5)","Lower Division (Medals)",2,"🥈 Silver Medal","None","Revised Banquet","Gavin Broekema","Andy Trower"
"Illinois Roundnet State Championship","2023","2023-08-26","Evanston, IL, US","Expert(4.5)","Lower Division (Medals)",3,"🥉 Bronze Medal","None","Revisions Needed","Lindros Beard","Mitch Kelley"
"Illinois Roundnet State Championship","2023","2023-08-26","Evanston, IL, US","Expert(4.5)","Lower Division (Medals)",4,"4th Place (No Award)","None","Pocket Aces","Trevor Sargent","lucas klopfenstein"
"Smoothie King Cup — East Roundnet Series 2023 — Albany Minor","2023","2023-09-16","Albany, NY, US","Open 4.5+","Lower Division (Medals)",1,"🥇 Gold Medal","None","Duncan and Aidan","Dennis Joseph","Jared Bingham"
"Smoothie King Cup — East Roundnet Series 2023 — Albany Minor","2023","2023-09-16","Albany, NY, US","Open 4.5+","Lower Division (Medals)",2,"🥈 Silver Medal","None","fRiEd RiZzTiSM","Thomas Hoffman","Lucas Hope"
"Smoothie King Cup — East Roundnet Series 2023 — Albany Minor","2023","2023-09-16","Albany, NY, US","Open 4.5+","Lower Division (Medals)",3,"🥉 Bronze Medal","None","Spin Cycle","Lucas Pruett","Joey Maichen"
"Smoothie King Cup — East Roundnet Series 2023 — Albany Minor","2023","2023-09-16","Albany, NY, US","Open 4.5+","Lower Division (Medals)",4,"4th Place (No Award)","None","Ivysaur","Michael Capobianco","Samuel Corey"
"Smoothie King Cup — East Roundnet Series 2023 — Albany Minor","2023","2023-09-16","Albany, NY, US","Open 3.5-4.0 (Advanced)","Lower Division (Medals)",1,"🥇 Gold Medal","None","Shanghai Sharks","Lance Risler","Louis Battista"
"Smoothie King Cup — East Roundnet Series 2023 — Albany Minor","2023","2023-09-16","Albany, NY, US","Open 3.5-4.0 (Advanced)","Lower Division (Medals)",2,"🥈 Silver Medal","None","M&S","Sarah Vilardo","McKenzie Faherty"
"Smoothie King Cup — East Roundnet Series 2023 — Albany Minor","2023","2023-09-16","Albany, NY, US","Open 3.5-4.0 (Advanced)","Lower Division (Medals)",3,"🥉 Bronze Medal","None","Ball Slappers","Roshan Patel","Jack Saunders"
"Smoothie King Cup — East Roundnet Series 2023 — Albany Minor","2023","2023-09-16","Albany, NY, US","Open 3.5-4.0 (Advanced)","Lower Division (Medals)",4,"4th Place (No Award)","None","Aadi Lahiri","Henry Basnight","Chris Bleck"
"Smoothie King Cup — East Roundnet Series 2023 — Albany Minor","2023","2023-09-16","Albany, NY, US","Open 2.0-3.0 (Intermediate/Beginner)","Lower Division (Medals)",1,"🥇 Gold Medal","None","Dogs Out","Kyle Tessier","Sabrina Sepowski"
"Smoothie King Cup — East Roundnet Series 2023 — Albany Minor","2023","2023-09-16","Albany, NY, US","Open 2.0-3.0 (Intermediate/Beginner)","Lower Division (Medals)",2,"🥈 Silver Medal","None","Windshield Refurbishment","Andrew R","Tyler Baughcome"
"Smoothie King Cup — East Roundnet Series 2023 — Albany Minor","2023","2023-09-16","Albany, NY, US","Open 2.0-3.0 (Intermediate/Beginner)","Lower Division (Medals)",3,"🥉 Bronze Medal","None","Brewster Backhands","Noel Kakkanattu","Ian Hayes"
"Smoothie King Cup — East Roundnet Series 2023 — Albany Minor","2023","2023-09-16","Albany, NY, US","Open 2.0-3.0 (Intermediate/Beginner)","Lower Division (Medals)",4,"4th Place (No Award)","None","Sets addicts","Vincent Buscareno","Matthew  Divitto"
"The Championship 2023","2023","2023-09-29","Conshohocken, PA, US","Open Pro","Lower Division (Medals)",1,"🥇 Gold Medal","None","Kingdom Come","Grant Klapwijk","Matthew Cole"
"The Championship 2023","2023","2023-09-29","Conshohocken, PA, US","Open Pro","Lower Division (Medals)",2,"🥈 Silver Medal","None","Critical Hit","Justin Barr","Vincent Mathieu"
"The Championship 2023","2023","2023-09-29","Conshohocken, PA, US","Open Pro","Lower Division (Medals)",3,"🥉 Bronze Medal","None","Bad Combo","Will Picone","Rahul Murthy"
"The Championship 2023","2023","2023-09-29","Conshohocken, PA, US","Open Pro","Lower Division (Medals)",4,"4th Place (No Award)","None","Judgment Day","Gabriel Finocchi","fredric hinkle"
"The Championship 2023","2023","2023-09-29","Conshohocken, PA, US","Women's Pro","Lower Division (Medals)",1,"🥇 Gold Medal","None","TWINZ","Ali Jenki","Olivia Jenki"
"The Championship 2023","2023","2023-09-29","Conshohocken, PA, US","Women's Pro","Lower Division (Medals)",2,"🥈 Silver Medal","None","towerful","Laura Kunzelmann","Ronja Lorenz"
"The Championship 2023","2023","2023-09-29","Conshohocken, PA, US","Women's Pro","Lower Division (Medals)",3,"🥉 Bronze Medal","None","2k•","Kayla Wu-Fleming","Karah Hui"
"The Championship 2023","2023","2023-09-29","Conshohocken, PA, US","Women's Pro","Lower Division (Medals)",4,"4th Place (No Award)","None","tiramisu","Megan Leybourne","Daniela Kadlec"
"The Championship 2023","2023","2023-09-29","Conshohocken, PA, US","Mixed Pro (Friday)","Lower Division (Medals)",1,"🥇 Gold Medal","None","Gabraham Lincoln, Nebraska","Sarah Allen","Gabe Finocchi"
"The Championship 2023","2023","2023-09-29","Conshohocken, PA, US","Mixed Pro (Friday)","Lower Division (Medals)",2,"🥈 Silver Medal","None","TRP Golden Hour","Will Picone","Olivia Jenki"
"The Championship 2023","2023","2023-09-29","Conshohocken, PA, US","Mixed Pro (Friday)","Lower Division (Medals)",3,"🥉 Bronze Medal","None","TRP subtle","Joe Bondi","Ali Jenki"
"The Championship 2023","2023","2023-09-29","Conshohocken, PA, US","Mixed Pro (Friday)","Lower Division (Medals)",4,"4th Place (No Award)","None","Mixed Signals","Etienne Cote","Katie Pierson"
"The Championship 2023","2023","2023-09-29","Conshohocken, PA, US","Intermediate 3.0","Lower Division (Medals)",1,"🥇 Gold Medal","None","Ball Busters","Eric Korchuk","Andrew Shostak"
"The Championship 2023","2023","2023-09-29","Conshohocken, PA, US","Intermediate 3.0","Lower Division (Medals)",2,"🥈 Silver Medal","None","Ukrainian Bros","Eduard Kravchuk","Vitaliy Panochko"
"The Championship 2023","2023","2023-09-29","Conshohocken, PA, US","Intermediate 3.0","Lower Division (Medals)",3,"🥉 Bronze Medal","None","Himalayan Halibut","Michael Fenlon","John Fenlon"
"The Championship 2023","2023","2023-09-29","Conshohocken, PA, US","Intermediate 3.0","Lower Division (Medals)",4,"4th Place (No Award)","None","Take A Spike","Jacob Holderman","Ben Kabakjian"
"The Championship 2023","2023","2023-09-29","Conshohocken, PA, US","MAMMOTH (Sunday)","Lower Division (Medals)",1,"🥇 Gold Medal","None","Swamp Donkeys","Etienne Cote","Emerson Dean"
"The Championship 2023","2023","2023-09-29","Conshohocken, PA, US","MAMMOTH (Sunday)","Lower Division (Medals)",2,"🥈 Silver Medal","None","Spin Cycle","Lucas Pruett","Joey Maichen"
"The Championship 2023","2023","2023-09-29","Conshohocken, PA, US","MAMMOTH (Sunday)","Lower Division (Medals)",3,"🥉 Bronze Medal","None","Ring the bell","Maxwell Gunneson","Corey Weiss"
"The Championship 2023","2023","2023-09-29","Conshohocken, PA, US","MAMMOTH (Sunday)","Lower Division (Medals)",4,"4th Place (No Award)","None","Tok Boyz","Ryan Marino","David Gonzales"
"The Championship 2023","2023","2023-09-29","Conshohocken, PA, US","Advanced 4.0","Lower Division (Medals)",1,"🥇 Gold Medal","None","Li/Arnpriester","Brendan Li","Luke Arnpriester"
"The Championship 2023","2023","2023-09-29","Conshohocken, PA, US","Advanced 4.0","Lower Division (Medals)",2,"🥈 Silver Medal","None","Jacob and Luka","Jacob Sisco","Luka Eaton"
"The Championship 2023","2023","2023-09-29","Conshohocken, PA, US","Advanced 4.0","Lower Division (Medals)",3,"🥉 Bronze Medal","None","Electric cake","Daniel Stauffer","Franklin Stauffer"
"The Championship 2023","2023","2023-09-29","Conshohocken, PA, US","Advanced 4.0","Lower Division (Medals)",4,"4th Place (No Award)","None","Cafe Buza","Zachary Amendola","Jack Briggs"
"The Championship 2023","2023","2023-09-29","Conshohocken, PA, US","Premier 5.0+","Lower Division (Medals)",1,"🥇 Gold Medal","None","OG Spikers","Benjamin Goldfarb","Jack coolbaugh"
"The Championship 2023","2023","2023-09-29","Conshohocken, PA, US","Premier 5.0+","Lower Division (Medals)",2,"🥈 Silver Medal","None","Kellogg's Box Toy","Skyler Sebring","Dawson Morgan"
"The Championship 2023","2023","2023-09-29","Conshohocken, PA, US","Premier 5.0+","Lower Division (Medals)",3,"🥉 Bronze Medal","None","Pole Position","Gabriel Stoisser","Jé Gagnon"
"The Championship 2023","2023","2023-09-29","Conshohocken, PA, US","Premier 5.0+","Lower Division (Medals)",4,"4th Place (No Award)","None","Glizzy Gladiators","Polk Denmark","Jacob Summers"
"The Championship 2023","2023","2023-09-29","Conshohocken, PA, US","Contender 4.5+","Lower Division (Medals)",1,"🥇 Gold Medal","None","Goku et Yamcha","Benoit Carrier","Guillaume Boilard"
"The Championship 2023","2023","2023-09-29","Conshohocken, PA, US","Contender 4.5+","Lower Division (Medals)",2,"🥈 Silver Medal","None","BRO Swaggy Kim","Adam Hassan","Alex Kim"
"The Championship 2023","2023","2023-09-29","Conshohocken, PA, US","Contender 4.5+","Lower Division (Medals)",3,"🥉 Bronze Medal","None","Beauty and the Beast","William Chenier","Thomas Langlois"
"The Championship 2023","2023","2023-09-29","Conshohocken, PA, US","Contender 4.5+","Lower Division (Medals)",4,"4th Place (No Award)","None","Bigmons","Josh Sarmiento","Joshua Ang"
"The Championship 2023","2023","2023-09-29","Conshohocken, PA, US","Women's Advanced 4.0+","Lower Division (Medals)",1,"🥇 Gold Medal","None","Phan/Raber","Katheleen Phan","Delanie Raber"
"The Championship 2023","2023","2023-09-29","Conshohocken, PA, US","Women's Advanced 4.0+","Lower Division (Medals)",2,"🥈 Silver Medal","None","Yam","sam greathouse","Yubeira Zapata"
"The Championship 2023","2023","2023-09-29","Conshohocken, PA, US","Women's Advanced 4.0+","Lower Division (Medals)",3,"🥉 Bronze Medal","None","TinyMeldTots","Fiona C","Tess Dolan"
"The Championship 2023","2023","2023-09-29","Conshohocken, PA, US","Women's Advanced 4.0+","Lower Division (Medals)",4,"4th Place (No Award)","None","who let the dawgs out","Corrie Velder","McKenna McKean"
"California Roundnet San Diego Open #5","2023","2023-10-14","San Diego, CA, US","Expert 5.0","Lower Division (Medals)",1,"🥇 Gold Medal","None","J.A.R.V.I.S.","Josh Fragiacomo","Connor Nelson"
"California Roundnet San Diego Open #5","2023","2023-10-14","San Diego, CA, US","Expert 5.0","Lower Division (Medals)",2,"🥈 Silver Medal","None","Agatha Tamers","Trevor Barbosa","Schon Siguenza"
"California Roundnet San Diego Open #5","2023","2023-10-14","San Diego, CA, US","Expert 5.0","Lower Division (Medals)",3,"🥉 Bronze Medal","None","Drew me like one of your French girls","Drew Cummins","Karah Hui"
"California Roundnet San Diego Open #5","2023","2023-10-14","San Diego, CA, US","Expert 5.0","Lower Division (Medals)",4,"4th Place (No Award)","None","Warrior 2 in the Wind Tunnel","Jake Woolley","James Lamkin"
"California Roundnet San Diego Open #5","2023","2023-10-14","San Diego, CA, US","Contender 4.5","Lower Division (Medals)",1,"🥇 Gold Medal","None","Short term relationship","Gavin Bullis","Joe Caires"
"California Roundnet San Diego Open #5","2023","2023-10-14","San Diego, CA, US","Contender 4.5","Lower Division (Medals)",2,"🥈 Silver Medal","None","Straw Hats","Blake Kasama","Joseph Lee"
"California Roundnet San Diego Open #5","2023","2023-10-14","San Diego, CA, US","Contender 4.5","Lower Division (Medals)",3,"🥉 Bronze Medal","None","rememberingrohun","Patrick Stinebaugh","Devon Lee"
"California Roundnet San Diego Open #5","2023","2023-10-14","San Diego, CA, US","Contender 4.5","Lower Division (Medals)",4,"4th Place (No Award)","None","Billy La Bufanda","Joshua Bardwell","Steven Pan"
"California Roundnet San Diego Open #5","2023","2023-10-14","San Diego, CA, US","Womens 4.0+","Lower Division (Medals)",1,"🥇 Gold Medal","None","Munchin Munchkins","Joelle Nguyen","Perrin York"
"California Roundnet San Diego Open #5","2023","2023-10-14","San Diego, CA, US","Womens 4.0+","Lower Division (Medals)",2,"🥈 Silver Medal","None","We take those","Sebastiani Kim","Emma Siu"
"California Roundnet San Diego Open #5","2023","2023-10-14","San Diego, CA, US","Womens 4.0+","Lower Division (Medals)",3,"🥉 Bronze Medal","None","Berkeey","Shaina Berk","Alyssa Yee"
"California Roundnet San Diego Open #5","2023","2023-10-14","San Diego, CA, US","Womens 4.0+","Lower Division (Medals)",4,"4th Place (No Award)","None","Mey/Stacey","Stacey Grimes","Mey Helm"
"California Roundnet San Diego Open #5","2023","2023-10-14","San Diego, CA, US","Intermediate 3.0","Lower Division (Medals)",1,"🥇 Gold Medal","None","bring out the whole trampoline","Thomas Pence","Avery Miclea"
"California Roundnet San Diego Open #5","2023","2023-10-14","San Diego, CA, US","Intermediate 3.0","Lower Division (Medals)",2,"🥈 Silver Medal","None","Spartans","Dylan Styron","Jhode Dube"
"California Roundnet San Diego Open #5","2023","2023-10-14","San Diego, CA, US","Intermediate 3.0","Lower Division (Medals)",3,"🥉 Bronze Medal","None","No Idea","Jack Guerrero","George Pritchard"
"California Roundnet San Diego Open #5","2023","2023-10-14","San Diego, CA, US","Intermediate 3.0","Lower Division (Medals)",4,"4th Place (No Award)","None","Wazzy-Weebs","Charlie Perry","Phoebe Corgiat"
"California Roundnet San Diego Open #5","2023","2023-10-14","San Diego, CA, US","MIxed 4.0","Lower Division (Medals)",1,"🥇 Gold Medal","None","ABG Phase","Connor Nelson","Karah Hui"
"California Roundnet San Diego Open #5","2023","2023-10-14","San Diego, CA, US","MIxed 4.0","Lower Division (Medals)",2,"🥈 Silver Medal","None","Proud to be a merkin ","Joseph Kaylor","Perrin York"
"California Roundnet San Diego Open #5","2023","2023-10-14","San Diego, CA, US","MIxed 4.0","Lower Division (Medals)",3,"🥉 Bronze Medal","None","Jasmine Dragons 🐉","Joelle Nguyen","Jacob Payer"
"California Roundnet San Diego Open #5","2023","2023-10-14","San Diego, CA, US","MIxed 4.0","Lower Division (Medals)",4,"4th Place (No Award)","None","Hui/Barbosa","Sebastiani Kim","Brandon Brown"
"California Roundnet San Diego Open #5","2023","2023-10-14","San Diego, CA, US","Mixed 3.0","Lower Division (Medals)",1,"🥇 Gold Medal","None","Thurmond/Stacey","Stacey Grimes","Thurmond Dean"
"California Roundnet San Diego Open #5","2023","2023-10-14","San Diego, CA, US","Mixed 3.0","Lower Division (Medals)",2,"🥈 Silver Medal","None","Rippin LG","Liann Kline","Gunnar Mueller"
"California Roundnet San Diego Open #5","2023","2023-10-14","San Diego, CA, US","Mixed 3.0","Lower Division (Medals)",3,"🥉 Bronze Medal","None","Moultrie Sadness","Anthony Plescia","Anjali Kumari"
"California Roundnet San Diego Open #5","2023","2023-10-14","San Diego, CA, US","Mixed 3.0","Lower Division (Medals)",4,"4th Place (No Award)","None",""'Everyday' is GOATed"","Paul Han","sydney horanic"
"San Luis Obispo Regionals - California Roundnet","2023","2023-10-28","San Luis Obispo, CA, US","Womens 4.0+","Lower Division (Medals)",1,"🥇 Gold Medal","None","Big and Lil Spoon","Karah Hui","Sebastiani Kim"
"San Luis Obispo Regionals - California Roundnet","2023","2023-10-28","San Luis Obispo, CA, US","Womens 4.0+","Lower Division (Medals)",2,"🥈 Silver Medal","None","jo&elle","Joelle Nguyen","Elle Lowe"
"San Luis Obispo Regionals - California Roundnet","2023","2023-10-28","San Luis Obispo, CA, US","Womens 4.0+","Lower Division (Medals)",3,"🥉 Bronze Medal","None","Terminado","Alex Buckman","Kayla Wu-Fleming"
"San Luis Obispo Regionals - California Roundnet","2023","2023-10-28","San Luis Obispo, CA, US","Womens 4.0+","Lower Division (Medals)",4,"4th Place (No Award)","None","awrawrawr","Perrin York","Adrianna Grothause"
"San Luis Obispo Regionals - California Roundnet","2023","2023-10-28","San Luis Obispo, CA, US","Expert 5.0","Lower Division (Medals)",1,"🥇 Gold Medal","None","Nelson Rhoad","Jason Rhoads","Connor Nelson"
"San Luis Obispo Regionals - California Roundnet","2023","2023-10-28","San Luis Obispo, CA, US","Expert 5.0","Lower Division (Medals)",2,"🥈 Silver Medal","None","Double Clutch","Kyan Kornfeld","brandon brown"
"San Luis Obispo Regionals - California Roundnet","2023","2023-10-28","San Luis Obispo, CA, US","Expert 5.0","Lower Division (Medals)",3,"🥉 Bronze Medal","None","Endgame","Josh Fragiacomo","Trevor Barbosa"
"San Luis Obispo Regionals - California Roundnet","2023","2023-10-28","San Luis Obispo, CA, US","Expert 5.0","Lower Division (Medals)",4,"4th Place (No Award)","None","Mercari Klap","Jackson Blackburn","Jake Woolley"
"San Luis Obispo Regionals - California Roundnet","2023","2023-10-28","San Luis Obispo, CA, US","Contender 4.5","Lower Division (Medals)",1,"🥇 Gold Medal","None","Toe Ticklers","Dante Benedetti","Reece Greer"
"San Luis Obispo Regionals - California Roundnet","2023","2023-10-28","San Luis Obispo, CA, US","Contender 4.5","Lower Division (Medals)",2,"🥈 Silver Medal","None","Goal Diggers","Sam Alsup","Jai Parera"
"San Luis Obispo Regionals - California Roundnet","2023","2023-10-28","San Luis Obispo, CA, US","Contender 4.5","Lower Division (Medals)",3,"🥉 Bronze Medal","None","Ball Busters","Thompson Yang","Billy Durrill"
"San Luis Obispo Regionals - California Roundnet","2023","2023-10-28","San Luis Obispo, CA, US","Contender 4.5","Lower Division (Medals)",4,"4th Place (No Award)","None","Eichenseer Naked 👀🫣😳","Aidan Nesbitt","Jake Eichenseer"
"San Luis Obispo Regionals - California Roundnet","2023","2023-10-28","San Luis Obispo, CA, US","Mixed 4.0+","Lower Division (Medals)",1,"🥇 Gold Medal","None","Nelson / Lowe","Elle Lowe","Connor Nelson"
"San Luis Obispo Regionals - California Roundnet","2023","2023-10-28","San Luis Obispo, CA, US","Mixed 4.0+","Lower Division (Medals)",2,"🥈 Silver Medal","None","Potatoë minutè","Perrin York","Warren Foote"
"San Luis Obispo Regionals - California Roundnet","2023","2023-10-28","San Luis Obispo, CA, US","Mixed 4.0+","Lower Division (Medals)",3,"🥉 Bronze Medal","None","Wu/Frag","Josh Fragiacomo","Kayla Wu-Fleming"
"San Luis Obispo Regionals - California Roundnet","2023","2023-10-28","San Luis Obispo, CA, US","Mixed 4.0+","Lower Division (Medals)",4,"4th Place (No Award)","None","PsyKic","Karah Hui","Jacob Payer"
"TASR College Station Major","2023","2023-11-04","College Station, TX, US","Gold 5.0","Lower Division (Medals)",1,"🥇 Gold Medal","None","Blessed","Cade Larson","Luke Mowry"
"TASR College Station Major","2023","2023-11-04","College Station, TX, US","Gold 5.0","Lower Division (Medals)",2,"🥈 Silver Medal","None","Crispy","Caleb Cummings","Gavin Lotts"
"TASR College Station Major","2023","2023-11-04","College Station, TX, US","Gold 5.0","Lower Division (Medals)",3,"🥉 Bronze Medal","None","WySpike Super Schlap Bros.","Nick Noguez","Jerm Porter"
"TASR College Station Major","2023","2023-11-04","College Station, TX, US","Gold 5.0","Lower Division (Medals)",4,"4th Place (No Award)","None","Incompetence","Ethan McWhirter","Luke Marshall"
"TASR College Station Major","2023","2023-11-04","College Station, TX, US","Advanced 4.0","Lower Division (Medals)",1,"🥇 Gold Medal","None","Allin/Stone","Nathan Stone","Micah Allin"
"TASR College Station Major","2023","2023-11-04","College Station, TX, US","Advanced 4.0","Lower Division (Medals)",2,"🥈 Silver Medal","None","Cornerstone","Caleb Allen","Kyle Daily"
"TASR College Station Major","2023","2023-11-04","College Station, TX, US","Advanced 4.0","Lower Division (Medals)",3,"🥉 Bronze Medal","None","Ball Handlers","Joe Hunninghake","Cruz Herrera"
"TASR College Station Major","2023","2023-11-04","College Station, TX, US","Advanced 4.0","Lower Division (Medals)",4,"4th Place (No Award)","None","Devious Dawgs ","Ross Lochbaum","Austin Cooley"
"USA Roundnet Nationals","2023","2023-11-11","Tampa, FL, US","4.5+ Women's Pro","Lower Division (Medals)",1,"🥇 Gold Medal","None","THUS Parabatai","Kalin Morgan","Kayla Wu-Fleming"
"USA Roundnet Nationals","2023","2023-11-11","Tampa, FL, US","4.5+ Women's Pro","Lower Division (Medals)",2,"🥈 Silver Medal","None","Jenki / Phan","Ali Jenki","Katheleen Phan"
"USA Roundnet Nationals","2023","2023-11-11","Tampa, FL, US","4.5+ Women's Pro","Lower Division (Medals)",3,"🥉 Bronze Medal","None","Anderson/Savage","Camille Anderson","Kirstie Savage"
"USA Roundnet Nationals","2023","2023-11-11","Tampa, FL, US","4.5+ Women's Pro","Lower Division (Medals)",4,"4th Place (No Award)","None","Pierson/Washburn","Lou Washburn","Katie Pierson"
"USA Roundnet Nationals","2023","2023-11-11","Tampa, FL, US","5.0+ Men's Pro","Lower Division (Medals)",1,"🥇 Gold Medal","None","Finocchi/Picone","Gabriel Finocchi","Will Picone"
"USA Roundnet Nationals","2023","2023-11-11","Tampa, FL, US","5.0+ Men's Pro","Lower Division (Medals)",2,"🥈 Silver Medal","None","Numb","Kieran Rose","Paq Clifford"
"USA Roundnet Nationals","2023","2023-11-11","Tampa, FL, US","5.0+ Men's Pro","Lower Division (Medals)",3,"🥉 Bronze Medal","None","Lazy","Luke Marshall","Cade Larson"
"USA Roundnet Nationals","2023","2023-11-11","Tampa, FL, US","5.0+ Men's Pro","Lower Division (Medals)",4,"4th Place (No Award)","None","Bot House","Owen Lippman","West Peterson"
"USA Roundnet Nationals","2023","2023-11-11","Tampa, FL, US","4.0+ Mixed Pro","Lower Division (Medals)",1,"🥇 Gold Medal","None","Pesto","Ryan Gross","Shachi Patel"
"USA Roundnet Nationals","2023","2023-11-11","Tampa, FL, US","4.0+ Mixed Pro","Lower Division (Medals)",2,"🥈 Silver Medal","None","End Route ","Paq Clifford","Camille Anderson"
"USA Roundnet Nationals","2023","2023-11-11","Tampa, FL, US","4.0+ Mixed Pro","Lower Division (Medals)",3,"🥉 Bronze Medal","None","Chapped Lips","Kalin Morgan","Dawson Morgan"
"USA Roundnet Nationals","2023","2023-11-11","Tampa, FL, US","4.0+ Mixed Pro","Lower Division (Medals)",4,"4th Place (No Award)","None","IDK","Lou Washburn","Josh Fragiacomo"
"California State Finals 2023","2023","2023-12-02","Los Angeles, CA, US","Royals of California","Lower Division (Medals)",1,"🥇 Gold Medal","None","Karah Hui","Karah Hui",""
"California State Finals 2023","2023","2023-12-02","Los Angeles, CA, US","Royals of California","Lower Division (Medals)",2,"🥈 Silver Medal","None","Connor Nelson","Connor Nelson",""
"California State Finals 2023","2023","2023-12-02","Los Angeles, CA, US","Royals of California","Lower Division (Medals)",3,"🥉 Bronze Medal","None","Joelle Nguyen","Joelle Nguyen",""
"California State Finals 2023","2023","2023-12-02","Los Angeles, CA, US","Royals of California","Lower Division (Medals)",4,"4th Place (No Award)","None","Trevor barbosa","Trevor Barbosa",""
"California State Finals 2023","2023","2023-12-02","Los Angeles, CA, US","Expert 5.0","Lower Division (Medals)",1,"🥇 Gold Medal","None","Germ Buds","Paul Siemer","Buddy Hammon"
"California State Finals 2023","2023","2023-12-02","Los Angeles, CA, US","Expert 5.0","Lower Division (Medals)",2,"🥈 Silver Medal","None","Puke Lennington","Jake Woolley","Schon Siguenza"
"California State Finals 2023","2023","2023-12-02","Los Angeles, CA, US","Expert 5.0","Lower Division (Medals)",3,"🥉 Bronze Medal","None","Sparky Sparky Boom Men","Sunny Gu","Connor Nelson"
"California State Finals 2023","2023","2023-12-02","Los Angeles, CA, US","Expert 5.0","Lower Division (Medals)",4,"4th Place (No Award)","None","IDK Jason","Josh Fragiacomo","Jason Rhoads"
"California State Finals 2023","2023","2023-12-02","Los Angeles, CA, US","Womens 4.0+","Lower Division (Medals)",1,"🥇 Gold Medal","None","Perform or die","Karah Hui","Perrin York"
"California State Finals 2023","2023","2023-12-02","Los Angeles, CA, US","Womens 4.0+","Lower Division (Medals)",2,"🥈 Silver Medal","None","Nyguendy Wu Homecoming Warrior","Kayla Wu-Fleming","Joelle Nguyen"
"California State Finals 2023","2023","2023-12-02","Los Angeles, CA, US","Womens 4.0+","Lower Division (Medals)",3,"🥉 Bronze Medal","None","out of town","Tiff Ding","Shachi Patel"
"California State Finals 2023","2023","2023-12-02","Los Angeles, CA, US","Womens 4.0+","Lower Division (Medals)",4,"4th Place (No Award)","None","ellelowe sebmarine","Sebastiani Kim","Elle Lowe"
"California State Finals 2023","2023","2023-12-02","Los Angeles, CA, US","Contender 4.0+","Lower Division (Medals)",1,"🥇 Gold Medal","None","Ben/Connor","Ben Collins","Connor Ragland"
"California State Finals 2023","2023","2023-12-02","Los Angeles, CA, US","Contender 4.0+","Lower Division (Medals)",2,"🥈 Silver Medal","None","Cut the Jam","Holden Frey","Nick Yee"
"California State Finals 2023","2023","2023-12-02","Los Angeles, CA, US","Contender 4.0+","Lower Division (Medals)",3,"🥉 Bronze Medal","None","Anything is Good","Steven Pan","Blake Kasama"
"California State Finals 2023","2023","2023-12-02","Los Angeles, CA, US","Contender 4.0+","Lower Division (Medals)",4,"4th Place (No Award)","None","We Both Got Dumped (for edging too much)","Alvin Zhang","Ethan Epp"
"California State Finals 2023","2023","2023-12-02","Los Angeles, CA, US","Advanced 3.0+","Lower Division (Medals)",1,"🥇 Gold Medal","None","Clover Spike","Anthony Plescia","Matthew Klompas"
"California State Finals 2023","2023","2023-12-02","Los Angeles, CA, US","Advanced 3.0+","Lower Division (Medals)",2,"🥈 Silver Medal","None","Mad = Bad","Alex Veron","Andrew Kaufmann"
"California State Finals 2023","2023","2023-12-02","Los Angeles, CA, US","Advanced 3.0+","Lower Division (Medals)",3,"🥉 Bronze Medal","None","SDSU","Erick Puentes","Anthony marek"
"California State Finals 2023","2023","2023-12-02","Los Angeles, CA, US","Advanced 3.0+","Lower Division (Medals)",4,"4th Place (No Award)","None","IN-LAWS","Zhenya Shulgin","Alexei Sverbuta"
"California State Finals 2023","2023","2023-12-02","Los Angeles, CA, US","Mixed 4.0+","Lower Division (Medals)",1,"🥇 Gold Medal","None","Nelson / Lowe","Elle Lowe","Connor Nelson"
"California State Finals 2023","2023","2023-12-02","Los Angeles, CA, US","Mixed 4.0+","Lower Division (Medals)",2,"🥈 Silver Medal","None","Lima.","Trevor Barbosa","Joelle Nguyen"
"California State Finals 2023","2023","2023-12-02","Los Angeles, CA, US","Mixed 4.0+","Lower Division (Medals)",3,"🥉 Bronze Medal","None","Potatoë minutè","Perrin York","Paul Siemer"
"California State Finals 2023","2023","2023-12-02","Los Angeles, CA, US","Mixed 4.0+","Lower Division (Medals)",4,"4th Place (No Award)","None","Don’t Touch Jenny","Karah Hui","Brandon Brown"
"TASR Texas Nationals","2023","2023-12-02","Dallas, TX, US","Gold 5.0","Lower Division (Medals)",1,"🥇 Gold Medal","None","Brotha ewww","Tyler Fernandez","Cade Larson"
"TASR Texas Nationals","2023","2023-12-02","Dallas, TX, US","Gold 5.0","Lower Division (Medals)",2,"🥈 Silver Medal","None","Splash","Brian Childs","fredric hinkle"
"TASR Texas Nationals","2023","2023-12-02","Dallas, TX, US","Gold 5.0","Lower Division (Medals)",3,"🥉 Bronze Medal","None","Luke","Luke Mowry","Luke Marshall"
"TASR Texas Nationals","2023","2023-12-02","Dallas, TX, US","Gold 5.0","Lower Division (Medals)",4,"4th Place (No Award)","None","TRP Pain Killers ","Matthew Cole","Christian Bennett"
"TASR Texas Nationals","2023","2023-12-02","Dallas, TX, US","Advanced 4.0","Lower Division (Medals)",1,"🥇 Gold Medal","None","Tom and Jharry","Harrison Yen","Thomas Metz`"
"TASR Texas Nationals","2023","2023-12-02","Dallas, TX, US","Advanced 4.0","Lower Division (Medals)",2,"🥈 Silver Medal","None","Golden Touch","Nakul Mody","Cameron Ohashi"
"TASR Texas Nationals","2023","2023-12-02","Dallas, TX, US","Advanced 4.0","Lower Division (Medals)",3,"🥉 Bronze Medal","None","Low Broreos","George Huang","Matthew Xu"
"TASR Texas Nationals","2023","2023-12-02","Dallas, TX, US","Advanced 4.0","Lower Division (Medals)",3,"🥉 Bronze Medal","None","Could’ve Gone D1","Reagan Schwartz","Nathan Stone"
"Christmas Classic VII — ERS Championship","2023","2023-12-16","Palmyra, PA, US","4.5+ Open","Lower Division (Medals)",1,"🥇 Gold Medal","None","The Queens","Maxime Prince","Etienne Cote"
"Christmas Classic VII — ERS Championship","2023","2023-12-16","Palmyra, PA, US","4.5+ Open","Lower Division (Medals)",2,"🥈 Silver Medal","None","LL Fairly Odd","Gabriel Finocchi","Matt Spolarich"
"Christmas Classic VII — ERS Championship","2023","2023-12-16","Palmyra, PA, US","4.5+ Open","Lower Division (Medals)",3,"🥉 Bronze Medal","None","Picone/Larson","Will Picone","Cade Larson"
"Christmas Classic VII — ERS Championship","2023","2023-12-16","Palmyra, PA, US","4.5+ Open","Lower Division (Medals)",4,"4th Place (No Award)","None","Model/Rose","Max Model","Kieran Rose"
"Christmas Classic VII — ERS Championship","2023","2023-12-16","Palmyra, PA, US","4.0+ Women's Advanced","Lower Division (Medals)",1,"🥇 Gold Medal","None","ON Que","Dianne Fonseca","Laurence Vallée"
"Christmas Classic VII — ERS Championship","2023","2023-12-16","Palmyra, PA, US","4.0+ Women's Advanced","Lower Division (Medals)",2,"🥈 Silver Medal","None","Stick Season","Katheleen Phan","Tiff Ding"
"Christmas Classic VII — ERS Championship","2023","2023-12-16","Palmyra, PA, US","4.0+ Women's Advanced","Lower Division (Medals)",3,"🥉 Bronze Medal","None","Yappers 🗣️","Katie Pierson","Meagan Bown"
"Christmas Classic VII — ERS Championship","2023","2023-12-16","Palmyra, PA, US","4.0+ Women's Advanced","Lower Division (Medals)",4,"4th Place (No Award)","None","Quavo","Jhanaj Quispe","Abby Norris"
"Christmas Classic VII — ERS Championship","2023","2023-12-16","Palmyra, PA, US","2.0-3.0 Open Intermediate","Lower Division (Medals)",1,"🥇 Gold Medal","None","EB Wolves","Brandon Sems","Dan Sacristan"
"Christmas Classic VII — ERS Championship","2023","2023-12-16","Palmyra, PA, US","2.0-3.0 Open Intermediate","Lower Division (Medals)",2,"🥈 Silver Medal","None","Spike Ballers","Tristano Di Liberto","Jared Lichter"
"Christmas Classic VII — ERS Championship","2023","2023-12-16","Palmyra, PA, US","2.0-3.0 Open Intermediate","Lower Division (Medals)",3,"🥉 Bronze Medal","None","MBR Applesauce","REBECCA MONTGOMERY","Caleb Montgomery"
"Christmas Classic VII — ERS Championship","2023","2023-12-16","Palmyra, PA, US","2.0-3.0 Open Intermediate","Lower Division (Medals)",4,"4th Place (No Award)","None","Cowgirls","Lindsey Merschat","Corey Webb"
"Christmas Classic VII — ERS Championship","2023","2023-12-16","Palmyra, PA, US","4.0 Open Advanced","Lower Division (Medals)",1,"🥇 Gold Medal","None","No Strings Attached","Robbie Koennecker","Raylyn Tarquinio"
"Christmas Classic VII — ERS Championship","2023","2023-12-16","Palmyra, PA, US","4.0 Open Advanced","Lower Division (Medals)",2,"🥈 Silver Medal","None","Spike Bros","Kye Harting","Karson Weaver"
"Christmas Classic VII — ERS Championship","2023","2023-12-16","Palmyra, PA, US","4.0 Open Advanced","Lower Division (Medals)",3,"🥉 Bronze Medal","None","Shorter & Taller","Yanai Hamel-Sasson","Rachel Dolan"
"Christmas Classic VII — ERS Championship","2023","2023-12-16","Palmyra, PA, US","4.0 Open Advanced","Lower Division (Medals)",4,"4th Place (No Award)","None","1-800-NICE","Andrew Nee","James Mills"
"2024 Waco TASR Major","2024","2024-02-17","Waco, TX, US","Gold 5.0","Top Tier (Glassware)",1,"🍺 Pitcher (1st Place Glassware)","Pitcher","Bink City","Tyler Fernandez","fredric hinkle"
"2024 Waco TASR Major","2024","2024-02-17","Waco, TX, US","Gold 5.0","Top Tier (Glassware)",2,"🍻 Tankard (2nd Place Glassware)","Tankard / Cup","Asleep","Nickhil Anantha","Noah Beinart"
"2024 Waco TASR Major","2024","2024-02-17","Waco, TX, US","Gold 5.0","Top Tier (Glassware)",3,"🥃 Shot Glass (3rd Place Glassware)","Shot Glass / Horn","With Some Rice","Garrett Ashton","Caleb Cummings"
"2024 Waco TASR Major","2024","2024-02-17","Waco, TX, US","Gold 5.0","Top Tier (Glassware)",4,"4th Place (No Award)","None","Austin/thompson","bradley thompson","Ian Austin"
"USAR West Regionals Hosted by California Roundnet","2024","2024-02-24","Los Angeles, CA, US","5.0+ Men's","Lower Division (Medals)",1,"🥇 Gold Medal","None","J.A.R.V.I.S.","Connor Nelson","Josh Fragiacomo"
"USAR West Regionals Hosted by California Roundnet","2024","2024-02-24","Los Angeles, CA, US","5.0+ Men's","Lower Division (Medals)",2,"🥈 Silver Medal","None","Numb","Kieran Rose","Paq Clifford"
"USAR West Regionals Hosted by California Roundnet","2024","2024-02-24","Los Angeles, CA, US","5.0+ Men's","Lower Division (Medals)",3,"🥉 Bronze Medal","None","Assistive Touch","Clark Marshall","Buddy Hammon"
"USAR West Regionals Hosted by California Roundnet","2024","2024-02-24","Los Angeles, CA, US","5.0+ Men's","Lower Division (Medals)",3,"🥉 Bronze Medal","None","FTR Frontier","Jake Woolley","Kyan Kornfeld"
"USAR West Regionals Hosted by California Roundnet","2024","2024-02-24","Los Angeles, CA, US","4.5+ Women's","Lower Division (Medals)",1,"🥇 Gold Medal","None","Perform or die","Karah Hui","Perrin York"
"USAR West Regionals Hosted by California Roundnet","2024","2024-02-24","Los Angeles, CA, US","4.5+ Women's","Lower Division (Medals)",2,"🥈 Silver Medal","None","Berk/Pierson","Katie Pierson","Camille Anderson"
"USAR West Regionals Hosted by California Roundnet","2024","2024-02-24","Los Angeles, CA, US","4.5+ Women's","Lower Division (Medals)",3,"🥉 Bronze Medal","None","jo&elle","Joelle Nguyen","Elle Lowe"
"USAR West Regionals Hosted by California Roundnet","2024","2024-02-24","Los Angeles, CA, US","4.5+ Women's","Lower Division (Medals)",4,"4th Place (No Award)","None","Directional Lovers","Kayla Wu-Fleming","Sebastiani Kim"
"USAR West Regionals Hosted by California Roundnet","2024","2024-02-24","Los Angeles, CA, US","4.0 Open","Lower Division (Medals)",1,"🥇 Gold Medal","None","Outta Pocket","Cameron Thomas","Eli Wortman"
"USAR West Regionals Hosted by California Roundnet","2024","2024-02-24","Los Angeles, CA, US","4.0 Open","Lower Division (Medals)",2,"🥈 Silver Medal","None","ur mom part 2","Gabe Veth","Brady Martin"
"USAR West Regionals Hosted by California Roundnet","2024","2024-02-24","Los Angeles, CA, US","4.0 Open","Lower Division (Medals)",3,"🥉 Bronze Medal","None","party foul","Jake Eichenseer","Ethan Epp"
"USAR West Regionals Hosted by California Roundnet","2024","2024-02-24","Los Angeles, CA, US","4.0 Open","Lower Division (Medals)",4,"4th Place (No Award)","None","bang","Wesley Mak","Jack Guerrero"
"USAR West Regionals Hosted by California Roundnet","2024","2024-02-24","Los Angeles, CA, US","2.0-3.0 Open Intermediate","Lower Division (Medals)",1,"🥇 Gold Medal","None","The Capyballas","Cassidy Kysoth","Martin Ramirez"
"USAR West Regionals Hosted by California Roundnet","2024","2024-02-24","Los Angeles, CA, US","2.0-3.0 Open Intermediate","Lower Division (Medals)",2,"🥈 Silver Medal","None","Setters of Catan","donhau la","Ashley Ngo"
"USAR West Regionals Hosted by California Roundnet","2024","2024-02-24","Los Angeles, CA, US","2.0-3.0 Open Intermediate","Lower Division (Medals)",3,"🥉 Bronze Medal","None","Double Doofs","Emily Okabe","Brandon Ann"
"USAR West Regionals Hosted by California Roundnet","2024","2024-02-24","Los Angeles, CA, US","2.0-3.0 Open Intermediate","Lower Division (Medals)",4,"4th Place (No Award)","None","da best","Ryan Tiggelaar","Kyle Dent"
"USAR East Regionals hosted by Greater Washington Roundnet","2024","2024-03-02","Columbia, MD, US","2.0-3.0 Open Intermediate / Matinee","Lower Division (Medals)",1,"🥇 Gold Medal","None","Aceholes","Aidan Michael","Gregory Conley"
"USAR East Regionals hosted by Greater Washington Roundnet","2024","2024-03-02","Columbia, MD, US","2.0-3.0 Open Intermediate / Matinee","Lower Division (Medals)",2,"🥈 Silver Medal","None","Lana and Liv","Lana Ung","Olivia Leach"
"USAR East Regionals hosted by Greater Washington Roundnet","2024","2024-03-02","Columbia, MD, US","2.0-3.0 Open Intermediate / Matinee","Lower Division (Medals)",3,"🥉 Bronze Medal","None","dookes","Brandon Sheehan","Madeleine Ngo"
"USAR East Regionals hosted by Greater Washington Roundnet","2024","2024-03-02","Columbia, MD, US","2.0-3.0 Open Intermediate / Matinee","Lower Division (Medals)",4,"4th Place (No Award)","None","Big doggy joe","Joseph Yu","Luke Faircloth"
"USAR East Regionals hosted by Greater Washington Roundnet","2024","2024-03-02","Columbia, MD, US","4.0 Open","Lower Division (Medals)",1,"🥇 Gold Medal","None","Zra Dog","Anthony Rentsch","Ezra Dantowitz"
"USAR East Regionals hosted by Greater Washington Roundnet","2024","2024-03-02","Columbia, MD, US","4.0 Open","Lower Division (Medals)",2,"🥈 Silver Medal","None","The Sandwich extra pickles","Logan Coffelt","Brian Perlson"
"USAR East Regionals hosted by Greater Washington Roundnet","2024","2024-03-02","Columbia, MD, US","4.0 Open","Lower Division (Medals)",3,"🥉 Bronze Medal","None","Congressional Claps","Brandon Fung","Nico Lussier"
"USAR East Regionals hosted by Greater Washington Roundnet","2024","2024-03-02","Columbia, MD, US","4.0 Open","Lower Division (Medals)",4,"4th Place (No Award)","None","804 szn","Brooks Weeks","Daniel Reynolds"
"USAR East Regionals hosted by Greater Washington Roundnet","2024","2024-03-02","Columbia, MD, US","4.0+ Women's","Lower Division (Medals)",1,"🥇 Gold Medal","None","Tile Swap","Sarah Allen","Julia Timan"
"USAR East Regionals hosted by Greater Washington Roundnet","2024","2024-03-02","Columbia, MD, US","4.0+ Women's","Lower Division (Medals)",2,"🥈 Silver Medal","None","freshest off the boat","Katheleen Phan","Stef Ding"
"USAR East Regionals hosted by Greater Washington Roundnet","2024","2024-03-02","Columbia, MD, US","4.0+ Women's","Lower Division (Medals)",3,"🥉 Bronze Medal","None","Diving Hitters Club","Joelle Nguyen","Malia Wanderer"
"USAR East Regionals hosted by Greater Washington Roundnet","2024","2024-03-02","Columbia, MD, US","4.0+ Women's","Lower Division (Medals)",4,"4th Place (No Award)","None","Goofy Goobers","Alyssa Drain","Katrina Gabriella"
"USAR East Regionals hosted by Greater Washington Roundnet","2024","2024-03-02","Columbia, MD, US","5.0+ Open","Lower Division (Medals)",1,"🥇 Gold Medal","None","Sparky Sparky Boom Men","Sunny Gu","Connor Nelson"
"USAR East Regionals hosted by Greater Washington Roundnet","2024","2024-03-02","Columbia, MD, US","5.0+ Open","Lower Division (Medals)",2,"🥈 Silver Medal","None","Rogue","Thomas Hamilton","Ryan Marino"
"USAR East Regionals hosted by Greater Washington Roundnet","2024","2024-03-02","Columbia, MD, US","5.0+ Open","Lower Division (Medals)",3,"🥉 Bronze Medal","None","Mermaid Sparkle","Christian Bennett","Noah Luskus"
"USAR East Regionals hosted by Greater Washington Roundnet","2024","2024-03-02","Columbia, MD, US","5.0+ Open","Lower Division (Medals)",4,"4th Place (No Award)","None","Coffin Flop","Matthew Cole","Ryan Gross"
"USAR South Regionals hosted by Texas Roundnet","2024","2024-03-23","Houston, TX, US","4.0 Open","Lower Division (Medals)",1,"🥇 Gold Medal","None","Kimchi Con Queso","Pablo Riascos","Dylan Jimenez"
"USAR South Regionals hosted by Texas Roundnet","2024","2024-03-23","Houston, TX, US","4.0 Open","Lower Division (Medals)",2,"🥈 Silver Medal","None","Fuego","Sareen Patel","Ainsley Ford"
"USAR South Regionals hosted by Texas Roundnet","2024","2024-03-23","Houston, TX, US","4.0 Open","Lower Division (Medals)",3,"🥉 Bronze Medal","None","Golden Touch","Donne Su","Nakul Mody"
"USAR South Regionals hosted by Texas Roundnet","2024","2024-03-23","Houston, TX, US","4.0 Open","Lower Division (Medals)",4,"4th Place (No Award)","None","Devious Dawgs ","King-Hur Wu","Ross Lochbaum"
"USAR South Regionals hosted by Texas Roundnet","2024","2024-03-23","Houston, TX, US","5.0+ Men's","Lower Division (Medals)",1,"🥇 Gold Medal","None","Drawing Dead","Tyler Fernandez","Kieran Rose"
"USAR South Regionals hosted by Texas Roundnet","2024","2024-03-23","Houston, TX, US","5.0+ Men's","Lower Division (Medals)",2,"🥈 Silver Medal","None","Mermaid Sparkle","Christian Bennett","Noah Luskus"
"USAR South Regionals hosted by Texas Roundnet","2024","2024-03-23","Houston, TX, US","5.0+ Men's","Lower Division (Medals)",3,"🥉 Bronze Medal","None","Blessed","Cade Larson","Luke Mowry"
"USAR South Regionals hosted by Texas Roundnet","2024","2024-03-23","Houston, TX, US","5.0+ Men's","Lower Division (Medals)",4,"4th Place (No Award)","None","Double Clutch","fredric hinkle","Rahul Murthy"
"Spikeball Challenger & USAR Southeast Regionals","2024","2024-04-13","Chattanooga, TN, US","5.0+ Open","Lower Division (Medals)",1,"🥇 Gold Medal","None","V⚡️RGA","Dawson Morgan","Caleb Cummings"
"Spikeball Challenger & USAR Southeast Regionals","2024","2024-04-13","Chattanooga, TN, US","5.0+ Open","Lower Division (Medals)",2,"🥈 Silver Medal","None","Numb","Kieran Rose","Paq Clifford"
"Spikeball Challenger & USAR Southeast Regionals","2024","2024-04-13","Chattanooga, TN, US","5.0+ Open","Lower Division (Medals)",3,"🥉 Bronze Medal","None","Kingdom Come","Grant Klapwijk","Matthew Cole"
"Spikeball Challenger & USAR Southeast Regionals","2024","2024-04-13","Chattanooga, TN, US","5.0+ Open","Lower Division (Medals)",4,"4th Place (No Award)","None","Tilted","Justin Barr","Will Picone"
"Spikeball Challenger & USAR Southeast Regionals","2024","2024-04-13","Chattanooga, TN, US","4.5+ Women's","Lower Division (Medals)",1,"🥇 Gold Medal","None","Pierson/Phan","Katheleen Phan","Katie Pierson"
"Spikeball Challenger & USAR Southeast Regionals","2024","2024-04-13","Chattanooga, TN, US","4.5+ Women's","Lower Division (Medals)",2,"🥈 Silver Medal","None","Almost a Jazz Band","Sarah Allen","Shachi Patel"
"Spikeball Challenger & USAR Southeast Regionals","2024","2024-04-13","Chattanooga, TN, US","4.5+ Women's","Lower Division (Medals)",3,"🥉 Bronze Medal","None","1.5 Asians","Stef Ding","Malia Wanderer"
"Spikeball Challenger & USAR Southeast Regionals","2024","2024-04-13","Chattanooga, TN, US","4.5+ Women's","Lower Division (Medals)",4,"4th Place (No Award)","None","Hopping Frogs 🐸","Rafaela Bastos","Rachel Dolan"
"Spikeball Challenger & USAR Southeast Regionals","2024","2024-04-13","Chattanooga, TN, US","4.0 Contender","Lower Division (Medals)",1,"🥇 Gold Medal","None","Bumpin Biscuits","Jayson Rhea","Ellis Bass"
"Spikeball Challenger & USAR Southeast Regionals","2024","2024-04-13","Chattanooga, TN, US","4.0 Contender","Lower Division (Medals)",2,"🥈 Silver Medal","None","BradsDad","Josiah Sanders","Jackson Petroske"
"Spikeball Challenger & USAR Southeast Regionals","2024","2024-04-13","Chattanooga, TN, US","4.0 Contender","Lower Division (Medals)",3,"🥉 Bronze Medal","None","Weeknd Warriorz","Dakota Wheeler","Ben Landes"
"Spikeball Challenger & USAR Southeast Regionals","2024","2024-04-13","Chattanooga, TN, US","4.0 Contender","Lower Division (Medals)",4,"4th Place (No Award)","None","Torres/Eakin","Jacob Eakin","Jadon Torres"
"Spikeball Challenger & USAR Southeast Regionals","2024","2024-04-13","Chattanooga, TN, US","Mixed 4.5+","Top Tier (Glassware)",1,"🍺 Pitcher (1st Place Glassware)","Pitcher","Chalked","Katie Pierson","Kieran Rose"
"Spikeball Challenger & USAR Southeast Regionals","2024","2024-04-13","Chattanooga, TN, US","Mixed 4.5+","Top Tier (Glassware)",2,"🍻 Tankard (2nd Place Glassware)","Tankard / Cup","Rim on Two","Rafaela Bastos","Kyle Fowler"
"Spikeball Challenger & USAR Southeast Regionals","2024","2024-04-13","Chattanooga, TN, US","Mixed 4.5+","Top Tier (Glassware)",3,"🥃 Shot Glass (3rd Place Glassware)","Shot Glass / Horn","ya burnt 🔥","Stef Ding","Ryan Gross"
"Spikeball Challenger & USAR Southeast Regionals","2024","2024-04-13","Chattanooga, TN, US","Mixed 4.5+","Top Tier (Glassware)",4,"4th Place (No Award)","None","California Girls","Lucas Pruett","Malia Wanderer"
"California Roundnet Open #2 (SLO)","2024","2024-04-13","Paso Robles, CA, US","5.0 Expert","Lower Division (Medals)",1,"🥇 Gold Medal","None","Schon Siguenza","Luke Pennington","Jake Woolley"
"California Roundnet Open #2 (SLO)","2024","2024-04-13","Paso Robles, CA, US","5.0 Expert","Lower Division (Medals)",2,"🥈 Silver Medal","None","Upstairs","Josh Cain","Kyan Kornfeld"
"California Roundnet Open #2 (SLO)","2024","2024-04-13","Paso Robles, CA, US","5.0 Expert","Lower Division (Medals)",3,"🥉 Bronze Medal","None","*Groans* 😩😫","Connor Nelson","Sasha Mariniuk"
"California Roundnet Open #2 (SLO)","2024","2024-04-13","Paso Robles, CA, US","5.0 Expert","Lower Division (Medals)",4,"4th Place (No Award)","None","MUSTAAAAAAAAAAAAAAARD","Jacob Payer","Joseph Kaylor"
"Denver Major","2024","2024-04-13","Commerce City, CO, US","Recreational (2.0-3.0)","Top Tier (Glassware)",1,"🍺 Pitcher (1st Place Glassware)","Pitcher","Simply Spiked","Devin Prehn","Taylor Rodgers"
"Denver Major","2024","2024-04-13","Commerce City, CO, US","Recreational (2.0-3.0)","Top Tier (Glassware)",2,"🍻 Tankard (2nd Place Glassware)","Tankard / Cup","Pockets Out","Ian Scott","aidan allen"
"Denver Major","2024","2024-04-13","Commerce City, CO, US","Recreational (2.0-3.0)","Top Tier (Glassware)",3,"🥃 Shot Glass (3rd Place Glassware)","Shot Glass / Horn","Deconstructed Beta","Andres Chaparro","Zach Bull"
"Denver Major","2024","2024-04-13","Commerce City, CO, US","Recreational (2.0-3.0)","Top Tier (Glassware)",4,"4th Place (No Award)","None","Prank stuff","Madison Peddy","Lindsey Englehart"
"Denver Major","2024","2024-04-13","Commerce City, CO, US","Advanced (4.0)","Top Tier (Glassware)",1,"🍺 Pitcher (1st Place Glassware)","Pitcher","First Round Rejects","Jared Hamilton","Ryan Dovel"
"Denver Major","2024","2024-04-13","Commerce City, CO, US","Advanced (4.0)","Top Tier (Glassware)",2,"🍻 Tankard (2nd Place Glassware)","Tankard / Cup","🫡🫡🫡","Jimmy Chung","Mesa Martorell"
"Denver Major","2024","2024-04-13","Commerce City, CO, US","Advanced (4.0)","Top Tier (Glassware)",3,"🥃 Shot Glass (3rd Place Glassware)","Shot Glass / Horn","M&M","Marcus Rice","Michael Rice"
"Denver Major","2024","2024-04-13","Commerce City, CO, US","Advanced (4.0)","Top Tier (Glassware)",4,"4th Place (No Award)","None","PharahMercy Duo","Keira Morton","Adam Prudhomme"
"AZR Southwest Showcase STS Challenger","2024","2024-04-20","Tempe, AZ, US","4.5 Contender","Top Tier (Glassware)",1,"🍺 Pitcher (1st Place Glassware)","Pitcher","Dollar Tree Roundnet","Connor Larsen","Grant Gouger"
"AZR Southwest Showcase STS Challenger","2024","2024-04-20","Tempe, AZ, US","4.5 Contender","Top Tier (Glassware)",2,"🍻 Tankard (2nd Place Glassware)","Tankard / Cup","Humility ","Tyler Stokes","Matt Barlow"
"AZR Southwest Showcase STS Challenger","2024","2024-04-20","Tempe, AZ, US","4.5 Contender","Top Tier (Glassware)",3,"🥃 Shot Glass (3rd Place Glassware)","Shot Glass / Horn","Slippery When Wet","Brooks Anderson","Kyle Ackermann"
"AZR Southwest Showcase STS Challenger","2024","2024-04-20","Tempe, AZ, US","4.5 Contender","Top Tier (Glassware)",4,"4th Place (No Award)","None","BARP Feast or Famine","Clifton Miller","Noah Johnson"
"AZR Southwest Showcase STS Challenger","2024","2024-04-20","Tempe, AZ, US","2.0 - 4.0 Intermediate","Top Tier (Glassware)",1,"🍺 Pitcher (1st Place Glassware)","Pitcher","Practice Safe Sets","Phillip Jensen","Brandon Alatorre"
"AZR Southwest Showcase STS Challenger","2024","2024-04-20","Tempe, AZ, US","2.0 - 4.0 Intermediate","Top Tier (Glassware)",2,"🍻 Tankard (2nd Place Glassware)","Tankard / Cup","Lil' Spikes","Duncan Trudell","Mark Reeves"
"AZR Southwest Showcase STS Challenger","2024","2024-04-20","Tempe, AZ, US","2.0 - 4.0 Intermediate","Top Tier (Glassware)",3,"🥃 Shot Glass (3rd Place Glassware)","Shot Glass / Horn","OVCN duo ","Goose Ramos","Chase Donahue"
"AZR Southwest Showcase STS Challenger","2024","2024-04-20","Tempe, AZ, US","2.0 - 4.0 Intermediate","Top Tier (Glassware)",3,"🥃 Shot Glass (3rd Place Glassware)","Shot Glass / Horn","Rys over Run (GlissTigz)","Ryan Glisson","Ryan Tiggelaar"
"AZR Southwest Showcase STS Challenger","2024","2024-04-20","Tempe, AZ, US","Women's Advanced 4.0+","Top Tier (Glassware)",1,"🍺 Pitcher (1st Place Glassware)","Pitcher","Coastin’","Maddy Morehouse","Joelle Nguyen"
"AZR Southwest Showcase STS Challenger","2024","2024-04-20","Tempe, AZ, US","Women's Advanced 4.0+","Top Tier (Glassware)",2,"🍻 Tankard (2nd Place Glassware)","Tankard / Cup","cool","Shachi Patel","Elle Lowe"
"AZR Southwest Showcase STS Challenger","2024","2024-04-20","Tempe, AZ, US","Women's Advanced 4.0+","Top Tier (Glassware)",3,"🥃 Shot Glass (3rd Place Glassware)","Shot Glass / Horn","Outside Voices","Perrin York","Sebastiani Kim"
"AZR Southwest Showcase STS Challenger","2024","2024-04-20","Tempe, AZ, US","Women's Advanced 4.0+","Top Tier (Glassware)",4,"4th Place (No Award)","None","Slomies","Shaina Berk","Mey Helm"
"AZR Southwest Showcase STS Challenger","2024","2024-04-20","Tempe, AZ, US","Premier 5.0","Top Tier (Glassware)",1,"🍺 Pitcher (1st Place Glassware)","Pitcher","Providence","Connor Nelson","Alex Dluzynski"
"AZR Southwest Showcase STS Challenger","2024","2024-04-20","Tempe, AZ, US","Premier 5.0","Top Tier (Glassware)",2,"🍻 Tankard (2nd Place Glassware)","Tankard / Cup","Blessed","Cade Larson","Luke Mowry"
"AZR Southwest Showcase STS Challenger","2024","2024-04-20","Tempe, AZ, US","Premier 5.0","Top Tier (Glassware)",3,"🥃 Shot Glass (3rd Place Glassware)","Shot Glass / Horn","Bennett/Fernandez","Tyler Fernandez","Christian Bennett"
"AZR Southwest Showcase STS Challenger","2024","2024-04-20","Tempe, AZ, US","Premier 5.0","Top Tier (Glassware)",3,"🥃 Shot Glass (3rd Place Glassware)","Shot Glass / Horn","Espinola/Leung","Eddy Leung","Malachi Espinola"
"AZR Southwest Showcase STS Challenger","2024","2024-04-20","Tempe, AZ, US","Coed 4.5+ Expert","Top Tier (Glassware)",1,"🍺 Pitcher (1st Place Glassware)","Pitcher","Nelson / Lowe","Elle Lowe","Connor Nelson"
"AZR Southwest Showcase STS Challenger","2024","2024-04-20","Tempe, AZ, US","Coed 4.5+ Expert","Top Tier (Glassware)",2,"🍻 Tankard (2nd Place Glassware)","Tankard / Cup","Sarah Slurps Sticky Sequoia Sap (take 3)","Sarah Allen","Trevor Barbosa"
"AZR Southwest Showcase STS Challenger","2024","2024-04-20","Tempe, AZ, US","Coed 4.5+ Expert","Top Tier (Glassware)",3,"🥃 Shot Glass (3rd Place Glassware)","Shot Glass / Horn","Flotato","Maddy Morehouse","Nick Wideman"
"AZR Southwest Showcase STS Challenger","2024","2024-04-20","Tempe, AZ, US","Coed 4.5+ Expert","Top Tier (Glassware)",4,"4th Place (No Award)","None","Fowl Panda","Amanda Wang","Kyle Fowler"
"USAR Midwest Regionals hosted by Illinois Roundnet","2024","2024-04-27","Huntley, IL, US","5.0+ Men's","Lower Division (Medals)",1,"🥇 Gold Medal","None","Finocchi/Model","Max Model","Gabriel Finocchi"
"USAR Midwest Regionals hosted by Illinois Roundnet","2024","2024-04-27","Huntley, IL, US","5.0+ Men's","Lower Division (Medals)",2,"🥈 Silver Medal","None","Kingdom Come","Grant Klapwijk","Matthew Cole"
"USAR Midwest Regionals hosted by Illinois Roundnet","2024","2024-04-27","Huntley, IL, US","5.0+ Men's","Lower Division (Medals)",3,"🥉 Bronze Medal","None","TRP Spotless","Joe Bondi","Ryan Gross"
"USAR Midwest Regionals hosted by Illinois Roundnet","2024","2024-04-27","Huntley, IL, US","5.0+ Men's","Lower Division (Medals)",4,"4th Place (No Award)","None","Sparky Sparky Boom Men","Sunny Gu","Connor Nelson"
"USAR Midwest Regionals hosted by Illinois Roundnet","2024","2024-04-27","Huntley, IL, US","4.0 Open Advanced","Lower Division (Medals)",1,"🥇 Gold Medal","None","Short Kings 👑","Jon Moe","Brady Van Straten"
"USAR Midwest Regionals hosted by Illinois Roundnet","2024","2024-04-27","Huntley, IL, US","4.0 Open Advanced","Lower Division (Medals)",2,"🥈 Silver Medal","None","Aced and Red Pilled","Chandler King","Bruce Peters"
"USAR Midwest Regionals hosted by Illinois Roundnet","2024","2024-04-27","Huntley, IL, US","4.0 Open Advanced","Lower Division (Medals)",3,"🥉 Bronze Medal","None","Padiddle","Joey Hogan","Quad Hogan"
"USAR Midwest Regionals hosted by Illinois Roundnet","2024","2024-04-27","Huntley, IL, US","4.0 Open Advanced","Lower Division (Medals)",4,"4th Place (No Award)","None","Stroke of Genius","Ryan Lechner","Blake Barker"
"Spring Spike Super Major","2024","2024-04-27","Millcreek, UT, US","5.0 Premier","Top Tier (Glassware)",1,"🍺 Pitcher (1st Place Glassware)","Pitcher","The Front End to my Back End","Trey Thompson","Solomon Berry"
"Spring Spike Super Major","2024","2024-04-27","Millcreek, UT, US","5.0 Premier","Top Tier (Glassware)",2,"🍻 Tankard (2nd Place Glassware)","Tankard / Cup","Defense is Dead(ly)","Chandler Hertzler","Tyler Stokes"
"Spring Spike Super Major","2024","2024-04-27","Millcreek, UT, US","5.0 Premier","Top Tier (Glassware)",3,"🥃 Shot Glass (3rd Place Glassware)","Shot Glass / Horn","R.I.P Drop(s)","Jake LeBaron","Grant Marriott"
"Spring Spike Super Major","2024","2024-04-27","Millcreek, UT, US","5.0 Premier","Top Tier (Glassware)",4,"4th Place (No Award)","None","Unreal","Spencer Escujuri","Harold Mancia"
"Spring Spike Super Major","2024","2024-04-27","Millcreek, UT, US","4.5 Elite","Top Tier (Glassware)",1,"🍺 Pitcher (1st Place Glassware)","Pitcher","Krunkle","Nick Zirkle","Emery Krulish"
"Spring Spike Super Major","2024","2024-04-27","Millcreek, UT, US","4.5 Elite","Top Tier (Glassware)",2,"🍻 Tankard (2nd Place Glassware)","Tankard / Cup","GETZAPPED","Steven Goodrich","Lazarus Shettell"
"Spring Spike Super Major","2024","2024-04-27","Millcreek, UT, US","4.5 Elite","Top Tier (Glassware)",3,"🥃 Shot Glass (3rd Place Glassware)","Shot Glass / Horn","Double Fault","Luke Cook","Nathan Avalos"
"Spring Spike Super Major","2024","2024-04-27","Millcreek, UT, US","4.5 Elite","Top Tier (Glassware)",4,"4th Place (No Award)","None","Wheaties Box Rejects","Seth Lee","Josh Freeman"
"Spring Spike Super Major","2024","2024-04-27","Millcreek, UT, US","4.0 Advanced","Top Tier (Glassware)",1,"🍺 Pitcher (1st Place Glassware)","Pitcher","Knights of the Roundnet","Todd Tuttle","Ryan Kartchner"
"Spring Spike Super Major","2024","2024-04-27","Millcreek, UT, US","4.0 Advanced","Top Tier (Glassware)",2,"🍻 Tankard (2nd Place Glassware)","Tankard / Cup","TUESDAY TUESDAY","Gabriel Robbins","cage johnson"
"Spring Spike Super Major","2024","2024-04-27","Millcreek, UT, US","4.0 Advanced","Top Tier (Glassware)",3,"🥃 Shot Glass (3rd Place Glassware)","Shot Glass / Horn","Grandma's Favorite","Blake Lawrence","Francisco Marquez"
"Spring Spike Super Major","2024","2024-04-27","Millcreek, UT, US","4.0 Advanced","Top Tier (Glassware)",4,"4th Place (No Award)","None","No Name","Braydon Hunt","Toby Hunt"
"Spring Spike Super Major","2024","2024-04-27","Millcreek, UT, US","3.0 Recreational","Top Tier (Glassware)",1,"🍺 Pitcher (1st Place Glassware)","Pitcher","Gilly Soose","Luke Gonzalez","Ethan Chudleigh"
"Spring Spike Super Major","2024","2024-04-27","Millcreek, UT, US","3.0 Recreational","Top Tier (Glassware)",2,"🍻 Tankard (2nd Place Glassware)","Tankard / Cup","CGH","Colton Hintz","Dylan Ladds"
"Spring Spike Super Major","2024","2024-04-27","Millcreek, UT, US","3.0 Recreational","Top Tier (Glassware)",3,"🥃 Shot Glass (3rd Place Glassware)","Shot Glass / Horn","Los Pendejos","Jake Erickson","Cooper Crabtree"
"Spring Spike Super Major","2024","2024-04-27","Millcreek, UT, US","3.0 Recreational","Top Tier (Glassware)",4,"4th Place (No Award)","None","Como Se Juega","Adam Brueck","Nathan Brueck"
"The Los Angeles Grand Slam - Spikeball Challenger 2024","2024","2024-05-04","Los Angeles, CA, US","Contender 4.5","Top Tier (Glassware)",1,"🍺 Pitcher (1st Place Glassware)","Pitcher","Kyler/Caleb","Kyler Cote","Caleb Jarrett"
"The Los Angeles Grand Slam - Spikeball Challenger 2024","2024","2024-05-04","Los Angeles, CA, US","Contender 4.5","Top Tier (Glassware)",2,"🍻 Tankard (2nd Place Glassware)","Tankard / Cup","Steak and Rice","Dylan Medveal","Pio Clavecilla"
"The Los Angeles Grand Slam - Spikeball Challenger 2024","2024","2024-05-04","Los Angeles, CA, US","Contender 4.5","Top Tier (Glassware)",3,"🥃 Shot Glass (3rd Place Glassware)","Shot Glass / Horn","IND - Das/Dua","vibhor dua","sumer dass"
"The Los Angeles Grand Slam - Spikeball Challenger 2024","2024","2024-05-04","Los Angeles, CA, US","Contender 4.5","Top Tier (Glassware)",4,"4th Place (No Award)","None","Cookin & Smokin","Sougat Pradhan","Jason Xu"
"The Los Angeles Grand Slam - Spikeball Challenger 2024","2024","2024-05-04","Los Angeles, CA, US","Womens 4.0+","Top Tier (Glassware)",1,"🍺 Pitcher (1st Place Glassware)","Pitcher","Gapcha","Janet Leung","Dianne Fonseca"
"The Los Angeles Grand Slam - Spikeball Challenger 2024","2024","2024-05-04","Los Angeles, CA, US","Womens 4.0+","Top Tier (Glassware)",2,"🍻 Tankard (2nd Place Glassware)","Tankard / Cup","Cosmic","Sebastiani Kim","Joelle Nguyen"
"The Los Angeles Grand Slam - Spikeball Challenger 2024","2024","2024-05-04","Los Angeles, CA, US","Womens 4.0+","Top Tier (Glassware)",3,"🥃 Shot Glass (3rd Place Glassware)","Shot Glass / Horn","More Savage","Kirstie Savage","Maddy Morehouse"
"The Los Angeles Grand Slam - Spikeball Challenger 2024","2024","2024-05-04","Los Angeles, CA, US","Womens 4.0+","Top Tier (Glassware)",4,"4th Place (No Award)","None","norcal girlies","Malia Wanderer","Elle Lowe"
"The Los Angeles Grand Slam - Spikeball Challenger 2024","2024","2024-05-04","Los Angeles, CA, US","Mixed 4.0+","Top Tier (Glassware)",1,"🍺 Pitcher (1st Place Glassware)","Pitcher","Pizookie","Perrin York","Kieran Rose"
"The Los Angeles Grand Slam - Spikeball Challenger 2024","2024","2024-05-04","Los Angeles, CA, US","Mixed 4.0+","Top Tier (Glassware)",2,"🍻 Tankard (2nd Place Glassware)","Tankard / Cup","ABG Phase","Connor Nelson","Karah Hui"
"The Los Angeles Grand Slam - Spikeball Challenger 2024","2024","2024-05-04","Los Angeles, CA, US","Mixed 4.0+","Top Tier (Glassware)",3,"🥃 Shot Glass (3rd Place Glassware)","Shot Glass / Horn","Show & T-Elle","Trevor Barbosa","Elle Lowe"
"The Los Angeles Grand Slam - Spikeball Challenger 2024","2024","2024-05-04","Los Angeles, CA, US","Mixed 4.0+","Top Tier (Glassware)",4,"4th Place (No Award)","None","Equally Ambi","Joelle Nguyen","Vincent Mathieu"
"The Los Angeles Grand Slam - Spikeball Challenger 2024","2024","2024-05-04","Los Angeles, CA, US","Premier 5.0+","Top Tier (Glassware)",1,"🍺 Pitcher (1st Place Glassware)","Pitcher","Broken pieces","Thomas Hamilton","Vincent Mathieu"
"The Los Angeles Grand Slam - Spikeball Challenger 2024","2024","2024-05-04","Los Angeles, CA, US","Premier 5.0+","Top Tier (Glassware)",2,"🍻 Tankard (2nd Place Glassware)","Tankard / Cup","Numb","Kieran Rose","Paq Clifford"
"The Los Angeles Grand Slam - Spikeball Challenger 2024","2024","2024-05-04","Los Angeles, CA, US","Premier 5.0+","Top Tier (Glassware)",3,"🥃 Shot Glass (3rd Place Glassware)","Shot Glass / Horn","Insystem","Etienne Cote","Blake Bosak"
"The Los Angeles Grand Slam - Spikeball Challenger 2024","2024","2024-05-04","Los Angeles, CA, US","Premier 5.0+","Top Tier (Glassware)",4,"4th Place (No Award)","None","Kingdom Come","Grant Klapwijk","Matthew Cole"
"Oceanside Grand Slam #2 - Spikeball Challenger","2024","2024-05-11","Oceanside, CA, US","5.0 Premier","Top Tier (Glassware)",1,"🍺 Pitcher (1st Place Glassware)","Pitcher","CoCo Breaks","Etienne Cote","Connor Nelson"
"Oceanside Grand Slam #2 - Spikeball Challenger","2024","2024-05-11","Oceanside, CA, US","5.0 Premier","Top Tier (Glassware)",2,"🍻 Tankard (2nd Place Glassware)","Tankard / Cup","foolish","Lucas Pruett","Sunny Gu"
"Oceanside Grand Slam #2 - Spikeball Challenger","2024","2024-05-11","Oceanside, CA, US","5.0 Premier","Top Tier (Glassware)",3,"🥃 Shot Glass (3rd Place Glassware)","Shot Glass / Horn","V⚡️RGA","Dawson Morgan","Caleb Cummings"
"Oceanside Grand Slam #2 - Spikeball Challenger","2024","2024-05-11","Oceanside, CA, US","5.0 Premier","Top Tier (Glassware)",4,"4th Place (No Award)","None","FTR Frontier","Jake Woolley","Kyan Kornfeld"
"Oceanside Grand Slam #2 - Spikeball Challenger","2024","2024-05-11","Oceanside, CA, US","4.5 Contender","Top Tier (Glassware)",1,"🍺 Pitcher (1st Place Glassware)","Pitcher","Allin/Schrag","Nathaniel Schrag","Micah Allin"
"Oceanside Grand Slam #2 - Spikeball Challenger","2024","2024-05-11","Oceanside, CA, US","4.5 Contender","Top Tier (Glassware)",2,"🍻 Tankard (2nd Place Glassware)","Tankard / Cup","Walkie-Talkie","Jai Parera","Jake Young"
"Oceanside Grand Slam #2 - Spikeball Challenger","2024","2024-05-11","Oceanside, CA, US","4.5 Contender","Top Tier (Glassware)",3,"🥃 Shot Glass (3rd Place Glassware)","Shot Glass / Horn","Who do you think you are, I am","Isaac Penner","Ross Parke"
"Oceanside Grand Slam #2 - Spikeball Challenger","2024","2024-05-11","Oceanside, CA, US","4.5 Contender","Top Tier (Glassware)",4,"4th Place (No Award)","None","Buctan’s","Trevor Buchan","Derek Tang"
"Oceanside Grand Slam #2 - Spikeball Challenger","2024","2024-05-11","Oceanside, CA, US","4.0 Advanced","Top Tier (Glassware)",1,"🍺 Pitcher (1st Place Glassware)","Pitcher","TSSO","Sean O'Donnell","Tyler Snell"
"Oceanside Grand Slam #2 - Spikeball Challenger","2024","2024-05-11","Oceanside, CA, US","4.0 Advanced","Top Tier (Glassware)",2,"🍻 Tankard (2nd Place Glassware)","Tankard / Cup","Setters of Catan","donhau la","Ashley Ngo"
"Oceanside Grand Slam #2 - Spikeball Challenger","2024","2024-05-11","Oceanside, CA, US","4.0 Advanced","Top Tier (Glassware)",3,"🥃 Shot Glass (3rd Place Glassware)","Shot Glass / Horn","The Glizzies","Martin Ramirez","Brandon Ann"
"Oceanside Grand Slam #2 - Spikeball Challenger","2024","2024-05-11","Oceanside, CA, US","4.0 Advanced","Top Tier (Glassware)",4,"4th Place (No Award)","None","Sonnnnn","Bryce Wilson","Daniel Lee"
"Oceanside Grand Slam #2 - Spikeball Challenger","2024","2024-05-11","Oceanside, CA, US","4.5 Women's","Top Tier (Glassware)",1,"🍺 Pitcher (1st Place Glassware)","Pitcher","THUS Parabatai","Kalin Morgan","Kayla Wu-Fleming"
"Oceanside Grand Slam #2 - Spikeball Challenger","2024","2024-05-11","Oceanside, CA, US","4.5 Women's","Top Tier (Glassware)",2,"🍻 Tankard (2nd Place Glassware)","Tankard / Cup","Perform or die","Karah Hui","Perrin York"
"Oceanside Grand Slam #2 - Spikeball Challenger","2024","2024-05-11","Oceanside, CA, US","4.5 Women's","Top Tier (Glassware)",3,"🥃 Shot Glass (3rd Place Glassware)","Shot Glass / Horn","Tui and La","Julia Timan","Sebastiani Kim"
"Oceanside Grand Slam #2 - Spikeball Challenger","2024","2024-05-11","Oceanside, CA, US","4.5 Women's","Top Tier (Glassware)",4,"4th Place (No Award)","None","Nam Flashbacks","Joelle Nguyen","Katheleen Phan"
"Oceanside Grand Slam #2 - Spikeball Challenger","2024","2024-05-11","Oceanside, CA, US","4.0 Mixed","Top Tier (Glassware)",1,"🍺 Pitcher (1st Place Glassware)","Pitcher","finally","Karah Hui","Etienne Cote"
"Oceanside Grand Slam #2 - Spikeball Challenger","2024","2024-05-11","Oceanside, CA, US","4.0 Mixed","Top Tier (Glassware)",2,"🍻 Tankard (2nd Place Glassware)","Tankard / Cup","Chalked","Katie Pierson","Kieran Rose"
"Oceanside Grand Slam #2 - Spikeball Challenger","2024","2024-05-11","Oceanside, CA, US","4.0 Mixed","Top Tier (Glassware)",3,"🥃 Shot Glass (3rd Place Glassware)","Shot Glass / Horn","Nelson / Lowe","Elle Lowe","Connor Nelson"
"Oceanside Grand Slam #2 - Spikeball Challenger","2024","2024-05-11","Oceanside, CA, US","4.0 Mixed","Top Tier (Glassware)",4,"4th Place (No Award)","None","The Dark Ones","Perrin York","Thomas Hamilton"
"California Roundnet Regionals #2 - NorCal","2024","2024-05-25","Menlo Park, CA, US","4.5 Contender","Lower Division (Medals)",1,"🥇 Gold Medal","None","70K Trophies","Jaden Knott","Jakob Seidner"
"California Roundnet Regionals #2 - NorCal","2024","2024-05-25","Menlo Park, CA, US","4.5 Contender","Lower Division (Medals)",2,"🥈 Silver Medal","None","Spiked Lemonade","Matthew Kamimura","George Zywiel"
"California Roundnet Regionals #2 - NorCal","2024","2024-05-25","Menlo Park, CA, US","4.5 Contender","Lower Division (Medals)",3,"🥉 Bronze Medal","None","Freshman","Carlos Diaz","Niviru Wijayaratne"
"California Roundnet Regionals #2 - NorCal","2024","2024-05-25","Menlo Park, CA, US","4.5 Contender","Lower Division (Medals)",4,"4th Place (No Award)","None","Gooners","Adrianna Grothause","Costas Foster"
"California Roundnet Regionals #2 - NorCal","2024","2024-05-25","Menlo Park, CA, US","5.0 Expert","Lower Division (Medals)",1,"🥇 Gold Medal","None","Tarpey","Josh Fragiacomo","Joseph Kaylor"
"California Roundnet Regionals #2 - NorCal","2024","2024-05-25","Menlo Park, CA, US","5.0 Expert","Lower Division (Medals)",2,"🥈 Silver Medal","None","Sloppy","Trevor Barbosa","Connor Nelson"
"California Roundnet Regionals #2 - NorCal","2024","2024-05-25","Menlo Park, CA, US","5.0 Expert","Lower Division (Medals)",3,"🥉 Bronze Medal","None","Champion Destroyers 🥏","Samuel Buckman","Luke Pennington"
"California Roundnet Regionals #2 - NorCal","2024","2024-05-25","Menlo Park, CA, US","5.0 Expert","Lower Division (Medals)",4,"4th Place (No Award)","None","Edge Guarders","Michael Du","Charlie Camarena"
"Raleigh STS Challenger Tour Stop","2024","2024-05-25","Apex, NC, US","Premier 5.0+","Top Tier (Glassware)",1,"🍺 Pitcher (1st Place Glassware)","Pitcher","Tilted","Justin Barr","Will Picone"
"Raleigh STS Challenger Tour Stop","2024","2024-05-25","Apex, NC, US","Premier 5.0+","Top Tier (Glassware)",2,"🍻 Tankard (2nd Place Glassware)","Tankard / Cup","Degenerates","Jack coolbaugh","Thomas Hoffman"
"Raleigh STS Challenger Tour Stop","2024","2024-05-25","Apex, NC, US","Premier 5.0+","Top Tier (Glassware)",3,"🥃 Shot Glass (3rd Place Glassware)","Shot Glass / Horn","Glizzy Gladiators","Polk Denmark","Jacob Summers"
"Raleigh STS Challenger Tour Stop","2024","2024-05-25","Apex, NC, US","Premier 5.0+","Top Tier (Glassware)",4,"4th Place (No Award)","None","Party Fowl","Cole Maddox","Kyle Fowler"
"Raleigh STS Challenger Tour Stop","2024","2024-05-25","Apex, NC, US","Advanced 3.0 - 4.0","Top Tier (Glassware)",1,"🍺 Pitcher (1st Place Glassware)","Pitcher","Stretch and Speed","Sebastian Diaz","Kevin Lane"
"Raleigh STS Challenger Tour Stop","2024","2024-05-25","Apex, NC, US","Advanced 3.0 - 4.0","Top Tier (Glassware)",2,"🍻 Tankard (2nd Place Glassware)","Tankard / Cup","Giggle Gang","Ethan Malta","Bryan Covell"
"Raleigh STS Challenger Tour Stop","2024","2024-05-25","Apex, NC, US","Advanced 3.0 - 4.0","Top Tier (Glassware)",3,"🥃 Shot Glass (3rd Place Glassware)","Shot Glass / Horn","Lil baby spikers","Daden Goldfinger","Azeem Uraizee"
"Raleigh STS Challenger Tour Stop","2024","2024-05-25","Apex, NC, US","Advanced 3.0 - 4.0","Top Tier (Glassware)",3,"🥃 Shot Glass (3rd Place Glassware)","Shot Glass / Horn","Something Witty","Samiah Malta","Mitchell Welborn"
"Raleigh STS Challenger Tour Stop","2024","2024-05-25","Apex, NC, US","Womens Advanced 4.0+","Top Tier (Glassware)",1,"🍺 Pitcher (1st Place Glassware)","Pitcher","OnlyJams","Perrin York","Kalin Morgan"
"Raleigh STS Challenger Tour Stop","2024","2024-05-25","Apex, NC, US","Womens Advanced 4.0+","Top Tier (Glassware)",2,"🍻 Tankard (2nd Place Glassware)","Tankard / Cup","r they dating or just rly good friends?","Karah Hui","Tiff Ding"
"Raleigh STS Challenger Tour Stop","2024","2024-05-25","Apex, NC, US","Womens Advanced 4.0+","Top Tier (Glassware)",3,"🥃 Shot Glass (3rd Place Glassware)","Shot Glass / Horn","Pierson/Phan","Katheleen Phan","Katie Pierson"
"Raleigh STS Challenger Tour Stop","2024","2024-05-25","Apex, NC, US","Womens Advanced 4.0+","Top Tier (Glassware)",4,"4th Place (No Award)","None","Joanna will come up with team name","Rafaela Bastos","Joanna Gould"
"Raleigh STS Challenger Tour Stop","2024","2024-05-25","Apex, NC, US","Mixed Advanced","Top Tier (Glassware)",1,"🍺 Pitcher (1st Place Glassware)","Pitcher","Chalked","Katie Pierson","Kieran Rose"
"Raleigh STS Challenger Tour Stop","2024","2024-05-25","Apex, NC, US","Mixed Advanced","Top Tier (Glassware)",2,"🍻 Tankard (2nd Place Glassware)","Tankard / Cup","Chapped Lips","Kalin Morgan","Dawson Morgan"
"Raleigh STS Challenger Tour Stop","2024","2024-05-25","Apex, NC, US","Mixed Advanced","Top Tier (Glassware)",3,"🥃 Shot Glass (3rd Place Glassware)","Shot Glass / Horn","Make-a-wish","Josh Hutko","Karah Hui"
"Raleigh STS Challenger Tour Stop","2024","2024-05-25","Apex, NC, US","Mixed Advanced","Top Tier (Glassware)",4,"4th Place (No Award)","None","Lippman/Phan","Owen Lippman","Katheleen Phan"
"Raleigh STS Challenger Tour Stop","2024","2024-05-25","Apex, NC, US","Mixed Intermediate","Top Tier (Glassware)",1,"🍺 Pitcher (1st Place Glassware)","Pitcher","Get Schooled","Katrina Gabriella","Brian Perlson"
"Raleigh STS Challenger Tour Stop","2024","2024-05-25","Apex, NC, US","Mixed Intermediate","Top Tier (Glassware)",2,"🍻 Tankard (2nd Place Glassware)","Tankard / Cup","YMCA","Samiah Malta","Sebastian Diaz"
"Raleigh STS Challenger Tour Stop","2024","2024-05-25","Apex, NC, US","Mixed Intermediate","Top Tier (Glassware)",3,"🥃 Shot Glass (3rd Place Glassware)","Shot Glass / Horn","WEEE","Will Eckard","Emma Eckard"
"Raleigh STS Challenger Tour Stop","2024","2024-05-25","Apex, NC, US","Mixed Intermediate","Top Tier (Glassware)",3,"🥃 Shot Glass (3rd Place Glassware)","Shot Glass / Horn","MBR November Nonsense","Rebecca Montgomery","Nathan Montgomery"
"Raleigh STS Challenger Tour Stop","2024","2024-05-25","Apex, NC, US","Contender 4.0+","Top Tier (Glassware)",1,"🍺 Pitcher (1st Place Glassware)","Pitcher","Milky Maneuvers","Izayah Gibson","Grant Yoder"
"Raleigh STS Challenger Tour Stop","2024","2024-05-25","Apex, NC, US","Contender 4.0+","Top Tier (Glassware)",2,"🍻 Tankard (2nd Place Glassware)","Tankard / Cup","Freakuency Shift","Prady Vijayakumar","Seth Cutler"
"Raleigh STS Challenger Tour Stop","2024","2024-05-25","Apex, NC, US","Contender 4.0+","Top Tier (Glassware)",3,"🥃 Shot Glass (3rd Place Glassware)","Shot Glass / Horn","On two Merchants","Chris Hartings","AJ Halliday"
"Raleigh STS Challenger Tour Stop","2024","2024-05-25","Apex, NC, US","Contender 4.0+","Top Tier (Glassware)",4,"4th Place (No Award)","None","Billy pockets","Andrey Andriyevskiy","Joel Hoffler"
"Boise Idaho Challenger, STS","2024","2024-06-01","Meridian, ID, US","Womens","Top Tier (Glassware)",1,"🍺 Pitcher (1st Place Glassware)","Pitcher","Dough Boys","Kirstie Savage","Camille Anderson"
"Boise Idaho Challenger, STS","2024","2024-06-01","Meridian, ID, US","Womens","Top Tier (Glassware)",2,"🍻 Tankard (2nd Place Glassware)","Tankard / Cup","Berk/Gahley","Shaina Berk","Nicol Gahley"
"Boise Idaho Challenger, STS","2024","2024-06-01","Meridian, ID, US","Womens","Top Tier (Glassware)",3,"🥃 Shot Glass (3rd Place Glassware)","Shot Glass / Horn","Dinhngai(d)","Bethany Dinh","Kayla Ngai"
"Boise Idaho Challenger, STS","2024","2024-06-01","Meridian, ID, US","Womens","Top Tier (Glassware)",4,"4th Place (No Award)","None","Gobby Girls","Sara Bradshaw","Jordan Hemmen"
"Boise Idaho Challenger, STS","2024","2024-06-01","Meridian, ID, US","Contender 4.5","Top Tier (Glassware)",1,"🍺 Pitcher (1st Place Glassware)","Pitcher","Jumbo shrimp","Nicolas Caballero","Cody Brower"
"Boise Idaho Challenger, STS","2024","2024-06-01","Meridian, ID, US","Contender 4.5","Top Tier (Glassware)",2,"🍻 Tankard (2nd Place Glassware)","Tankard / Cup","Ball Hogs","Chaz Klein","Kelly O’Connor"
"Boise Idaho Challenger, STS","2024","2024-06-01","Meridian, ID, US","Contender 4.5","Top Tier (Glassware)",3,"🥃 Shot Glass (3rd Place Glassware)","Shot Glass / Horn","GNC","Daniel Green","Konnor Cordingley"
"Boise Idaho Challenger, STS","2024","2024-06-01","Meridian, ID, US","Contender 4.5","Top Tier (Glassware)",4,"4th Place (No Award)","None","Pimp papis","Bowen Maynard","connor barton"
"Boise Idaho Challenger, STS","2024","2024-06-01","Meridian, ID, US","Premier - 5.0","Top Tier (Glassware)",1,"🍺 Pitcher (1st Place Glassware)","Pitcher","J.A.R.V.I.S.","Connor Nelson","Josh Fragiacomo"
"Boise Idaho Challenger, STS","2024","2024-06-01","Meridian, ID, US","Premier - 5.0","Top Tier (Glassware)",2,"🍻 Tankard (2nd Place Glassware)","Tankard / Cup","Pathos","Taylor Church","Paq Clifford"
"Boise Idaho Challenger, STS","2024","2024-06-01","Meridian, ID, US","Premier - 5.0","Top Tier (Glassware)",3,"🥃 Shot Glass (3rd Place Glassware)","Shot Glass / Horn","totally not bluffing","Nick Wideman","Nathan Robertt"
"Boise Idaho Challenger, STS","2024","2024-06-01","Meridian, ID, US","Premier - 5.0","Top Tier (Glassware)",4,"4th Place (No Award)","None","Fish Market","Bryant Karratti","Solomon Berry"
"The Scorch - STS Challenger","2024","2024-06-08","Middleburg, FL, US","Contender (Open 4.5)","Top Tier (Glassware)",1,"🍺 Pitcher (1st Place Glassware)","Pitcher","JQ^2","Jhanaj Quispe","Josef Quispe"
"The Scorch - STS Challenger","2024","2024-06-08","Middleburg, FL, US","Contender (Open 4.5)","Top Tier (Glassware)",2,"🍻 Tankard (2nd Place Glassware)","Tankard / Cup","7 + 7","Alejandro Sosa","Joshua Mollineda"
"The Scorch - STS Challenger","2024","2024-06-08","Middleburg, FL, US","Contender (Open 4.5)","Top Tier (Glassware)",3,"🥃 Shot Glass (3rd Place Glassware)","Shot Glass / Horn","Control Alt Delete","Ethan Sullivan","Gavin Sullivan"
"The Scorch - STS Challenger","2024","2024-06-08","Middleburg, FL, US","Contender (Open 4.5)","Top Tier (Glassware)",4,"4th Place (No Award)","None","Hipsters","Andrew Murray","Blake Van Den Top"
"The Scorch - STS Challenger","2024","2024-06-08","Middleburg, FL, US","Premier (5.0)","Top Tier (Glassware)",1,"🍺 Pitcher (1st Place Glassware)","Pitcher","Fever","Connor Nelson","Kieran Rose"
"The Scorch - STS Challenger","2024","2024-06-08","Middleburg, FL, US","Premier (5.0)","Top Tier (Glassware)",2,"🍻 Tankard (2nd Place Glassware)","Tankard / Cup","Finocchi/Model","Gabriel Finocchi","Max Model"
"The Scorch - STS Challenger","2024","2024-06-08","Middleburg, FL, US","Premier (5.0)","Top Tier (Glassware)",3,"🥃 Shot Glass (3rd Place Glassware)","Shot Glass / Horn","Vristige","Benjamin Goldfarb","Caleb Cummings"
"The Scorch - STS Challenger","2024","2024-06-08","Middleburg, FL, US","Premier (5.0)","Top Tier (Glassware)",4,"4th Place (No Award)","None","Glizzy Gladiators","Polk Denmark","Jacob Summers"
"Richmond Major 2024 - Spikeball Tour Series","2024","2024-06-15","Glen Allen, VA, US","Open Pro 5.0+","Top Tier (Glassware)",1,"🍺 Pitcher (1st Place Glassware)","Pitcher","Numb","Kieran Rose","Paq Clifford"
"Richmond Major 2024 - Spikeball Tour Series","2024","2024-06-15","Glen Allen, VA, US","Open Pro 5.0+","Top Tier (Glassware)",2,"🍻 Tankard (2nd Place Glassware)","Tankard / Cup","Insystem","Etienne Cote","Blake Bosak"
"Richmond Major 2024 - Spikeball Tour Series","2024","2024-06-15","Glen Allen, VA, US","Open Pro 5.0+","Top Tier (Glassware)",3,"🥃 Shot Glass (3rd Place Glassware)","Shot Glass / Horn","Bad Combo","Will Picone","Rahul Murthy"
"Richmond Major 2024 - Spikeball Tour Series","2024","2024-06-15","Glen Allen, VA, US","Open Pro 5.0+","Top Tier (Glassware)",4,"4th Place (No Award)","None","Cold Sweep","Maxime Prince","Vincent Mathieu"
"Richmond Major 2024 - Spikeball Tour Series","2024","2024-06-15","Glen Allen, VA, US","Premier 5.0+","Top Tier (Glassware)",1,"🍺 Pitcher (1st Place Glassware)","Pitcher","hotballers","Joshua Hachey","Tyler Babin"
"Richmond Major 2024 - Spikeball Tour Series","2024","2024-06-15","Glen Allen, VA, US","Premier 5.0+","Top Tier (Glassware)",2,"🍻 Tankard (2nd Place Glassware)","Tankard / Cup","No Pressure","Alex Newton","Josh Hutko"
"Richmond Major 2024 - Spikeball Tour Series","2024","2024-06-15","Glen Allen, VA, US","Premier 5.0+","Top Tier (Glassware)",3,"🥃 Shot Glass (3rd Place Glassware)","Shot Glass / Horn","Incognito","Joseph Kaylor","Michael Du"
"Richmond Major 2024 - Spikeball Tour Series","2024","2024-06-15","Glen Allen, VA, US","Premier 5.0+","Top Tier (Glassware)",4,"4th Place (No Award)","None","Cerebral","Samuel Corey","Kurt Lannetti"
"Richmond Major 2024 - Spikeball Tour Series","2024","2024-06-15","Glen Allen, VA, US","Women's Advanced 4.0+","Top Tier (Glassware)",1,"🍺 Pitcher (1st Place Glassware)","Pitcher","Pierson/Phan","Katheleen Phan","Katie Pierson"
"Richmond Major 2024 - Spikeball Tour Series","2024","2024-06-15","Glen Allen, VA, US","Women's Advanced 4.0+","Top Tier (Glassware)",2,"🍻 Tankard (2nd Place Glassware)","Tankard / Cup","Dino Riot 🦖","Laurence Vallée","Rafaela Bastos"
"Richmond Major 2024 - Spikeball Tour Series","2024","2024-06-15","Glen Allen, VA, US","Women's Advanced 4.0+","Top Tier (Glassware)",3,"🥃 Shot Glass (3rd Place Glassware)","Shot Glass / Horn","Coastin’","Maddy Morehouse","Joelle Nguyen"
"Richmond Major 2024 - Spikeball Tour Series","2024","2024-06-15","Glen Allen, VA, US","Women's Advanced 4.0+","Top Tier (Glassware)",4,"4th Place (No Award)","None","Almost a Jazz Band","Sarah Allen","Shachi Patel"
"Richmond Major 2024 - Spikeball Tour Series","2024","2024-06-15","Glen Allen, VA, US","MAMMOTH (Sunday)","Top Tier (Glassware)",1,"🍺 Pitcher (1st Place Glassware)","Pitcher","All effort team","James Mitchum","Nathan Montgomery"
"Richmond Major 2024 - Spikeball Tour Series","2024","2024-06-15","Glen Allen, VA, US","MAMMOTH (Sunday)","Top Tier (Glassware)",2,"🍻 Tankard (2nd Place Glassware)","Tankard / Cup","Panem","Ben Dantowitz","Peter Lam"
"Richmond Major 2024 - Spikeball Tour Series","2024","2024-06-15","Glen Allen, VA, US","MAMMOTH (Sunday)","Top Tier (Glassware)",3,"🥃 Shot Glass (3rd Place Glassware)","Shot Glass / Horn","Same Hand Drop","Christopher Montgomery","Jason Montgomery"
"Richmond Major 2024 - Spikeball Tour Series","2024","2024-06-15","Glen Allen, VA, US","MAMMOTH (Sunday)","Top Tier (Glassware)",4,"4th Place (No Award)","None","mammothy","Garret Chaffins","Jacob Summers"
"Richmond Major 2024 - Spikeball Tour Series","2024","2024-06-15","Glen Allen, VA, US","Advanced/Intermediate","Top Tier (Glassware)",1,"🍺 Pitcher (1st Place Glassware)","Pitcher","Spike n Ike’s","Owen Wallace","Julian Penn"
"Richmond Major 2024 - Spikeball Tour Series","2024","2024-06-15","Glen Allen, VA, US","Advanced/Intermediate","Top Tier (Glassware)",2,"🍻 Tankard (2nd Place Glassware)","Tankard / Cup","Luke n em","Henry Gutshall","Connor Custalow"
"Richmond Major 2024 - Spikeball Tour Series","2024","2024-06-15","Glen Allen, VA, US","Advanced/Intermediate","Top Tier (Glassware)",3,"🥃 Shot Glass (3rd Place Glassware)","Shot Glass / Horn","Travis Sykora Enthusiasts","Ryland Holdren","Drew VanDenburg"
"Richmond Major 2024 - Spikeball Tour Series","2024","2024-06-15","Glen Allen, VA, US","Advanced/Intermediate","Top Tier (Glassware)",4,"4th Place (No Award)","None","Big Time Roundnet","Olivia Leach","CJ Mierchuk"
"Richmond Major 2024 - Spikeball Tour Series","2024","2024-06-15","Glen Allen, VA, US","Mixed Intermediate/Advanced 2.0-4.5","Top Tier (Glassware)",1,"🍺 Pitcher (1st Place Glassware)","Pitcher","Overhanging Jugs","Jake Choi","Soph Yu"
"Richmond Major 2024 - Spikeball Tour Series","2024","2024-06-15","Glen Allen, VA, US","Mixed Intermediate/Advanced 2.0-4.5","Top Tier (Glassware)",2,"🍻 Tankard (2nd Place Glassware)","Tankard / Cup","Bilateral Buster Boarders","Garrett Blanchard","Bel Belvedere"
"Richmond Major 2024 - Spikeball Tour Series","2024","2024-06-15","Glen Allen, VA, US","Mixed Intermediate/Advanced 2.0-4.5","Top Tier (Glassware)",3,"🥃 Shot Glass (3rd Place Glassware)","Shot Glass / Horn","ABG","Sean Caufield","gabby chen"
"Richmond Major 2024 - Spikeball Tour Series","2024","2024-06-15","Glen Allen, VA, US","Mixed Intermediate/Advanced 2.0-4.5","Top Tier (Glassware)",4,"4th Place (No Award)","None","Court and em","Courtney Coppage","Brooks Weeks"
"Richmond Major 2024 - Spikeball Tour Series","2024","2024-06-15","Glen Allen, VA, US","Mixed Advanced 5.0+ (Sunday)","Top Tier (Glassware)",1,"🍺 Pitcher (1st Place Glassware)","Pitcher","Chalk","Katheleen Phan","Katie Pierson"
"Richmond Major 2024 - Spikeball Tour Series","2024","2024-06-15","Glen Allen, VA, US","Mixed Advanced 5.0+ (Sunday)","Top Tier (Glassware)",2,"🍻 Tankard (2nd Place Glassware)","Tankard / Cup","Canada Classic","Maxime Prince","Etienne Cote"
"Richmond Major 2024 - Spikeball Tour Series","2024","2024-06-15","Glen Allen, VA, US","Mixed Advanced 5.0+ (Sunday)","Top Tier (Glassware)",3,"🥃 Shot Glass (3rd Place Glassware)","Shot Glass / Horn","Camboinhas","Nick Wideman","Maddy Morehouse"
"Richmond Major 2024 - Spikeball Tour Series","2024","2024-06-15","Glen Allen, VA, US","Mixed Advanced 5.0+ (Sunday)","Top Tier (Glassware)",4,"4th Place (No Award)","None","Hoosky","Lucas Pruett","Malia Wanderer"
"Richmond Major 2024 - Spikeball Tour Series","2024","2024-06-15","Glen Allen, VA, US","Contender 4.5+","Top Tier (Glassware)",1,"🍺 Pitcher (1st Place Glassware)","Pitcher","About Time","Sidney Mathues","Riley Nassour"
"Richmond Major 2024 - Spikeball Tour Series","2024","2024-06-15","Glen Allen, VA, US","Contender 4.5+","Top Tier (Glassware)",2,"🍻 Tankard (2nd Place Glassware)","Tankard / Cup","P Hive","Tim Daudelin","Tripp Griffith"
"Richmond Major 2024 - Spikeball Tour Series","2024","2024-06-15","Glen Allen, VA, US","Contender 4.5+","Top Tier (Glassware)",3,"🥃 Shot Glass (3rd Place Glassware)","Shot Glass / Horn","Apricot’s Army","Tyler Keener","Jake Hurst"
"Richmond Major 2024 - Spikeball Tour Series","2024","2024-06-15","Glen Allen, VA, US","Contender 4.5+","Top Tier (Glassware)",4,"4th Place (No Award)","None","Too Much Sandwich","Joseph Motto","Sean Caufield"
"[STS] Minneapolis Challenger 2024","2024","2024-06-23","Brooklyn Park, MN, US","Intermediate (3.0)","Top Tier (Glassware)",1,"🍺 Pitcher (1st Place Glassware)","Pitcher","Wooberg","Soren Peterson","Austin Schloeder"
"[STS] Minneapolis Challenger 2024","2024","2024-06-23","Brooklyn Park, MN, US","Intermediate (3.0)","Top Tier (Glassware)",2,"🍻 Tankard (2nd Place Glassware)","Tankard / Cup","Pink Whitney","Evan Krueger","Henry Ziegler"
"[STS] Minneapolis Challenger 2024","2024","2024-06-23","Brooklyn Park, MN, US","Intermediate (3.0)","Top Tier (Glassware)",3,"🥃 Shot Glass (3rd Place Glassware)","Shot Glass / Horn","LCL","Nathan Oelsner","Trevor Julga"
"[STS] Minneapolis Challenger 2024","2024","2024-06-23","Brooklyn Park, MN, US","Intermediate (3.0)","Top Tier (Glassware)",4,"4th Place (No Award)","None","Unstoppable Force (of interest)","Thomas Robertson","Jameson Gaertner"
"[STS] Minneapolis Challenger 2024","2024","2024-06-23","Brooklyn Park, MN, US","Premier (5.0+)","Top Tier (Glassware)",1,"🍺 Pitcher (1st Place Glassware)","Pitcher","Sayonara","Lucas Pruett","Kieran Rose"
"[STS] Minneapolis Challenger 2024","2024","2024-06-23","Brooklyn Park, MN, US","Premier (5.0+)","Top Tier (Glassware)",2,"🍻 Tankard (2nd Place Glassware)","Tankard / Cup","The Diamond Dogs","Bennett Anderson","Reid Pfutzenreuter"
"[STS] Minneapolis Challenger 2024","2024","2024-06-23","Brooklyn Park, MN, US","Premier (5.0+)","Top Tier (Glassware)",3,"🥃 Shot Glass (3rd Place Glassware)","Shot Glass / Horn","Cwazy","Kyle Fowler","Emerson Dean"
"[STS] Minneapolis Challenger 2024","2024","2024-06-23","Brooklyn Park, MN, US","Premier (5.0+)","Top Tier (Glassware)",4,"4th Place (No Award)","None","Enigma","Jack Bush","Josef Quispe"
"[STS] Minneapolis Challenger 2024","2024","2024-06-23","Brooklyn Park, MN, US","Sunday - Mixed","Top Tier (Glassware)",1,"🍺 Pitcher (1st Place Glassware)","Pitcher","Misfire","Meagan Bown","Lucas Pruett"
"[STS] Minneapolis Challenger 2024","2024","2024-06-23","Brooklyn Park, MN, US","Sunday - Mixed","Top Tier (Glassware)",2,"🍻 Tankard (2nd Place Glassware)","Tankard / Cup","Love Bunker","Jared Kula","Ally Kula"
"[STS] Minneapolis Challenger 2024","2024","2024-06-23","Brooklyn Park, MN, US","Sunday - Mixed","Top Tier (Glassware)",3,"🥃 Shot Glass (3rd Place Glassware)","Shot Glass / Horn","Bully Me Nicely","Alex Cotter","Joelle Nguyen"
"[STS] Minneapolis Challenger 2024","2024","2024-06-23","Brooklyn Park, MN, US","Sunday - Mixed","Top Tier (Glassware)",4,"4th Place (No Award)","None","EP Spikes","Maciah Aldrich","Abby Horn"
"[STS] Minneapolis Challenger 2024","2024","2024-06-23","Brooklyn Park, MN, US","Women's Division","Top Tier (Glassware)",1,"🍺 Pitcher (1st Place Glassware)","Pitcher","Golden Brown","Joanna Gould","Meagan Bown"
"[STS] Minneapolis Challenger 2024","2024","2024-06-23","Brooklyn Park, MN, US","Women's Division","Top Tier (Glassware)",2,"🍻 Tankard (2nd Place Glassware)","Tankard / Cup","Midwest Mashup","Rachel Luczak","Ally Kula"
"[STS] Minneapolis Challenger 2024","2024","2024-06-23","Brooklyn Park, MN, US","Women's Division","Top Tier (Glassware)",3,"🥃 Shot Glass (3rd Place Glassware)","Shot Glass / Horn","Bad Juju","Ruthie Lundberg","Sophia Schmidt"
"[STS] Minneapolis Challenger 2024","2024","2024-06-23","Brooklyn Park, MN, US","Women's Division","Top Tier (Glassware)",4,"4th Place (No Award)","None","Arm & Leg","Mary Ricklick","Liberty Fettig"
"[STS] Minneapolis Challenger 2024","2024","2024-06-23","Brooklyn Park, MN, US","Contender (4.5)","Top Tier (Glassware)",1,"🍺 Pitcher (1st Place Glassware)","Pitcher","Yo Gabba Gabba","Derek Tang","Juan Moscoso"
"[STS] Minneapolis Challenger 2024","2024","2024-06-23","Brooklyn Park, MN, US","Contender (4.5)","Top Tier (Glassware)",2,"🍻 Tankard (2nd Place Glassware)","Tankard / Cup","Jelly Fam","David Navalta","Anmol John"
"[STS] Minneapolis Challenger 2024","2024","2024-06-23","Brooklyn Park, MN, US","Contender (4.5)","Top Tier (Glassware)",3,"🥃 Shot Glass (3rd Place Glassware)","Shot Glass / Horn","K^2","Korbin Thompson","Kenny Velu"
"[STS] Minneapolis Challenger 2024","2024","2024-06-23","Brooklyn Park, MN, US","Contender (4.5)","Top Tier (Glassware)",4,"4th Place (No Award)","None","What's the Score?","Jon Moe","Jordan Johnson"
"U.S. Roundnet National Championship","2024","2024-06-29","Raleigh, NC, US","5.5 Open Bronze/Premier","Lower Division (Medals)",1,"🥇 Gold Medal","None","Gnocchi","Gabriel Finocchi","Sunny Gu"
"U.S. Roundnet National Championship","2024","2024-06-29","Raleigh, NC, US","5.5 Open Bronze/Premier","Lower Division (Medals)",2,"🥈 Silver Medal","None","Picone/Rose","Will Picone","Kieran Rose"
"U.S. Roundnet National Championship","2024","2024-06-29","Raleigh, NC, US","5.5 Open Bronze/Premier","Lower Division (Medals)",3,"🥉 Bronze Medal","None","Cole/Hamilton","Matthew Cole","Thomas Hamilton"
"U.S. Roundnet National Championship","2024","2024-06-29","Raleigh, NC, US","5.5 Open Bronze/Premier","Lower Division (Medals)",4,"4th Place (No Award)","None","J.A.R.V.I.S.","Josh Fragiacomo","Connor Nelson"
"U.S. Roundnet National Championship","2024","2024-06-29","Raleigh, NC, US","4.5+ Women's","Lower Division (Medals)",1,"🥇 Gold Medal","None","Overdue","Karah Hui","Julia Timan"
"U.S. Roundnet National Championship","2024","2024-06-29","Raleigh, NC, US","4.5+ Women's","Lower Division (Medals)",2,"🥈 Silver Medal","None","Jenki / Morgan","Kalin Morgan","Ali Jenki"
"U.S. Roundnet National Championship","2024","2024-06-29","Raleigh, NC, US","4.5+ Women's","Lower Division (Medals)",3,"🥉 Bronze Medal","None","Pierson/Phan","Katheleen Phan","Katie Pierson"
"U.S. Roundnet National Championship","2024","2024-06-29","Raleigh, NC, US","4.5+ Women's","Lower Division (Medals)",4,"4th Place (No Award)","None","Tea Time","Joelle Nguyen","Lou Washburn"
"U.S. Roundnet National Championship","2024","2024-06-29","Raleigh, NC, US","4.5 Open Contender","Lower Division (Medals)",1,"🥇 Gold Medal","None","Special Teams","Matthew Rodriguez","Liam Keegan"
"U.S. Roundnet National Championship","2024","2024-06-29","Raleigh, NC, US","4.5 Open Contender","Lower Division (Medals)",2,"🥈 Silver Medal","None","Tuffy's Tyrants","Jack Walker","James Brock"
"U.S. Roundnet National Championship","2024","2024-06-29","Raleigh, NC, US","4.5 Open Contender","Lower Division (Medals)",3,"🥉 Bronze Medal","None","Berries n’ Cream","Charlie Cavallaro","Henrik Hoeldtke"
"U.S. Roundnet National Championship","2024","2024-06-29","Raleigh, NC, US","4.5 Open Contender","Lower Division (Medals)",4,"4th Place (No Award)","None","Centros","Jon Esposo","Jaxon Gonzalez"
"Chicago Major 2024 - Spikeball Tour Series","2024","2024-07-13","Oak Brook, IL, US","Contender 4.5+","Top Tier (Glassware)",1,"🍺 Pitcher (1st Place Glassware)","Pitcher","PB & J","Peter Lam","Bryan Fonseca"
"Chicago Major 2024 - Spikeball Tour Series","2024","2024-07-13","Oak Brook, IL, US","Contender 4.5+","Top Tier (Glassware)",2,"🍻 Tankard (2nd Place Glassware)","Tankard / Cup","Bomb Pop Tweas","Adam Prudhomme","Josiah Murphy"
"Chicago Major 2024 - Spikeball Tour Series","2024","2024-07-13","Oak Brook, IL, US","Contender 4.5+","Top Tier (Glassware)",3,"🥃 Shot Glass (3rd Place Glassware)","Shot Glass / Horn","Walmart Creamy","Jeremy Lee","Colton Olvey"
"Chicago Major 2024 - Spikeball Tour Series","2024","2024-07-13","Oak Brook, IL, US","Contender 4.5+","Top Tier (Glassware)",4,"4th Place (No Award)","None","Short Kings 👑","Jon Moe","Brady Van Straten"
"Chicago Major 2024 - Spikeball Tour Series","2024","2024-07-13","Oak Brook, IL, US","Women's Pro 5.0+","Top Tier (Glassware)",1,"🍺 Pitcher (1st Place Glassware)","Pitcher","TWINZ","Ali Jenki","Olivia Jenki"
"Chicago Major 2024 - Spikeball Tour Series","2024","2024-07-13","Oak Brook, IL, US","Women's Pro 5.0+","Top Tier (Glassware)",2,"🍻 Tankard (2nd Place Glassware)","Tankard / Cup","NEM Chitty Bang","Lou Washburn","Ronja Lorenz"
"Chicago Major 2024 - Spikeball Tour Series","2024","2024-07-13","Oak Brook, IL, US","Women's Pro 5.0+","Top Tier (Glassware)",3,"🥃 Shot Glass (3rd Place Glassware)","Shot Glass / Horn","ellelowe sebmarine","Sebastiani Kim","Elle Lowe"
"Chicago Major 2024 - Spikeball Tour Series","2024","2024-07-13","Oak Brook, IL, US","Women's Pro 5.0+","Top Tier (Glassware)",4,"4th Place (No Award)","None","KickStart","Sarah Allen","Karah Hui"
"Chicago Major 2024 - Spikeball Tour Series","2024","2024-07-13","Oak Brook, IL, US","Open Pro 5.0+","Top Tier (Glassware)",1,"🍺 Pitcher (1st Place Glassware)","Pitcher","Ultra Instinct","Gabriel Finocchi","Thomas Hamilton"
"Chicago Major 2024 - Spikeball Tour Series","2024","2024-07-13","Oak Brook, IL, US","Open Pro 5.0+","Top Tier (Glassware)",2,"🍻 Tankard (2nd Place Glassware)","Tankard / Cup","TRP Spotless","Joe Bondi","Ryan Gross"
"Chicago Major 2024 - Spikeball Tour Series","2024","2024-07-13","Oak Brook, IL, US","Open Pro 5.0+","Top Tier (Glassware)",3,"🥃 Shot Glass (3rd Place Glassware)","Shot Glass / Horn","Cold Sweep","Maxime Prince","Vincent Mathieu"
"Chicago Major 2024 - Spikeball Tour Series","2024","2024-07-13","Oak Brook, IL, US","Open Pro 5.0+","Top Tier (Glassware)",4,"4th Place (No Award)","None","Bot House","Owen Lippman","West Peterson"
"Chicago Major 2024 - Spikeball Tour Series","2024","2024-07-13","Oak Brook, IL, US","Premier 5.0+","Top Tier (Glassware)",1,"🍺 Pitcher (1st Place Glassware)","Pitcher","C'est Tough","Chris Brown","Guillaume Bilodeau"
"Chicago Major 2024 - Spikeball Tour Series","2024","2024-07-13","Oak Brook, IL, US","Premier 5.0+","Top Tier (Glassware)",2,"🍻 Tankard (2nd Place Glassware)","Tankard / Cup","Ninja Turtles","Eddy Leung","Elijah Kim"
"Chicago Major 2024 - Spikeball Tour Series","2024","2024-07-13","Oak Brook, IL, US","Premier 5.0+","Top Tier (Glassware)",3,"🥃 Shot Glass (3rd Place Glassware)","Shot Glass / Horn","FTR Frontier","Jake Woolley","Kyan Kornfeld"
"Chicago Major 2024 - Spikeball Tour Series","2024","2024-07-13","Oak Brook, IL, US","Premier 5.0+","Top Tier (Glassware)",4,"4th Place (No Award)","None","Shorter & Taller","Andrew Sullivan","Caleb Shorter"
"Chicago Major 2024 - Spikeball Tour Series","2024","2024-07-13","Oak Brook, IL, US","Women's Adv 4.0+","Top Tier (Glassware)",1,"🍺 Pitcher (1st Place Glassware)","Pitcher","touch of heaven","Andrea Schwarz","sam greathouse"
"Chicago Major 2024 - Spikeball Tour Series","2024","2024-07-13","Oak Brook, IL, US","Women's Adv 4.0+","Top Tier (Glassware)",2,"🍻 Tankard (2nd Place Glassware)","Tankard / Cup","Caron/Norris","Ava Caron","Abby Norris"
"Chicago Major 2024 - Spikeball Tour Series","2024","2024-07-13","Oak Brook, IL, US","Women's Adv 4.0+","Top Tier (Glassware)",3,"🥃 Shot Glass (3rd Place Glassware)","Shot Glass / Horn","Disorderly Conduct","Cece Carlson","Hanna Sorensen"
"Chicago Major 2024 - Spikeball Tour Series","2024","2024-07-13","Oak Brook, IL, US","Women's Adv 4.0+","Top Tier (Glassware)",4,"4th Place (No Award)","None","Two Girls One Net","Abigail Lannetti","Ally Kula"
"Chicago Major 2024 - Spikeball Tour Series","2024","2024-07-13","Oak Brook, IL, US","Mixed Advanced 4.5 (Sunday)","Top Tier (Glassware)",1,"🍺 Pitcher (1st Place Glassware)","Pitcher","TAIWAN #1","Soph Yu","Kyle Jeung"
"Chicago Major 2024 - Spikeball Tour Series","2024","2024-07-13","Oak Brook, IL, US","Mixed Advanced 4.5 (Sunday)","Top Tier (Glassware)",2,"🍻 Tankard (2nd Place Glassware)","Tankard / Cup","Love Bunker","Jared Kula","Ally Kula"
"Chicago Major 2024 - Spikeball Tour Series","2024","2024-07-13","Oak Brook, IL, US","Mixed Advanced 4.5 (Sunday)","Top Tier (Glassware)",3,"🥃 Shot Glass (3rd Place Glassware)","Shot Glass / Horn","Last minute","Cece Carlson","Joey Renaud"
"Chicago Major 2024 - Spikeball Tour Series","2024","2024-07-13","Oak Brook, IL, US","Mixed Advanced 4.5 (Sunday)","Top Tier (Glassware)",4,"4th Place (No Award)","None","The Greathouse's","sam greathouse","Matthew Greathouse"
"Chicago Major 2024 - Spikeball Tour Series","2024","2024-07-13","Oak Brook, IL, US","Mixed Advanced 5.0+ (Sunday)","Top Tier (Glassware)",1,"🍺 Pitcher (1st Place Glassware)","Pitcher","Last minute","Olivia Jenki","Ali Jenki"
"Chicago Major 2024 - Spikeball Tour Series","2024","2024-07-13","Oak Brook, IL, US","Mixed Advanced 5.0+ (Sunday)","Top Tier (Glassware)",2,"🍻 Tankard (2nd Place Glassware)","Tankard / Cup","All we do is win","Maxime Prince","Karah Hui"
"Chicago Major 2024 - Spikeball Tour Series","2024","2024-07-13","Oak Brook, IL, US","Mixed Advanced 5.0+ (Sunday)","Top Tier (Glassware)",3,"🥃 Shot Glass (3rd Place Glassware)","Shot Glass / Horn","J/S/T/V","Sarah Allen","Thomas Hamilton"
"Chicago Major 2024 - Spikeball Tour Series","2024","2024-07-13","Oak Brook, IL, US","Mixed Advanced 5.0+ (Sunday)","Top Tier (Glassware)",4,"4th Place (No Award)","None","E.D.I.T.H.","Josh Fragiacomo","Connor Nelson"
"AF Steel Days Super Major","2024","2024-07-20","American Fork, UT, US","2.0-3.0 Recreational","Top Tier (Glassware)",1,"🍺 Pitcher (1st Place Glassware)","Pitcher","Lucky charms","Logan Spencer","Grant Hill"
"AF Steel Days Super Major","2024","2024-07-20","American Fork, UT, US","2.0-3.0 Recreational","Top Tier (Glassware)",2,"🍻 Tankard (2nd Place Glassware)","Tankard / Cup","Roundnet Rookies","Parker Medford","Jaimen Holman"
"AF Steel Days Super Major","2024","2024-07-20","American Fork, UT, US","2.0-3.0 Recreational","Top Tier (Glassware)",3,"🥃 Shot Glass (3rd Place Glassware)","Shot Glass / Horn","Gibbs & Brickey","Anne Marie Gibbs","Eli Brickey"
"AF Steel Days Super Major","2024","2024-07-20","American Fork, UT, US","2.0-3.0 Recreational","Top Tier (Glassware)",4,"4th Place (No Award)","None","Cheesy Gordita Crunch","Payton Wallin","Gentry Schmalz"
"AF Steel Days Super Major","2024","2024-07-20","American Fork, UT, US","4.0 Advanced","Top Tier (Glassware)",1,"🍺 Pitcher (1st Place Glassware)","Pitcher","No Name","Braydon Hunt","Toby Hunt"
"AF Steel Days Super Major","2024","2024-07-20","American Fork, UT, US","4.0 Advanced","Top Tier (Glassware)",2,"🍻 Tankard (2nd Place Glassware)","Tankard / Cup","Flubbed High Five","Michael Sampson","Elvin Pok"
"AF Steel Days Super Major","2024","2024-07-20","American Fork, UT, US","4.0 Advanced","Top Tier (Glassware)",3,"🥃 Shot Glass (3rd Place Glassware)","Shot Glass / Horn","Bus Drivers","Maxson Daley","Stephen Moss"
"AF Steel Days Super Major","2024","2024-07-20","American Fork, UT, US","4.0 Advanced","Top Tier (Glassware)",4,"4th Place (No Award)","None","Ben and Becca R Gud at Spikbal","Ben Reid","Becca Feller"
"AF Steel Days Super Major","2024","2024-07-20","American Fork, UT, US","4.5 Elite","Top Tier (Glassware)",1,"🍺 Pitcher (1st Place Glassware)","Pitcher","Double Fault","Luke Cook","Nathan Avalos"
"AF Steel Days Super Major","2024","2024-07-20","American Fork, UT, US","4.5 Elite","Top Tier (Glassware)",2,"🍻 Tankard (2nd Place Glassware)","Tankard / Cup","Cote / Beard","Mo Beard","Cade Cote"
"AF Steel Days Super Major","2024","2024-07-20","American Fork, UT, US","4.5 Elite","Top Tier (Glassware)",3,"🥃 Shot Glass (3rd Place Glassware)","Shot Glass / Horn","Out of pocket","Tyler Caswell","Christopher Marcusen"
"AF Steel Days Super Major","2024","2024-07-20","American Fork, UT, US","4.5 Elite","Top Tier (Glassware)",4,"4th Place (No Award)","None","Chef’s Special","Luke Gleave","Steven Goodrich"
"AF Steel Days Super Major","2024","2024-07-20","American Fork, UT, US","5.0 Premier","Top Tier (Glassware)",1,"🍺 Pitcher (1st Place Glassware)","Pitcher","Father Caleb & His Protege","Taylor Church","Caleb Jarrett"
"AF Steel Days Super Major","2024","2024-07-20","American Fork, UT, US","5.0 Premier","Top Tier (Glassware)",2,"🍻 Tankard (2nd Place Glassware)","Tankard / Cup","Royal Flush","Jake LeBaron","Bryant Karratti"
"AF Steel Days Super Major","2024","2024-07-20","American Fork, UT, US","5.0 Premier","Top Tier (Glassware)",3,"🥃 Shot Glass (3rd Place Glassware)","Shot Glass / Horn","Cote / Mundy","Dylan Mundy","Kyler Cote"
"AF Steel Days Super Major","2024","2024-07-20","American Fork, UT, US","5.0 Premier","Top Tier (Glassware)",4,"4th Place (No Award)","None","Fresh Prince of Hertzl-Air","Remi Prince","Chandler Hertzler"
"MRA Chicago","2024","2024-07-27","Mount Prospect, IL, US","Expert(4.5)","Top Tier (Glassware)",1,"🍺 Pitcher (1st Place Glassware)","Pitcher","O’Block B-Team","Joey Reynolds","Neal Bergman"
"MRA Chicago","2024","2024-07-27","Mount Prospect, IL, US","Expert(4.5)","Top Tier (Glassware)",2,"🍻 Tankard (2nd Place Glassware)","Tankard / Cup","ARRAKIS","Korbin Thompson","Clifford Amadeo LeVeque"
"MRA Chicago","2024","2024-07-27","Mount Prospect, IL, US","Expert(4.5)","Top Tier (Glassware)",3,"🥃 Shot Glass (3rd Place Glassware)","Shot Glass / Horn","Sensory Overload","Chris Wilkins","Colin Hobart"
"MRA Chicago","2024","2024-07-27","Mount Prospect, IL, US","Expert(4.5)","Top Tier (Glassware)",4,"4th Place (No Award)","None","brat summer","Nate von der Sitt","Adam Weiss"
"STS Challenger : Seattle Slam","2024","2024-07-27","Tacoma, WA, US","Contender 4.5","Top Tier (Glassware)",1,"🍺 Pitcher (1st Place Glassware)","Pitcher","Simple Last Names","Trevor Zaleski","Chandler Hertzler"
"STS Challenger : Seattle Slam","2024","2024-07-27","Tacoma, WA, US","Contender 4.5","Top Tier (Glassware)",2,"🍻 Tankard (2nd Place Glassware)","Tankard / Cup","Mario & Luigi","Evan Cox","Leo Cox"
"STS Challenger : Seattle Slam","2024","2024-07-27","Tacoma, WA, US","Contender 4.5","Top Tier (Glassware)",3,"🥃 Shot Glass (3rd Place Glassware)","Shot Glass / Horn","Sluggish","Sasha Mariniuk","Jakob Seidner"
"STS Challenger : Seattle Slam","2024","2024-07-27","Tacoma, WA, US","Contender 4.5","Top Tier (Glassware)",4,"4th Place (No Award)","None","Dumb & Dumber","Hernestor Ramirez diaz","Erick Ostheimer"
"STS Challenger : Seattle Slam","2024","2024-07-27","Tacoma, WA, US","Premier","Top Tier (Glassware)",1,"🍺 Pitcher (1st Place Glassware)","Pitcher","Numb","Kieran Rose","Paq Clifford"
"STS Challenger : Seattle Slam","2024","2024-07-27","Tacoma, WA, US","Premier","Top Tier (Glassware)",2,"🍻 Tankard (2nd Place Glassware)","Tankard / Cup","FTR Frontier","Jake Woolley","Kyan Kornfeld"
"STS Challenger : Seattle Slam","2024","2024-07-27","Tacoma, WA, US","Premier","Top Tier (Glassware)",3,"🥃 Shot Glass (3rd Place Glassware)","Shot Glass / Horn","J.A.R.V.I.S.","Josh Fragiacomo","Connor Nelson"
"STS Challenger : Seattle Slam","2024","2024-07-27","Tacoma, WA, US","Premier","Top Tier (Glassware)",4,"4th Place (No Award)","None","FOR GROUSE","kevin um","Blake Bosak"
"STS Challenger : Seattle Slam","2024","2024-07-27","Tacoma, WA, US","Advanced 4.0","Top Tier (Glassware)",1,"🍺 Pitcher (1st Place Glassware)","Pitcher","2 Broke Boiz","Samuel Verrett","Drew Longjohn"
"STS Challenger : Seattle Slam","2024","2024-07-27","Tacoma, WA, US","Advanced 4.0","Top Tier (Glassware)",2,"🍻 Tankard (2nd Place Glassware)","Tankard / Cup","Out of system","Daniel Davis","Caleb Triplett"
"STS Challenger : Seattle Slam","2024","2024-07-27","Tacoma, WA, US","Advanced 4.0","Top Tier (Glassware)",3,"🥃 Shot Glass (3rd Place Glassware)","Shot Glass / Horn","Zero Prep","Sam Kondratyev","Paul Chepel"
"STS Challenger : Seattle Slam","2024","2024-07-27","Tacoma, WA, US","Advanced 4.0","Top Tier (Glassware)",4,"4th Place (No Award)","None","Chakos Tucis","Dylan Jackson","Sam Wallach Hanson"
"STS Challenger : Seattle Slam","2024","2024-07-27","Tacoma, WA, US","Coed Advanced (SUNDAY)","Top Tier (Glassware)",1,"🍺 Pitcher (1st Place Glassware)","Pitcher","Hot Seat","Holly Yu","Kieran Rose"
"STS Challenger : Seattle Slam","2024","2024-07-27","Tacoma, WA, US","Coed Advanced (SUNDAY)","Top Tier (Glassware)",2,"🍻 Tankard (2nd Place Glassware)","Tankard / Cup","Belt Loops","Trevor Barbosa","Karah Hui"
"STS Challenger : Seattle Slam","2024","2024-07-27","Tacoma, WA, US","Coed Advanced (SUNDAY)","Top Tier (Glassware)",3,"🥃 Shot Glass (3rd Place Glassware)","Shot Glass / Horn","Nerds Gummy Clusters","Kyle Fowler","Malia Wanderer"
"STS Challenger : Seattle Slam","2024","2024-07-27","Tacoma, WA, US","Coed Advanced (SUNDAY)","Top Tier (Glassware)",4,"4th Place (No Award)","None","Kaylor / Lowe","Elle Lowe","Joseph Kaylor"
"STS Challenger : Seattle Slam","2024","2024-07-27","Tacoma, WA, US","Women's Advanced","Top Tier (Glassware)",1,"🍺 Pitcher (1st Place Glassware)","Pitcher","help me 🥺","Karah Hui","Malia Wanderer"
"STS Challenger : Seattle Slam","2024","2024-07-27","Tacoma, WA, US","Women's Advanced","Top Tier (Glassware)",2,"🍻 Tankard (2nd Place Glassware)","Tankard / Cup","THUS Parabatai","Kalin Morgan","Kayla Wu-Fleming"
"STS Challenger : Seattle Slam","2024","2024-07-27","Tacoma, WA, US","Women's Advanced","Top Tier (Glassware)",2,"🍻 Tankard (2nd Place Glassware)","Tankard / Cup","ellelowe sebmarine","Sebastiani Kim","Elle Lowe"
"STS Challenger : Seattle Slam","2024","2024-07-27","Tacoma, WA, US","Women's Advanced","Top Tier (Glassware)",4,"4th Place (No Award)","None","All Touch","Tung Lin","Yu-Fang Chiu"
"Salt Lake City Major 2024 - Spikeball Tour Series","2024","2024-08-03","Farmington, UT, US","Open Pro 5.0+","Top Tier (Glassware)",1,"🍺 Pitcher (1st Place Glassware)","Pitcher","Extra","Jé Gagnon","Emerson Dean"
"Salt Lake City Major 2024 - Spikeball Tour Series","2024","2024-08-03","Farmington, UT, US","Open Pro 5.0+","Top Tier (Glassware)",2,"🍻 Tankard (2nd Place Glassware)","Tankard / Cup","Kingdom Come","Grant Klapwijk","Matthew Cole"
"Salt Lake City Major 2024 - Spikeball Tour Series","2024","2024-08-03","Farmington, UT, US","Open Pro 5.0+","Top Tier (Glassware)",3,"🥃 Shot Glass (3rd Place Glassware)","Shot Glass / Horn","J.A.R.V.I.S.","Josh Fragiacomo","Connor Nelson"
"Salt Lake City Major 2024 - Spikeball Tour Series","2024","2024-08-03","Farmington, UT, US","Open Pro 5.0+","Top Tier (Glassware)",4,"4th Place (No Award)","None","Numb","Kieran Rose","Paq Clifford"
"Salt Lake City Major 2024 - Spikeball Tour Series","2024","2024-08-03","Farmington, UT, US","Contender 4.5+","Top Tier (Glassware)",1,"🍺 Pitcher (1st Place Glassware)","Pitcher","Preachers","Bowen Maynard","Garrett Walter"
"Salt Lake City Major 2024 - Spikeball Tour Series","2024","2024-08-03","Farmington, UT, US","Contender 4.5+","Top Tier (Glassware)",2,"🍻 Tankard (2nd Place Glassware)","Tankard / Cup","CARL Short Kings","Will Foote","Yusei Fujikura"
"Salt Lake City Major 2024 - Spikeball Tour Series","2024","2024-08-03","Farmington, UT, US","Contender 4.5+","Top Tier (Glassware)",3,"🥃 Shot Glass (3rd Place Glassware)","Shot Glass / Horn","Hit List","Casey Harman","Jaren Haggard"
"Salt Lake City Major 2024 - Spikeball Tour Series","2024","2024-08-03","Farmington, UT, US","Contender 4.5+","Top Tier (Glassware)",4,"4th Place (No Award)","None","Slumpy & Dumpy","pavan narahari","Jason Xu"
"Salt Lake City Major 2024 - Spikeball Tour Series","2024","2024-08-03","Farmington, UT, US","Premier 5.0+","Top Tier (Glassware)",1,"🍺 Pitcher (1st Place Glassware)","Pitcher","Clueless","Joey Maichen","Tyler Fernandez"
"Salt Lake City Major 2024 - Spikeball Tour Series","2024","2024-08-03","Farmington, UT, US","Premier 5.0+","Top Tier (Glassware)",2,"🍻 Tankard (2nd Place Glassware)","Tankard / Cup","S/C","Matt Spolarich","Taylor Church"
"Salt Lake City Major 2024 - Spikeball Tour Series","2024","2024-08-03","Farmington, UT, US","Premier 5.0+","Top Tier (Glassware)",3,"🥃 Shot Glass (3rd Place Glassware)","Shot Glass / Horn","Dinomite","Charlie Camarena","Auriel Wish"
"Salt Lake City Major 2024 - Spikeball Tour Series","2024","2024-08-03","Farmington, UT, US","Premier 5.0+","Top Tier (Glassware)",4,"4th Place (No Award)","None","Amnesia","Tyler Stokes","Garrett Carver"
"Salt Lake City Major 2024 - Spikeball Tour Series","2024","2024-08-03","Farmington, UT, US","Mixed Advanced 5.0+ (Sunday)","Top Tier (Glassware)",1,"🍺 Pitcher (1st Place Glassware)","Pitcher","CLJK","Connor Nelson","Elle Lowe"
"Salt Lake City Major 2024 - Spikeball Tour Series","2024","2024-08-03","Farmington, UT, US","Mixed Advanced 5.0+ (Sunday)","Top Tier (Glassware)",2,"🍻 Tankard (2nd Place Glassware)","Tankard / Cup","Perky sevor","Sebastiani Kim","Trevor Barbosa"
"Salt Lake City Major 2024 - Spikeball Tour Series","2024","2024-08-03","Farmington, UT, US","Mixed Advanced 5.0+ (Sunday)","Top Tier (Glassware)",3,"🥃 Shot Glass (3rd Place Glassware)","Shot Glass / Horn","Chalk","Katheleen Phan","Katie Pierson"
"Salt Lake City Major 2024 - Spikeball Tour Series","2024","2024-08-03","Farmington, UT, US","Mixed Advanced 5.0+ (Sunday)","Top Tier (Glassware)",4,"4th Place (No Award)","None","Hoosky","Lucas Pruett","Malia Wanderer"
"Salt Lake City Major 2024 - Spikeball Tour Series","2024","2024-08-03","Farmington, UT, US","Women's Advanced 4.0+","Top Tier (Glassware)",1,"🍺 Pitcher (1st Place Glassware)","Pitcher","KickStart","Sarah Allen","Karah Hui"
"Salt Lake City Major 2024 - Spikeball Tour Series","2024","2024-08-03","Farmington, UT, US","Women's Advanced 4.0+","Top Tier (Glassware)",2,"🍻 Tankard (2nd Place Glassware)","Tankard / Cup","THUS Parabatai","Kalin Morgan","Kayla Wu-Fleming"
"Salt Lake City Major 2024 - Spikeball Tour Series","2024","2024-08-03","Farmington, UT, US","Women's Advanced 4.0+","Top Tier (Glassware)",3,"🥃 Shot Glass (3rd Place Glassware)","Shot Glass / Horn","Pierson/Phan","Katheleen Phan","Katie Pierson"
"Salt Lake City Major 2024 - Spikeball Tour Series","2024","2024-08-03","Farmington, UT, US","Women's Advanced 4.0+","Top Tier (Glassware)",4,"4th Place (No Award)","None","ellelowe sebmarine","Sebastiani Kim","Elle Lowe"
"ERS Boston 2024 - A Spikeball Challenger","2024","2024-08-10","Boston, MA, US","Women's Advanced 4.5+","Lower Division (Medals)",1,"🥇 Gold Medal","None","Carry Set","Malia Wanderer","Abigale Lamontagne"
"ERS Boston 2024 - A Spikeball Challenger","2024","2024-08-10","Boston, MA, US","Women's Advanced 4.5+","Lower Division (Medals)",2,"🥈 Silver Medal","None","Pierson/Phan","Katheleen Phan","Katie Pierson"
"ERS Boston 2024 - A Spikeball Challenger","2024","2024-08-10","Boston, MA, US","Women's Advanced 4.5+","Lower Division (Medals)",3,"🥉 Bronze Medal","None","Quavo","Jhanaj Quispe","Abby Norris"
"ERS Boston 2024 - A Spikeball Challenger","2024","2024-08-10","Boston, MA, US","Women's Advanced 4.5+","Lower Division (Medals)",4,"4th Place (No Award)","None","Flatball","MollyAn Killingbeck","Tess Dolan"
"ERS Boston 2024 - A Spikeball Challenger","2024","2024-08-10","Boston, MA, US","Open Contender 4.5+","Lower Division (Medals)",1,"🥇 Gold Medal","None","Spooky","Jackson Biggs","Declan Brown"
"ERS Boston 2024 - A Spikeball Challenger","2024","2024-08-10","Boston, MA, US","Open Contender 4.5+","Lower Division (Medals)",2,"🥈 Silver Medal","None","Rotato Potato","Charlie Freeman","Jonathan Saysamone"
"ERS Boston 2024 - A Spikeball Challenger","2024","2024-08-10","Boston, MA, US","Open Contender 4.5+","Lower Division (Medals)",3,"🥉 Bronze Medal","None","Roundnet madness","Matt Garbecki","Tomer Keren"
"ERS Boston 2024 - A Spikeball Challenger","2024","2024-08-10","Boston, MA, US","Open Contender 4.5+","Lower Division (Medals)",4,"4th Place (No Award)","None","Short and Sweet","Olivier Bernard","Pierre-Luc Robitaille"
"ERS Boston 2024 - A Spikeball Challenger","2024","2024-08-10","Boston, MA, US","Premier 5.0+","Lower Division (Medals)",1,"🥇 Gold Medal","None","TRP Spotless","Joe Bondi","Ryan Gross"
"ERS Boston 2024 - A Spikeball Challenger","2024","2024-08-10","Boston, MA, US","Premier 5.0+","Lower Division (Medals)",2,"🥈 Silver Medal","None","Chrissssss Browwwwnnnnnn","Chris Brown","Etienne Cote"
"ERS Boston 2024 - A Spikeball Challenger","2024","2024-08-10","Boston, MA, US","Premier 5.0+","Lower Division (Medals)",3,"🥉 Bronze Medal","None","Tipsy","Maxime Prince","Kieran Rose"
"ERS Boston 2024 - A Spikeball Challenger","2024","2024-08-10","Boston, MA, US","Premier 5.0+","Lower Division (Medals)",4,"4th Place (No Award)","None","Abrams / Hamilton","Thomas Hamilton","Dan Abrams"
"ERS Boston 2024 - A Spikeball Challenger","2024","2024-08-10","Boston, MA, US","Mixed Advanced 4.0+ (Sunday)","Lower Division (Medals)",1,"🥇 Gold Medal","None","Princess","Maxime Prince","Laurence Vallée"
"ERS Boston 2024 - A Spikeball Challenger","2024","2024-08-10","Boston, MA, US","Mixed Advanced 4.0+ (Sunday)","Lower Division (Medals)",2,"🥈 Silver Medal","None","False Confidence","Henry Pilliod","Katheleen Phan"
"ERS Boston 2024 - A Spikeball Challenger","2024","2024-08-10","Boston, MA, US","Mixed Advanced 4.0+ (Sunday)","Lower Division (Medals)",3,"🥉 Bronze Medal","None","California Girls","Lucas Pruett","Malia Wanderer"
"ERS Boston 2024 - A Spikeball Challenger","2024","2024-08-10","Boston, MA, US","Mixed Advanced 4.0+ (Sunday)","Lower Division (Medals)",4,"4th Place (No Award)","None","Meagan/Joey","Meagan Bown","Joey Maichen"
"ERS Boston 2024 - A Spikeball Challenger","2024","2024-08-10","Boston, MA, US","Open Advanced 3.5-4.0","Lower Division (Medals)",1,"🥇 Gold Medal","None","Siena Spikeball","Michael Vilardo","Brendan Kasuba"
"ERS Boston 2024 - A Spikeball Challenger","2024","2024-08-10","Boston, MA, US","Open Advanced 3.5-4.0","Lower Division (Medals)",2,"🥈 Silver Medal","None","Gabagool","Benjamin Gardiner","Joel Morrell"
"ERS Boston 2024 - A Spikeball Challenger","2024","2024-08-10","Boston, MA, US","Open Advanced 3.5-4.0","Lower Division (Medals)",3,"🥉 Bronze Medal","None","Whaling Wizards","Andres Marquez","Eric Holt"
"ERS Boston 2024 - A Spikeball Challenger","2024","2024-08-10","Boston, MA, US","Open Advanced 3.5-4.0","Lower Division (Medals)",4,"4th Place (No Award)","None","Freezer Tarps","David Craft","Reuben Philip"
"Illinois State Championship","2024","2024-08-10","Mount Prospect, IL, US","Expert(4.5+)","Lower Division (Medals)",1,"🥇 Gold Medal","None","Bow Bow Bow","Mitch Kelley","Neal Bergman"
"Illinois State Championship","2024","2024-08-10","Mount Prospect, IL, US","Expert(4.5+)","Lower Division (Medals)",2,"🥈 Silver Medal","None","Chorn on the Cob","Clifford Amadeo LeVeque","Chris Wilkins"
"Illinois State Championship","2024","2024-08-10","Mount Prospect, IL, US","Expert(4.5+)","Lower Division (Medals)",3,"🥉 Bronze Medal","None","24 and Me","Louie Simbajon","Joey Reynolds"
"Illinois State Championship","2024","2024-08-10","Mount Prospect, IL, US","Expert(4.5+)","Lower Division (Medals)",4,"4th Place (No Award)","None","Brown Boys","Kenny Velu","Andrew Perez"
"BANG the peoples championship","2024","2024-08-17","Livonia, MI, US","Premier","Top Tier (Glassware)",1,"🍺 Pitcher (1st Place Glassware)","Pitcher","Rogue","Thomas Hamilton","Ryan Marino"
"BANG the peoples championship","2024","2024-08-17","Livonia, MI, US","Premier","Top Tier (Glassware)",2,"🍻 Tankard (2nd Place Glassware)","Tankard / Cup","Swamp Donkeys","Etienne Cote","Emerson Dean"
"BANG the peoples championship","2024","2024-08-17","Livonia, MI, US","Premier","Top Tier (Glassware)",3,"🥃 Shot Glass (3rd Place Glassware)","Shot Glass / Horn","Gooey Lipps ","Owen Lippman","Sunny Gu"
"BANG the peoples championship","2024","2024-08-17","Livonia, MI, US","Premier","Top Tier (Glassware)",4,"4th Place (No Award)","None","Babin & Laurin","Tyler Babin","Olivier Laurin"
"BANG the peoples championship","2024","2024-08-17","Livonia, MI, US","Contender","Top Tier (Glassware)",1,"🍺 Pitcher (1st Place Glassware)","Pitcher","Deep Dive","Maciah Aldrich","Hayden Carlson"
"BANG the peoples championship","2024","2024-08-17","Livonia, MI, US","Contender","Top Tier (Glassware)",2,"🍻 Tankard (2nd Place Glassware)","Tankard / Cup","Single Entendre","Seth Huggard","Josiah McKinney"
"BANG the peoples championship","2024","2024-08-17","Livonia, MI, US","Contender","Top Tier (Glassware)",3,"🥃 Shot Glass (3rd Place Glassware)","Shot Glass / Horn","Yeti","Jacob Corbett","Sam Dunlevy"
"BANG the peoples championship","2024","2024-08-17","Livonia, MI, US","Contender","Top Tier (Glassware)",4,"4th Place (No Award)","None","t-ball","Tate Geiser","Tommy Oddo"
"Smoothie King Cup - ERS Albany 2024","2024","2024-09-07","Albany, NY, US","Open 3.5-4.0","Lower Division (Medals)",1,"🥇 Gold Medal","None","It’s Nathan Time","Eddie Wu","Nathaniel Cuenca"
"Smoothie King Cup - ERS Albany 2024","2024","2024-09-07","Albany, NY, US","Open 3.5-4.0","Lower Division (Medals)",1,"🥇 Gold Medal","None","Chicago Handshake","David Xu","Riley Chenard"
"Smoothie King Cup - ERS Albany 2024","2024","2024-09-07","Albany, NY, US","Open 3.5-4.0","Lower Division (Medals)",3,"🥉 Bronze Medal","None","Receive these balls","Benigno Mckain","Will Janusz"
"Smoothie King Cup - ERS Albany 2024","2024","2024-09-07","Albany, NY, US","Open 3.5-4.0","Lower Division (Medals)",3,"🥉 Bronze Medal","None","Receive Pressure","Jacob Sisco","Alex Heimov"
"Smoothie King Cup - ERS Albany 2024","2024","2024-09-07","Albany, NY, US","Open 2.0-3.0","Lower Division (Medals)",1,"🥇 Gold Medal","None","sherms","Mason Hansen","izak krajeski"
"Smoothie King Cup - ERS Albany 2024","2024","2024-09-07","Albany, NY, US","Open 2.0-3.0","Lower Division (Medals)",2,"🥈 Silver Medal","None","Speedy Rabbits","Chad Lewandowski","Walter Withrow"
"Smoothie King Cup - ERS Albany 2024","2024","2024-09-07","Albany, NY, US","Open 2.0-3.0","Lower Division (Medals)",3,"🥉 Bronze Medal","None","Double T","Thomas Chin","Tyler Leach"
"Smoothie King Cup - ERS Albany 2024","2024","2024-09-07","Albany, NY, US","Open 2.0-3.0","Lower Division (Medals)",4,"4th Place (No Award)","None","Goin Ballin'","Nayib Mall","Peter Meehan"
"Smoothie King Cup - ERS Albany 2024","2024","2024-09-07","Albany, NY, US","Open 4.5+","Lower Division (Medals)",1,"🥇 Gold Medal","None","Sah ECCITEDD","Sunny Gu","Thomas Hoffman"
"Smoothie King Cup - ERS Albany 2024","2024","2024-09-07","Albany, NY, US","Open 4.5+","Lower Division (Medals)",2,"🥈 Silver Medal","None","White Lotus Roundnet ","Ely Marciano","Mitchell Carter"
"Smoothie King Cup - ERS Albany 2024","2024","2024-09-07","Albany, NY, US","Open 4.5+","Lower Division (Medals)",3,"🥉 Bronze Medal","None","Happy Heffalumps","Michael Catuccio","Matt Catuccio"
"Smoothie King Cup - ERS Albany 2024","2024","2024-09-07","Albany, NY, US","Open 4.5+","Lower Division (Medals)",4,"4th Place (No Award)","None","Unnecessarily Cheeky","Brandon Spector","blake rock"
"Heatwave Classic VII","2024","2024-09-07","Dallas, TX, US","Premier 5.0","Top Tier (Glassware)",1,"🍺 Pitcher (1st Place Glassware)","Pitcher","3 Plate Combo","Matthew Cole","Luke Mowry"
"Heatwave Classic VII","2024","2024-09-07","Dallas, TX, US","Premier 5.0","Top Tier (Glassware)",2,"🍻 Tankard (2nd Place Glassware)","Tankard / Cup","NEM Phantom","Tyler Fernandez","Caleb Cummings"
"Heatwave Classic VII","2024","2024-09-07","Dallas, TX, US","Premier 5.0","Top Tier (Glassware)",3,"🥃 Shot Glass (3rd Place Glassware)","Shot Glass / Horn","Abrams/Rose","Kieran Rose","Dan Abrams"
"Heatwave Classic VII","2024","2024-09-07","Dallas, TX, US","Premier 5.0","Top Tier (Glassware)",4,"4th Place (No Award)","None","Dinomite","Charlie Camarena","Auriel Wish"
"Heatwave Classic VII","2024","2024-09-07","Dallas, TX, US","Contender 4.5","Top Tier (Glassware)",1,"🍺 Pitcher (1st Place Glassware)","Pitcher","Reverse! Reverse!","Caleb Allen","Felipe Martinez"
"Heatwave Classic VII","2024","2024-09-07","Dallas, TX, US","Contender 4.5","Top Tier (Glassware)",2,"🍻 Tankard (2nd Place Glassware)","Tankard / Cup","Quinntin Tarantimo","Quinn Hufler","Tim Gaskin"
"Heatwave Classic VII","2024","2024-09-07","Dallas, TX, US","Contender 4.5","Top Tier (Glassware)",3,"🥃 Shot Glass (3rd Place Glassware)","Shot Glass / Horn","Straight Outta Brittingham","Anthony Winney","Devon Lee"
"Heatwave Classic VII","2024","2024-09-07","Dallas, TX, US","Contender 4.5","Top Tier (Glassware)",4,"4th Place (No Award)","None","Ultralight Beam","Jack Stinson","Jared Almon"
"Back-to-School Major","2024","2024-09-07","Millcreek, UT, US","HS / Recreational","Top Tier (Glassware)",1,"🍺 Pitcher (1st Place Glassware)","Pitcher","Squeeze money","TATE SQUIRES","Carter Enloe"
"Back-to-School Major","2024","2024-09-07","Millcreek, UT, US","HS / Recreational","Top Tier (Glassware)",2,"🍻 Tankard (2nd Place Glassware)","Tankard / Cup","BROCK AND HARDY","Austin Hardy","Brock Gibson"
"Back-to-School Major","2024","2024-09-07","Millcreek, UT, US","HS / Recreational","Top Tier (Glassware)",3,"🥃 Shot Glass (3rd Place Glassware)","Shot Glass / Horn","Aceholes","Ander Lovell","Rex Atkinson"
"Back-to-School Major","2024","2024-09-07","Millcreek, UT, US","HS / Recreational","Top Tier (Glassware)",4,"4th Place (No Award)","None","Pound Town","Liam Neuenschwander","Sam Parker"
"Back-to-School Major","2024","2024-09-07","Millcreek, UT, US","5.0 Premier","Top Tier (Glassware)",1,"🍺 Pitcher (1st Place Glassware)","Pitcher","Chandler is my handler","Garrett Carver","Chandler Hertzler"
"Back-to-School Major","2024","2024-09-07","Millcreek, UT, US","5.0 Premier","Top Tier (Glassware)",2,"🍻 Tankard (2nd Place Glassware)","Tankard / Cup","#nerfkyler","Kyler Cote","Jake LeBaron"
"Back-to-School Major","2024","2024-09-07","Millcreek, UT, US","5.0 Premier","Top Tier (Glassware)",3,"🥃 Shot Glass (3rd Place Glassware)","Shot Glass / Horn","Bucketeers","Trevor Zaleski","Matt Barlow"
"Back-to-School Major","2024","2024-09-07","Millcreek, UT, US","5.0 Premier","Top Tier (Glassware)",4,"4th Place (No Award)","None","Pardon My French","Tanner Scherwinski","Bryant Karratti"
"Back-to-School Major","2024","2024-09-07","Millcreek, UT, US","4.5 Elite","Top Tier (Glassware)",1,"🍺 Pitcher (1st Place Glassware)","Pitcher","Domain Expansion","Joshua Lin","Jayden Nguyen"
"Back-to-School Major","2024","2024-09-07","Millcreek, UT, US","4.5 Elite","Top Tier (Glassware)",2,"🍻 Tankard (2nd Place Glassware)","Tankard / Cup","Cougar Pitt","Camden Sandberg","Nick Genkinger"
"Back-to-School Major","2024","2024-09-07","Millcreek, UT, US","4.5 Elite","Top Tier (Glassware)",3,"🥃 Shot Glass (3rd Place Glassware)","Shot Glass / Horn","Fang","Daniel Feller","Alex Tamang"
"Back-to-School Major","2024","2024-09-07","Millcreek, UT, US","4.5 Elite","Top Tier (Glassware)",4,"4th Place (No Award)","None","Wombo Combo","Alex Goates","Cooper Jenkins"
"Back-to-School Major","2024","2024-09-07","Millcreek, UT, US","4.0 Advanced","Top Tier (Glassware)",1,"🍺 Pitcher (1st Place Glassware)","Pitcher","Sanfords Children","Zach Rich","Jaxon Rich"
"Back-to-School Major","2024","2024-09-07","Millcreek, UT, US","4.0 Advanced","Top Tier (Glassware)",2,"🍻 Tankard (2nd Place Glassware)","Tankard / Cup","Slammo Roundnet","Becca Feller","Daniel Wight"
"Back-to-School Major","2024","2024-09-07","Millcreek, UT, US","4.0 Advanced","Top Tier (Glassware)",3,"🥃 Shot Glass (3rd Place Glassware)","Shot Glass / Horn","Ball Busters","Brayden Evans","Micah Campbell"
"Back-to-School Major","2024","2024-09-07","Millcreek, UT, US","4.0 Advanced","Top Tier (Glassware)",4,"4th Place (No Award)","None","giggle gang","Sidney Parker","Braydon Oler"
"California Roundnet Open #5- NorCal","2024","2024-10-05","Menlo Park, CA, US","2.0-4.0 Contender","Lower Division (Medals)",1,"🥇 Gold Medal","None","Poutine Powered","Brian Quach","George Zywiel"
"California Roundnet Open #5- NorCal","2024","2024-10-05","Menlo Park, CA, US","2.0-4.0 Contender","Lower Division (Medals)",2,"🥈 Silver Medal","None","Da Bois","Emmanuel Flores","Michael Leung"
"California Roundnet Open #5- NorCal","2024","2024-10-05","Menlo Park, CA, US","2.0-4.0 Contender","Lower Division (Medals)",3,"🥉 Bronze Medal","None","Jonas/Gavin","Jonas Frost","Gavin Hansen"
"California Roundnet Open #5- NorCal","2024","2024-10-05","Menlo Park, CA, US","2.0-4.0 Contender","Lower Division (Medals)",4,"4th Place (No Award)","None","Chicharron Boys","Justin Estores","Ryan Michelfelder"
"California Roundnet Open #5- NorCal","2024","2024-10-05","Menlo Park, CA, US","5.0 Expert","Lower Division (Medals)",1,"🥇 Gold Medal","None","Nelson / Lowe","Elle Lowe","Connor Nelson"
"California Roundnet Open #5- NorCal","2024","2024-10-05","Menlo Park, CA, US","5.0 Expert","Lower Division (Medals)",2,"🥈 Silver Medal","None","Big Slick","Michael Du","Nathan Robertt"
"California Roundnet Open #5- NorCal","2024","2024-10-05","Menlo Park, CA, US","5.0 Expert","Lower Division (Medals)",3,"🥉 Bronze Medal","None","De 916","Clifton Miller","Trevor Barbosa"
"California Roundnet Open #5- NorCal","2024","2024-10-05","Menlo Park, CA, US","5.0 Expert","Lower Division (Medals)",4,"4th Place (No Award)","None","The Blind Bandits","Noah Saddik","Joey Carmichael"
"The 2024 Spikeball Tour Series Championship","2024","2024-10-12","Rock Hill, SC, US","Premier +5.0","Top Tier (Glassware)",1,"🍺 Pitcher (1st Place Glassware)","Pitcher","Glizzy Gladiators","Polk Denmark","Jacob Summers"
"The 2024 Spikeball Tour Series Championship","2024","2024-10-12","Rock Hill, SC, US","Premier +5.0","Top Tier (Glassware)",2,"🍻 Tankard (2nd Place Glassware)","Tankard / Cup","Chu là","Thomas Dery","Guillaume Bilodeau"
"The 2024 Spikeball Tour Series Championship","2024","2024-10-12","Rock Hill, SC, US","Premier +5.0","Top Tier (Glassware)",3,"🥃 Shot Glass (3rd Place Glassware)","Shot Glass / Horn","FreeELO","Clifford Amadeo LeVeque","Nick Evanko"
"The 2024 Spikeball Tour Series Championship","2024","2024-10-12","Rock Hill, SC, US","Premier +5.0","Top Tier (Glassware)",4,"4th Place (No Award)","None","The Diamond Dogs","Reid Pfutzenreuter","Bennett Anderson"
"The 2024 Spikeball Tour Series Championship","2024","2024-10-12","Rock Hill, SC, US","Contender 4.5+","Top Tier (Glassware)",1,"🍺 Pitcher (1st Place Glassware)","Pitcher","Centros","Jon Esposo","Jaxon Gonzalez"
"The 2024 Spikeball Tour Series Championship","2024","2024-10-12","Rock Hill, SC, US","Contender 4.5+","Top Tier (Glassware)",1,"🍺 Pitcher (1st Place Glassware)","Pitcher","Budster","Keith Fleischmann","Maxwell McNally"
"The 2024 Spikeball Tour Series Championship","2024","2024-10-12","Rock Hill, SC, US","Contender 4.5+","Top Tier (Glassware)",3,"🥃 Shot Glass (3rd Place Glassware)","Shot Glass / Horn","Pick Pockets","Riley Redmon","Joel Hoffler"
"The 2024 Spikeball Tour Series Championship","2024","2024-10-12","Rock Hill, SC, US","Contender 4.5+","Top Tier (Glassware)",4,"4th Place (No Award)","None","Seazoned","Brent Summers","Zach Snover"
"The 2024 Spikeball Tour Series Championship","2024","2024-10-12","Rock Hill, SC, US","Women's Int/Adv 2.0-4.0+","Top Tier (Glassware)",1,"🍺 Pitcher (1st Place Glassware)","Pitcher","nail salon","Corrie Velder","McKenna McKean"
"The 2024 Spikeball Tour Series Championship","2024","2024-10-12","Rock Hill, SC, US","Women's Int/Adv 2.0-4.0+","Top Tier (Glassware)",2,"🍻 Tankard (2nd Place Glassware)","Tankard / Cup","Splash Bros","Maddie Huffstetler","Christina Nikas"
"The 2024 Spikeball Tour Series Championship","2024","2024-10-12","Rock Hill, SC, US","Women's Int/Adv 2.0-4.0+","Top Tier (Glassware)",3,"🥃 Shot Glass (3rd Place Glassware)","Shot Glass / Horn","BHADDIES","Sylvia Dean","Jaime Cunningham"
"The 2024 Spikeball Tour Series Championship","2024","2024-10-12","Rock Hill, SC, US","Women's Int/Adv 2.0-4.0+","Top Tier (Glassware)",3,"🥃 Shot Glass (3rd Place Glassware)","Shot Glass / Horn","yu yu yu me me yu yu me","Michelle Yu","Holly Yu"
"The 2024 Spikeball Tour Series Championship","2024","2024-10-12","Rock Hill, SC, US","Advanced 4.0","Top Tier (Glassware)",1,"🍺 Pitcher (1st Place Glassware)","Pitcher","Double Faultz","Collin Cook","Matthew Hetrick"
"The 2024 Spikeball Tour Series Championship","2024","2024-10-12","Rock Hill, SC, US","Advanced 4.0","Top Tier (Glassware)",2,"🍻 Tankard (2nd Place Glassware)","Tankard / Cup","2 Stroke","Ronin Harper","Steven Lewis"
"The 2024 Spikeball Tour Series Championship","2024","2024-10-12","Rock Hill, SC, US","Advanced 4.0","Top Tier (Glassware)",3,"🥃 Shot Glass (3rd Place Glassware)","Shot Glass / Horn","Aang Gang","Hudson Walker","Jonah Walker"
"The 2024 Spikeball Tour Series Championship","2024","2024-10-12","Rock Hill, SC, US","Advanced 4.0","Top Tier (Glassware)",4,"4th Place (No Award)","None","Double faulters","cameron turner","Damian Maldonado"
"The 2024 Spikeball Tour Series Championship","2024","2024-10-12","Rock Hill, SC, US","Mixed Pro 5.5+ (Sunday)","Top Tier (Glassware)",1,"🍺 Pitcher (1st Place Glassware)","Pitcher","Chalk","Katheleen Phan","Katie Pierson"
"The 2024 Spikeball Tour Series Championship","2024","2024-10-12","Rock Hill, SC, US","Mixed Pro 5.5+ (Sunday)","Top Tier (Glassware)",2,"🍻 Tankard (2nd Place Glassware)","Tankard / Cup","All we do is win","Maxime Prince","Karah Hui"
"The 2024 Spikeball Tour Series Championship","2024","2024-10-12","Rock Hill, SC, US","Mixed Pro 5.5+ (Sunday)","Top Tier (Glassware)",3,"🥃 Shot Glass (3rd Place Glassware)","Shot Glass / Horn","Auf Lock","Laura Kunzelmann","Sarah Allen"
"The 2024 Spikeball Tour Series Championship","2024","2024-10-12","Rock Hill, SC, US","Mixed Pro 5.5+ (Sunday)","Top Tier (Glassware)",4,"4th Place (No Award)","None","🇪🇺","Peer Kanis","Megan Leybourne"
"The 2024 Spikeball Tour Series Championship","2024","2024-10-12","Rock Hill, SC, US","Rally Ball Experimental (Sunday)","Top Tier (Glassware)",1,"🍺 Pitcher (1st Place Glassware)","Pitcher","We're In Debt","Micah Allin","Tyler Fernandez"
"The 2024 Spikeball Tour Series Championship","2024","2024-10-12","Rock Hill, SC, US","Rally Ball Experimental (Sunday)","Top Tier (Glassware)",2,"🍻 Tankard (2nd Place Glassware)","Tankard / Cup","David/Thomas","David Gonzales","Thomas Hamilton"
"The 2024 Spikeball Tour Series Championship","2024","2024-10-12","Rock Hill, SC, US","Rally Ball Experimental (Sunday)","Top Tier (Glassware)",3,"🥃 Shot Glass (3rd Place Glassware)","Shot Glass / Horn","GWR Dantowitz / Gross","Ryan Gross","Ben Dantowitz"
"The 2024 Spikeball Tour Series Championship","2024","2024-10-12","Rock Hill, SC, US","Rally Ball Experimental (Sunday)","Top Tier (Glassware)",3,"🥃 Shot Glass (3rd Place Glassware)","Shot Glass / Horn","Few Peas Short ","Joe Bondi","Henry Switz"
"The 2024 Spikeball Tour Series Championship","2024","2024-10-12","Rock Hill, SC, US","Mixed Advanced 4.5+ (Sunday)","Top Tier (Glassware)",1,"🍺 Pitcher (1st Place Glassware)","Pitcher","Airborne","Lou Washburn","Robin Florinda"
"The 2024 Spikeball Tour Series Championship","2024","2024-10-12","Rock Hill, SC, US","Mixed Advanced 4.5+ (Sunday)","Top Tier (Glassware)",2,"🍻 Tankard (2nd Place Glassware)","Tankard / Cup","JQ^2","Jhanaj Quispe","Josef Quispe"
"The 2024 Spikeball Tour Series Championship","2024","2024-10-12","Rock Hill, SC, US","Mixed Advanced 4.5+ (Sunday)","Top Tier (Glassware)",3,"🥃 Shot Glass (3rd Place Glassware)","Shot Glass / Horn","go bears","Caleb Cummings","Joanna Gould"
"The 2024 Spikeball Tour Series Championship","2024","2024-10-12","Rock Hill, SC, US","Mixed Advanced 4.5+ (Sunday)","Top Tier (Glassware)",4,"4th Place (No Award)","None","tyves","Tiff Ding","Yves Tschan"
"The 2024 Spikeball Tour Series Championship","2024","2024-10-12","Rock Hill, SC, US","Open Pro 6.0+","Top Tier (Glassware)",1,"🍺 Pitcher (1st Place Glassware)","Pitcher","Ultra Instinct","Gabriel Finocchi","Thomas Hamilton"
"The 2024 Spikeball Tour Series Championship","2024","2024-10-12","Rock Hill, SC, US","Open Pro 6.0+","Top Tier (Glassware)",2,"🍻 Tankard (2nd Place Glassware)","Tankard / Cup","J.A.R.V.I.S.","Josh Fragiacomo","Connor Nelson"
"The 2024 Spikeball Tour Series Championship","2024","2024-10-12","Rock Hill, SC, US","Open Pro 6.0+","Top Tier (Glassware)",3,"🥃 Shot Glass (3rd Place Glassware)","Shot Glass / Horn","Eisenträger/Siemer","Eisenträger Lukas","Paul Siemer"
"The 2024 Spikeball Tour Series Championship","2024","2024-10-12","Rock Hill, SC, US","Open Pro 6.0+","Top Tier (Glassware)",4,"4th Place (No Award)","None","Insystem","Etienne Cote","Blake Bosak"
"The 2024 Spikeball Tour Series Championship","2024","2024-10-12","Rock Hill, SC, US","Women's Pro 5.0+","Top Tier (Glassware)",1,"🍺 Pitcher (1st Place Glassware)","Pitcher","Nova","Laura Kunzelmann","Inès Paysan"
"The 2024 Spikeball Tour Series Championship","2024","2024-10-12","Rock Hill, SC, US","Women's Pro 5.0+","Top Tier (Glassware)",2,"🍻 Tankard (2nd Place Glassware)","Tankard / Cup","Pierson/Phan","Katheleen Phan","Katie Pierson"
"The 2024 Spikeball Tour Series Championship","2024","2024-10-12","Rock Hill, SC, US","Women's Pro 5.0+","Top Tier (Glassware)",3,"🥃 Shot Glass (3rd Place Glassware)","Shot Glass / Horn","THUS Parabatai","Kalin Morgan","Kayla Wu-Fleming"
"The 2024 Spikeball Tour Series Championship","2024","2024-10-12","Rock Hill, SC, US","Women's Pro 5.0+","Top Tier (Glassware)",4,"4th Place (No Award)","None","Carry Set","Malia Wanderer","Abigale Lamontagne"
"California Roundnet Regionals #3 - SLO","2024","2024-10-26","Santa Maria, CA, US","5.0 Expert","Lower Division (Medals)",1,"🥇 Gold Medal","None","Endgame","Josh Fragiacomo","Trevor Barbosa"
"California Roundnet Regionals #3 - SLO","2024","2024-10-26","Santa Maria, CA, US","5.0 Expert","Lower Division (Medals)",2,"🥈 Silver Medal","None","Fractal Spikes","Connor Nelson","Michael Du"
"California Roundnet Regionals #3 - SLO","2024","2024-10-26","Santa Maria, CA, US","5.0 Expert","Lower Division (Medals)",3,"🥉 Bronze Medal","None","Flagship","Joseph Kaylor","Lucas Pruett"
"California Roundnet Regionals #3 - SLO","2024","2024-10-26","Santa Maria, CA, US","5.0 Expert","Lower Division (Medals)",4,"4th Place (No Award)","None","Dialed","Josh Cain","Luke Pennington"
"California Roundnet Regionals #3 - SLO","2024","2024-10-26","Santa Maria, CA, US","4.5 Contender","Lower Division (Medals)",1,"🥇 Gold Medal","None","Eli/kelvin","Eli Wortman","Calvin Chang"
"California Roundnet Regionals #3 - SLO","2024","2024-10-26","Santa Maria, CA, US","4.5 Contender","Lower Division (Medals)",2,"🥈 Silver Medal","None","Naughty Ninjas","Dante Benedetti","Gabriel Rouse"
"California Roundnet Regionals #3 - SLO","2024","2024-10-26","Santa Maria, CA, US","4.5 Contender","Lower Division (Medals)",3,"🥉 Bronze Medal","None","Net Worth","Aiden Edwards","Hunter Koth"
"California Roundnet Regionals #3 - SLO","2024","2024-10-26","Santa Maria, CA, US","4.5 Contender","Lower Division (Medals)",4,"4th Place (No Award)","None","Jake/Aubrey","Aubrey Lilomaiava","Jake Young"
"California Roundnet Regionals #3 - SLO","2024","2024-10-26","Santa Maria, CA, US","4.5 Womens","Lower Division (Medals)",1,"🥇 Gold Medal","None","Black and ElleLowe","Elle Lowe","Perrin York"
"California Roundnet Regionals #3 - SLO","2024","2024-10-26","Santa Maria, CA, US","4.5 Womens","Lower Division (Medals)",2,"🥈 Silver Medal","None","hb shaygo and kim possible","Sebastiani Kim","Shaina Berk"
"California Roundnet Regionals #3 - SLO","2024","2024-10-26","Santa Maria, CA, US","4.5 Womens","Lower Division (Medals)",3,"🥉 Bronze Medal","None","Alex/Adrianna","Adrianna Grothause","Alex Veron"
"California Roundnet Regionals #3 - SLO","2024","2024-10-26","Santa Maria, CA, US","4.5 Womens","Lower Division (Medals)",4,"4th Place (No Award)","None","JoAlle","Ally Chou","Joelle Nguyen"
"California Roundnet Regionals #3 - SLO","2024","2024-10-26","Santa Maria, CA, US","4.0 Mixed","Lower Division (Medals)",1,"🥇 Gold Medal","None","Not Pro and Con","Connor Nelson","Abby Cham"
"California Roundnet Regionals #3 - SLO","2024","2024-10-26","Santa Maria, CA, US","4.0 Mixed","Lower Division (Medals)",2,"🥈 Silver Medal","None","Origami","Trevor Barbosa","Sebastiani Kim"
"California Roundnet Regionals #3 - SLO","2024","2024-10-26","Santa Maria, CA, US","4.0 Mixed","Lower Division (Medals)",3,"🥉 Bronze Medal","None","National Sexual Tension Day","Adrianna Grothause","Joseph Kaylor"
"California Roundnet Regionals #3 - SLO","2024","2024-10-26","Santa Maria, CA, US","4.0 Mixed","Lower Division (Medals)",4,"4th Place (No Award)","None","Brain Activity Meeting Room Table","Lucas Pruett","Perrin York"
"ERS Championship 2024","2024","2024-12-21","Palmyra, PA, US","4.0-4.5 Open Advanced","Lower Division (Medals)",1,"🥇 Gold Medal","None","Deadly Left","Diego Lopez","Luke Trexler"
"ERS Championship 2024","2024","2024-12-21","Palmyra, PA, US","4.0-4.5 Open Advanced","Lower Division (Medals)",2,"🥈 Silver Medal","None","jojo tiwa","Tiff Ding","Joanna Gould"
"ERS Championship 2024","2024","2024-12-21","Palmyra, PA, US","4.0-4.5 Open Advanced","Lower Division (Medals)",3,"🥉 Bronze Medal","None","Front Pocket","Michael Tracey","James Halpin"
"ERS Championship 2024","2024","2024-12-21","Palmyra, PA, US","4.0-4.5 Open Advanced","Lower Division (Medals)",4,"4th Place (No Award)","None","FRK Freakbob","Isaac Mixon","Lourna Szabanos"
"ERS Championship 2024","2024","2024-12-21","Palmyra, PA, US","5.0+ Open","Lower Division (Medals)",1,"🥇 Gold Medal","None","LL MKUltra","Mike Garrett","Gabriel Finocchi"
"ERS Championship 2024","2024","2024-12-21","Palmyra, PA, US","5.0+ Open","Lower Division (Medals)",2,"🥈 Silver Medal","None","TRP Abrams/ Picone ☀️🚿 ","Will Picone","Dan Abrams"
"ERS Championship 2024","2024","2024-12-21","Palmyra, PA, US","5.0+ Open","Lower Division (Medals)",3,"🥉 Bronze Medal","None","Gross Gu","Sunny Gu","Ryan Gross"
"ERS Championship 2024","2024","2024-12-21","Palmyra, PA, US","5.0+ Open","Lower Division (Medals)",4,"4th Place (No Award)","None","HIT ME HARD AND SOFT","Henry Pilliod","Demitri Forand"
"CASR Opener Event","2025","2025-03-01","San Luis Obispo, CA, US","4.0+ Contender","Lower Division (Medals)",1,"🥇 Gold Medal","None","RIPS Only","Ahren Gwynn","Gunnar Mueller"
"CASR Opener Event","2025","2025-03-01","San Luis Obispo, CA, US","4.0+ Contender","Lower Division (Medals)",2,"🥈 Silver Medal","None","Dem CP grace bois","Severin Lunceford","Abraham Newman"
"CASR Opener Event","2025","2025-03-01","San Luis Obispo, CA, US","4.0+ Contender","Lower Division (Medals)",2,"🥈 Silver Medal","None","USF Advanced A","Jeslyn Theodore","Matthew Banh"
"CASR Opener Event","2025","2025-03-01","San Luis Obispo, CA, US","4.0+ Contender","Lower Division (Medals)",4,"4th Place (No Award)","None","Ethan/Shaina","Ethan Bernhardt","Shaina Berk"
"CASR Opener Event","2025","2025-03-01","San Luis Obispo, CA, US","5.0 Expert","Lower Division (Medals)",1,"🥇 Gold Medal","None","Warrior 2 in the Wind Tunnel","James Lamkin","Jake Woolley"
"CASR Opener Event","2025","2025-03-01","San Luis Obispo, CA, US","5.0 Expert","Lower Division (Medals)",2,"🥈 Silver Medal","None","*Groans* 😩😫","Connor Nelson","Sasha Mariniuk"
"CASR Opener Event","2025","2025-03-01","San Luis Obispo, CA, US","5.0 Expert","Lower Division (Medals)",3,"🥉 Bronze Medal","None","Spikeythaboi fan club","Alec Galbo","Noah Saddik"
"CASR Opener Event","2025","2025-03-01","San Luis Obispo, CA, US","5.0 Expert","Lower Division (Medals)",4,"4th Place (No Award)","None","Aiden / Warren","Aiden Edwards","Warren Foote"
"USA Southeast Regionals","2025","2025-03-15","Lakeland, FL, US","4.0 Open/Contender","Lower Division (Medals)",1,"🥇 Gold Medal","None","grody","Noah Kopetic","Jake Dooley"
"USA Southeast Regionals","2025","2025-03-15","Lakeland, FL, US","4.0 Open/Contender","Lower Division (Medals)",2,"🥈 Silver Medal","None","Bubble Boys","Andrew Nee","Caedon Gibson"
"USA Southeast Regionals","2025","2025-03-15","Lakeland, FL, US","4.0 Open/Contender","Lower Division (Medals)",3,"🥉 Bronze Medal","None","Papa Styles","Andrew Murray","Larkin Sharpe"
"USA Southeast Regionals","2025","2025-03-15","Lakeland, FL, US","4.0 Open/Contender","Lower Division (Medals)",4,"4th Place (No Award)","None","Sweep","Max Billinghurst","Michael Kettwich"
"USA Southeast Regionals","2025","2025-03-15","Lakeland, FL, US","5.0 Open Premier/Bronze+","Lower Division (Medals)",1,"🥇 Gold Medal","None","Abrams/ Picone ☀️🚿 ","Dan Abrams","Will Picone"
"USA Southeast Regionals","2025","2025-03-15","Lakeland, FL, US","5.0 Open Premier/Bronze+","Lower Division (Medals)",2,"🥈 Silver Medal","None","Somewhere between the mountain & the Ant","Ryan Gross","Gabe Finocchi"
"USA Southeast Regionals","2025","2025-03-15","Lakeland, FL, US","5.0 Open Premier/Bronze+","Lower Division (Medals)",3,"🥉 Bronze Medal","None","Snarl","Dawson Morgan","Ben Savage"
"USA Southeast Regionals","2025","2025-03-15","Lakeland, FL, US","5.0 Open Premier/Bronze+","Lower Division (Medals)",4,"4th Place (No Award)","None","LL-NEM Tall Order","Kieran Rose","Matt Spolarich"
"USA Southeast Regionals","2025","2025-03-15","Lakeland, FL, US","4.5+ Women's","Lower Division (Medals)",1,"🥇 Gold Medal","None","Carry Set","Abigale Lamontagne","Malia Wanderer"
"USA Southeast Regionals","2025","2025-03-15","Lakeland, FL, US","4.5+ Women's","Lower Division (Medals)",2,"🥈 Silver Medal","None","11:1","Kalin Morgan","Julia Timan"
"USA Southeast Regionals","2025","2025-03-15","Lakeland, FL, US","4.5+ Women's","Lower Division (Medals)",3,"🥉 Bronze Medal","None","two friends","Joanna Gould","Tiff Ding"
"USA Southeast Regionals","2025","2025-03-15","Lakeland, FL, US","4.5+ Women's","Lower Division (Medals)",4,"4th Place (No Award)","None","meow moment","Stef Ding","Maddie Huffstetler"
"Atlanta Roundnet Spring Kickoff","2025","2025-04-12","Marietta, GA, US","Contender","Top Tier (Glassware)",1,"🍺 Pitcher (1st Place Glassware)","Pitcher","Out of Pocket","Eli Canon","Spencer Sexton"
"Atlanta Roundnet Spring Kickoff","2025","2025-04-12","Marietta, GA, US","Contender","Top Tier (Glassware)",2,"🍻 Tankard (2nd Place Glassware)","Tankard / Cup","*Twisted* ","Cody Peterson","Cole Solomon"
"Atlanta Roundnet Spring Kickoff","2025","2025-04-12","Marietta, GA, US","Contender","Top Tier (Glassware)",3,"🥃 Shot Glass (3rd Place Glassware)","Shot Glass / Horn","I 💖 Gamma Phi","Hampton Chappell","Joanna Gould"
"Atlanta Roundnet Spring Kickoff","2025","2025-04-12","Marietta, GA, US","Contender","Top Tier (Glassware)",4,"4th Place (No Award)","None","EA Sports","Anthony Schenk","Eric Baldwin"
"Atlanta Roundnet Spring Kickoff","2025","2025-04-12","Marietta, GA, US","Expert","Top Tier (Glassware)",1,"🍺 Pitcher (1st Place Glassware)","Pitcher","NEM Seazonal","Jacob Summers","Zach Snover"
"Atlanta Roundnet Spring Kickoff","2025","2025-04-12","Marietta, GA, US","Expert","Top Tier (Glassware)",2,"🍻 Tankard (2nd Place Glassware)","Tankard / Cup","Narayan’s Nemesis","Kyle Fowler","Polk Denmark"
"Atlanta Roundnet Spring Kickoff","2025","2025-04-12","Marietta, GA, US","Expert","Top Tier (Glassware)",3,"🥃 Shot Glass (3rd Place Glassware)","Shot Glass / Horn","Inspection","Jake Dooley","John Buchanan"
"Atlanta Roundnet Spring Kickoff","2025","2025-04-12","Marietta, GA, US","Expert","Top Tier (Glassware)",4,"4th Place (No Award)","None","paq/noah","Paq Clifford","Noah Kopetic"
"MRS/USAR Bloomington Sectional","2025","2025-04-12","Bloomington, IN, US","5.0 Premier/Bronze+","Lower Division (Medals)",1,"🥇 Gold Medal","None","Who Asked","Joey Reynolds","Ryan Marino"
"MRS/USAR Bloomington Sectional","2025","2025-04-12","Bloomington, IN, US","5.0 Premier/Bronze+","Lower Division (Medals)",2,"🥈 Silver Medal","None","FreeELO","Clifford Amadeo LeVeque","Nick Evanko"
"MRS/USAR Bloomington Sectional","2025","2025-04-12","Bloomington, IN, US","5.0 Premier/Bronze+","Lower Division (Medals)",3,"🥉 Bronze Medal","None","Half whites","Thomas Hamilton","Tim Lacagnina"
"MRS/USAR Bloomington Sectional","2025","2025-04-12","Bloomington, IN, US","5.0 Premier/Bronze+","Lower Division (Medals)",4,"4th Place (No Award)","None","Spinny","Aleks Essen","Jack Bush"
"MRS/USAR Bloomington Sectional","2025","2025-04-12","Bloomington, IN, US","4.0 Contender","Lower Division (Medals)",1,"🥇 Gold Medal","None","RNG","Reed Drouare","Garrett Duncan"
"MRS/USAR Bloomington Sectional","2025","2025-04-12","Bloomington, IN, US","4.0 Contender","Lower Division (Medals)",2,"🥈 Silver Medal","None","Goblins","Weston Motloch","Jack Drouare"
"MRS/USAR Bloomington Sectional","2025","2025-04-12","Bloomington, IN, US","4.0 Contender","Lower Division (Medals)",3,"🥉 Bronze Medal","None","The Beans","Jackson Carpenter","Salvatore Guagenti"
"MRS/USAR Bloomington Sectional","2025","2025-04-12","Bloomington, IN, US","4.0 Contender","Lower Division (Medals)",3,"🥉 Bronze Medal","None","GFD MUNCHERS","Arjun Dhankani","Brad Yates"
"USAR Kansas City Sectional","2025","2025-04-12","Lawrence, KS, US","4.0 Open/Contender","Top Tier (Glassware)",1,"🍺 Pitcher (1st Place Glassware)","Pitcher","Dumb n’ dumber","Jose Knight","Sam Aven"
"USAR Kansas City Sectional","2025","2025-04-12","Lawrence, KS, US","4.0 Open/Contender","Top Tier (Glassware)",2,"🍻 Tankard (2nd Place Glassware)","Tankard / Cup","It takes four to foreplay","Josiah Murphy","Leonardo Hermosillo"
"USAR Kansas City Sectional","2025","2025-04-12","Lawrence, KS, US","4.0 Open/Contender","Top Tier (Glassware)",3,"🥃 Shot Glass (3rd Place Glassware)","Shot Glass / Horn","Electric J's","Jessica Borgers","Jack Wallace"
"USAR Kansas City Sectional","2025","2025-04-12","Lawrence, KS, US","4.0 Open/Contender","Top Tier (Glassware)",4,"4th Place (No Award)","None","Weird serves only","Andrew Gasaway","Braden Reeve"
"USAR Phoenix Sectional","2025","2025-04-19","Tempe, AZ, US","4.0 Open/Contender","Top Tier (Glassware)",1,"🍺 Pitcher (1st Place Glassware)","Pitcher","Sigmas","Max Shoemaker","Brady Martin"
"USAR Phoenix Sectional","2025","2025-04-19","Tempe, AZ, US","4.0 Open/Contender","Top Tier (Glassware)",2,"🍻 Tankard (2nd Place Glassware)","Tankard / Cup","Noodles & .Co","Jaren Hori","Ryan McCargar"
"USAR Phoenix Sectional","2025","2025-04-19","Tempe, AZ, US","4.0 Open/Contender","Top Tier (Glassware)",3,"🥃 Shot Glass (3rd Place Glassware)","Shot Glass / Horn","PSR Yes-Hit-Zone","Bryce Jacobsen","Dallin James"
"USAR Phoenix Sectional","2025","2025-04-19","Tempe, AZ, US","4.0 Open/Contender","Top Tier (Glassware)",4,"4th Place (No Award)","None","Baja Blast","Aidan Mackey","Ryan Brown"
"USA South Regionals","2025","2025-04-26","Chattanooga, TN, US","5.0 Open Premier/Bronze+","Lower Division (Medals)",1,"🥇 Gold Medal","None","Drawing Dead","Kieran Rose","Tyler Fernandez"
"USA South Regionals","2025","2025-04-26","Chattanooga, TN, US","5.0 Open Premier/Bronze+","Lower Division (Medals)",2,"🥈 Silver Medal","None","Clip Farm","Polk Denmark","Andrew Greer"
"USA South Regionals","2025","2025-04-26","Chattanooga, TN, US","5.0 Open Premier/Bronze+","Lower Division (Medals)",3,"🥉 Bronze Medal","None","NEM Seazonal","Zach Snover","Jacob Summers"
"USA South Regionals","2025","2025-04-26","Chattanooga, TN, US","5.0 Open Premier/Bronze+","Lower Division (Medals)",4,"4th Place (No Award)","None","Snarl","Ben Savage","Dawson Morgan"
"USA South Regionals","2025","2025-04-26","Chattanooga, TN, US","4.5+ Women's","Lower Division (Medals)",1,"🥇 Gold Medal","None","don't give a gaf","Joanna Gould","Katheleen Phan"
"USA South Regionals","2025","2025-04-26","Chattanooga, TN, US","4.5+ Women's","Lower Division (Medals)",2,"🥈 Silver Medal","None","heads carolina tails california","Stef Ding","Kalin Morgan"
"USA South Regionals","2025","2025-04-26","Chattanooga, TN, US","4.5+ Women's","Lower Division (Medals)",3,"🥉 Bronze Medal","None","French Bread","Julia Timan","Rachel Dolan"
"USA South Regionals","2025","2025-04-26","Chattanooga, TN, US","4.5+ Women's","Lower Division (Medals)",4,"4th Place (No Award)","None","Bown/Wanderer","Malia Wanderer","Meagan Bown"
"USA South Regionals","2025","2025-04-26","Chattanooga, TN, US","4.0 Open","Lower Division (Medals)",1,"🥇 Gold Medal","None","Optimal","Austin Niles","Hampton Chappell"
"USA South Regionals","2025","2025-04-26","Chattanooga, TN, US","4.0 Open","Lower Division (Medals)",2,"🥈 Silver Medal","None","Dumb n’ dumber","Jose Knight","Sam Aven"
"USA South Regionals","2025","2025-04-26","Chattanooga, TN, US","4.0 Open","Lower Division (Medals)",3,"🥉 Bronze Medal","None","Overdue","Caleb Isbell","Jacob Eakin"
"USA South Regionals","2025","2025-04-26","Chattanooga, TN, US","4.0 Open","Lower Division (Medals)",3,"🥉 Bronze Medal","None","Executive Order","Eric Baldwin","Cole Solomon"
"Millcreek Spring Spike Major","2025","2025-04-26","Millcreek, UT, US","4.0 Advanced","Top Tier (Glassware)",1,"🍺 Pitcher (1st Place Glassware)","Pitcher","Excuses","Charlie Bratsman","Kyle Sharp"
"Millcreek Spring Spike Major","2025","2025-04-26","Millcreek, UT, US","4.0 Advanced","Top Tier (Glassware)",2,"🍻 Tankard (2nd Place Glassware)","Tankard / Cup","Spicy Spikers","Gavin Caraway","Anne Marie Gibbs"
"Millcreek Spring Spike Major","2025","2025-04-26","Millcreek, UT, US","4.0 Advanced","Top Tier (Glassware)",3,"🥃 Shot Glass (3rd Place Glassware)","Shot Glass / Horn","R&B Drops","Becca Feller","Ryley Duke"
"Millcreek Spring Spike Major","2025","2025-04-26","Millcreek, UT, US","4.0 Advanced","Top Tier (Glassware)",4,"4th Place (No Award)","None","Mom and Dad","jesse rowley","Kylie Rowley"
"Millcreek Spring Spike Major","2025","2025-04-26","Millcreek, UT, US","4.5 Elite","Top Tier (Glassware)",1,"🍺 Pitcher (1st Place Glassware)","Pitcher","Our All-Time Point Diff: 420-69","Kannon Forbush","Remi Prince"
"Millcreek Spring Spike Major","2025","2025-04-26","Millcreek, UT, US","4.5 Elite","Top Tier (Glassware)",2,"🍻 Tankard (2nd Place Glassware)","Tankard / Cup","Spikael Bublè ","Daniel Feller","Dylan Mundy"
"Millcreek Spring Spike Major","2025","2025-04-26","Millcreek, UT, US","4.5 Elite","Top Tier (Glassware)",3,"🥃 Shot Glass (3rd Place Glassware)","Shot Glass / Horn","Double Fault","Nathan Avalos","Luke Cook"
"Millcreek Spring Spike Major","2025","2025-04-26","Millcreek, UT, US","4.5 Elite","Top Tier (Glassware)",4,"4th Place (No Award)","None","LER","Tyler Stokes","Kyler Cote"
"ERS/USAR Harrisonburg 2025","2025","2025-05-03","Harrisonburg, VA, US","5.0 Open Premier/Bronze+","Lower Division (Medals)",1,"🥇 Gold Medal","None","NEM Seazonal","Zach Snover","Jacob Summers"
"ERS/USAR Harrisonburg 2025","2025","2025-05-03","Harrisonburg, VA, US","5.0 Open Premier/Bronze+","Lower Division (Medals)",2,"🥈 Silver Medal","None","Gone Fishin'","Peyton Stack","Polk Denmark"
"ERS/USAR Harrisonburg 2025","2025","2025-05-03","Harrisonburg, VA, US","5.0 Open Premier/Bronze+","Lower Division (Medals)",3,"🥉 Bronze Medal","None","🍌BENana BReAD🍞","Bradley Clark","Ben Savage"
"ERS/USAR Harrisonburg 2025","2025","2025-05-03","Harrisonburg, VA, US","5.0 Open Premier/Bronze+","Lower Division (Medals)",4,"4th Place (No Award)","None","The BURG","Jon Esposo","Brooks Weeks"
"ERS/USAR Harrisonburg 2025","2025","2025-05-03","Harrisonburg, VA, US","Open 4.0+ (Contender)","Lower Division (Medals)",1,"🥇 Gold Medal","None","Fufu Roundnet","Andrew Nee","James Mills"
"ERS/USAR Harrisonburg 2025","2025","2025-05-03","Harrisonburg, VA, US","Open 4.0+ (Contender)","Lower Division (Medals)",2,"🥈 Silver Medal","None","Natural Disaster","Brent Summers","Brock Lodato"
"ERS/USAR Harrisonburg 2025","2025","2025-05-03","Harrisonburg, VA, US","Open 4.0+ (Contender)","Lower Division (Medals)",3,"🥉 Bronze Medal","None","Orange Crush","Ryland Holdren","Owen Wallace"
"ERS/USAR Harrisonburg 2025","2025","2025-05-03","Harrisonburg, VA, US","Open 4.0+ (Contender)","Lower Division (Medals)",4,"4th Place (No Award)","None","Sean²","Sean Santos","Sean Peucker"
"ERS/USAR State College 2025","2025","2025-05-03","State College, PA, US","5.0 Open Premier/Bronze+","Lower Division (Medals)",1,"🥇 Gold Medal","None","Come & Go","Mike Garrett","Jake Mottershead"
"ERS/USAR State College 2025","2025","2025-05-03","State College, PA, US","5.0 Open Premier/Bronze+","Lower Division (Medals)",2,"🥈 Silver Medal","None","Awex and Wiwey","Alex Newton","Riley Nassour"
"ERS/USAR State College 2025","2025","2025-05-03","State College, PA, US","5.0 Open Premier/Bronze+","Lower Division (Medals)",3,"🥉 Bronze Medal","None","Rivals","Jake Hurst","Henry Pilliod"
"ERS/USAR State College 2025","2025","2025-05-03","State College, PA, US","5.0 Open Premier/Bronze+","Lower Division (Medals)",4,"4th Place (No Award)","None","Double A","Matt Spolarich","Owen Lippman"
"ERS/USAR State College 2025","2025","2025-05-03","State College, PA, US","Open 4.0+ (Contender)","Lower Division (Medals)",1,"🥇 Gold Medal","None","JtRoundnet","John Mankowich","Michael Moniz"
"ERS/USAR State College 2025","2025","2025-05-03","State College, PA, US","Open 4.0+ (Contender)","Lower Division (Medals)",2,"🥈 Silver Medal","None","Gramp's and Unc","Robbie Koennecker","Henry Pleszkoch"
"ERS/USAR State College 2025","2025","2025-05-03","State College, PA, US","Open 4.0+ (Contender)","Lower Division (Medals)",3,"🥉 Bronze Medal","None","W.D.F.A.","Eoin O'Gara","blake rock"
"ERS/USAR State College 2025","2025","2025-05-03","State College, PA, US","Open 4.0+ (Contender)","Lower Division (Medals)",4,"4th Place (No Award)","None","Trying Our Best","Michael Nelson","Ethan Gabay"
"MRS/USAR Chicago Sectional","2025","2025-05-10","South Elgin, IL, US","4.0 Contender(12pm bracket start)","Lower Division (Medals)",1,"🥇 Gold Medal","None","Goblins","Weston Motloch","Jack Drouare"
"MRS/USAR Chicago Sectional","2025","2025-05-10","South Elgin, IL, US","4.0 Contender(12pm bracket start)","Lower Division (Medals)",2,"🥈 Silver Medal","None","Carnivorous Cows","Brendan Reesor","Reilly Paquette"
"MRS/USAR Chicago Sectional","2025","2025-05-10","South Elgin, IL, US","4.0 Contender(12pm bracket start)","Lower Division (Medals)",3,"🥉 Bronze Medal","None","Dos Pinoys","Louie Simbajon","Andrew Perez"
"MRS/USAR Chicago Sectional","2025","2025-05-10","South Elgin, IL, US","4.0 Contender(12pm bracket start)","Lower Division (Medals)",4,"4th Place (No Award)","None","New kids on the block","Daniel Gutierrez","Tommy Richard"
"MRS/USAR Chicago Sectional","2025","2025-05-10","South Elgin, IL, US","5.0 Premier/Bronze+(12:10 bracket start)","Lower Division (Medals)",1,"🥇 Gold Medal","None","EMPIRE","Clifford Amadeo LeVeque","Thomas Hamilton"
"MRS/USAR Chicago Sectional","2025","2025-05-10","South Elgin, IL, US","5.0 Premier/Bronze+(12:10 bracket start)","Lower Division (Medals)",2,"🥈 Silver Medal","None","Spin Lizards","Emerson Dean","Kieran Rose"
"MRS/USAR Chicago Sectional","2025","2025-05-10","South Elgin, IL, US","5.0 Premier/Bronze+(12:10 bracket start)","Lower Division (Medals)",3,"🥉 Bronze Medal","None","neal like dog 🥢🐶🍚","Thomas Hoffman","Joey Reynolds"
"MRS/USAR Chicago Sectional","2025","2025-05-10","South Elgin, IL, US","5.0 Premier/Bronze+(12:10 bracket start)","Lower Division (Medals)",4,"4th Place (No Award)","None","Manna","Jackson Wood","Aleks Essen"
"USAR Raleigh Sectional","2025","2025-05-17","Raleigh, NC, US","Premier 5.0+","Top Tier (Glassware)",1,"🍺 Pitcher (1st Place Glassware)","Pitcher","Clip Farm","Andrew Greer","Polk Denmark"
"USAR Raleigh Sectional","2025","2025-05-17","Raleigh, NC, US","Premier 5.0+","Top Tier (Glassware)",2,"🍻 Tankard (2nd Place Glassware)","Tankard / Cup","NEM Seazonal","Jacob Summers","Zach Snover"
"USAR Raleigh Sectional","2025","2025-05-17","Raleigh, NC, US","Premier 5.0+","Top Tier (Glassware)",3,"🥃 Shot Glass (3rd Place Glassware)","Shot Glass / Horn","Inspection","Jake Dooley","John Buchanan"
"USAR Raleigh Sectional","2025","2025-05-17","Raleigh, NC, US","Premier 5.0+","Top Tier (Glassware)",4,"4th Place (No Award)","None","Yum Yum Shop","Brandon Stokes","Dalton Gilder"
"USA Roundnet West Regionals","2025","2025-05-17","Los Angeles, CA, US","4.0 Open/Contender","Lower Division (Medals)",1,"🥇 Gold Medal","None","Set it and Regret it","Aiden Edwards","Eli Wortman"
"USA Roundnet West Regionals","2025","2025-05-17","Los Angeles, CA, US","4.0 Open/Contender","Lower Division (Medals)",2,"🥈 Silver Medal","None","ʕ•ᴥ•ʔ","Calvin Chang","Gabriel Rouse"
"USA Roundnet West Regionals","2025","2025-05-17","Los Angeles, CA, US","4.0 Open/Contender","Lower Division (Medals)",3,"🥉 Bronze Medal","None","Jonas/Gavin","Jonas Frost","Gavin Hansen"
"USA Roundnet West Regionals","2025","2025-05-17","Los Angeles, CA, US","4.0 Open/Contender","Lower Division (Medals)",4,"4th Place (No Award)","None","Pinky Buff","Daniel Chudin","Aron Taguiam"
"USA Roundnet West Regionals","2025","2025-05-17","Los Angeles, CA, US","4.5+ Women's","Lower Division (Medals)",1,"🥇 Gold Medal","None","Perform or die","Karah Hui","Perrin York"
"USA Roundnet West Regionals","2025","2025-05-17","Los Angeles, CA, US","4.5+ Women's","Lower Division (Medals)",2,"🥈 Silver Medal","None","Allen / Lowe","Sarah Allen","Elle Lowe"
"USA Roundnet West Regionals","2025","2025-05-17","Los Angeles, CA, US","4.5+ Women's","Lower Division (Medals)",3,"🥉 Bronze Medal","None","Carry Set","Abigale Lamontagne","Malia Wanderer"
"USA Roundnet West Regionals","2025","2025-05-17","Los Angeles, CA, US","4.5+ Women's","Lower Division (Medals)",4,"4th Place (No Award)","None","scwappy","Joelle Nguyen","Shaina Berk"
"USA Roundnet West Regionals","2025","2025-05-17","Los Angeles, CA, US","5.0 Open Bronze+","Lower Division (Medals)",1,"🥇 Gold Medal","None","NEU Top Dogs","Dan Abrams","Connor Nelson"
"USA Roundnet West Regionals","2025","2025-05-17","Los Angeles, CA, US","5.0 Open Bronze+","Lower Division (Medals)",2,"🥈 Silver Medal","None","Drawing Dead","Tyler Fernandez","Kieran Rose"
"USA Roundnet West Regionals","2025","2025-05-17","Los Angeles, CA, US","5.0 Open Bronze+","Lower Division (Medals)",3,"🥉 Bronze Medal","None","Party Fowl","Kyle Fowler","Cole Maddox"
"USA Roundnet West Regionals","2025","2025-05-17","Los Angeles, CA, US","5.0 Open Bronze+","Lower Division (Medals)",4,"4th Place (No Award)","None","Fourth Dimension","Jake Woolley","Caleb Cummings"
"USA Roundnet West Regionals","2025","2025-05-17","Los Angeles, CA, US","Mixed Adv. 2.0-4.0","Lower Division (Medals)",1,"🥇 Gold Medal","None","Nelson / Lowe","Connor Nelson","Elle Lowe"
"USA Roundnet West Regionals","2025","2025-05-17","Los Angeles, CA, US","Mixed Adv. 2.0-4.0","Lower Division (Medals)",2,"🥈 Silver Medal","None","Klaurkaeh","Luke Pennington","Karah Hui"
"USA Roundnet West Regionals","2025","2025-05-17","Los Angeles, CA, US","Mixed Adv. 2.0-4.0","Lower Division (Medals)",3,"🥉 Bronze Medal","None","Nerds Gummy Clusters","Kyle Fowler","Malia Wanderer"
"USA Roundnet West Regionals","2025","2025-05-17","Los Angeles, CA, US","Mixed Adv. 2.0-4.0","Lower Division (Medals)",4,"4th Place (No Award)","None","NOM","Solomon Berry","Kayla Ngai"
"USAR Seattle Sectional","2025","2025-05-31","Shoreline, WA, US","Premier (5.0+)","Top Tier (Glassware)",1,"🍺 Pitcher (1st Place Glassware)","Pitcher","spot on","Nick Wideman","Will Ries"
"USAR Seattle Sectional","2025","2025-05-31","Shoreline, WA, US","Premier (5.0+)","Top Tier (Glassware)",2,"🍻 Tankard (2nd Place Glassware)","Tankard / Cup","Unbreakable","Jason Fevang","Carlin Vicera"
"USAR Seattle Sectional","2025","2025-05-31","Shoreline, WA, US","Premier (5.0+)","Top Tier (Glassware)",3,"🥃 Shot Glass (3rd Place Glassware)","Shot Glass / Horn","Oregon Transplants","Ryan Slaughter","Trey Thompson"
"USAR Seattle Sectional","2025","2025-05-31","Shoreline, WA, US","Premier (5.0+)","Top Tier (Glassware)",4,"4th Place (No Award)","None","But, My Bag is Deeper","Connor Nelson","Noah Saddik"
"USAR Seattle Sectional","2025","2025-05-31","Shoreline, WA, US","Contender (4.5)","Top Tier (Glassware)",1,"🍺 Pitcher (1st Place Glassware)","Pitcher","NOM","Kayla Ngai","Solomon Berry"
"USAR Seattle Sectional","2025","2025-05-31","Shoreline, WA, US","Contender (4.5)","Top Tier (Glassware)",2,"🍻 Tankard (2nd Place Glassware)","Tankard / Cup","OG Blinggo Boys","Adam Randall","Alex Osler"
"USAR Seattle Sectional","2025","2025-05-31","Shoreline, WA, US","Contender (4.5)","Top Tier (Glassware)",3,"🥃 Shot Glass (3rd Place Glassware)","Shot Glass / Horn","I'd Hit That","Kavan Dharia","lucas klopfenstein"
"USAR Seattle Sectional","2025","2025-05-31","Shoreline, WA, US","Contender (4.5)","Top Tier (Glassware)",4,"4th Place (No Award)","None","Jam it Out","Joshua Grant","Jeffrey Cheng"
"USAR Seattle Sectional","2025","2025-05-31","Shoreline, WA, US","Advanced (4.0)","Top Tier (Glassware)",1,"🍺 Pitcher (1st Place Glassware)","Pitcher","Seeing Double","Nick Wood","Peter Wood"
"USAR Seattle Sectional","2025","2025-05-31","Shoreline, WA, US","Advanced (4.0)","Top Tier (Glassware)",2,"🍻 Tankard (2nd Place Glassware)","Tankard / Cup","Dr. Squid","Mackinly Yorgensen","Keith Dixon"
"USAR Seattle Sectional","2025","2025-05-31","Shoreline, WA, US","Advanced (4.0)","Top Tier (Glassware)",3,"🥃 Shot Glass (3rd Place Glassware)","Shot Glass / Horn","Just a touch of olive oil","Lester Lui-Delange","Chris VanderMolen"
"USAR Seattle Sectional","2025","2025-05-31","Shoreline, WA, US","Advanced (4.0)","Top Tier (Glassware)",3,"🥃 Shot Glass (3rd Place Glassware)","Shot Glass / Horn","Jeff's Sons","Jacky Chen","Quentin Chiu"
"CASR SJ Open #3","2025","2025-06-07","Menlo Park, CA, US","5.0 Expert","Top Tier (Glassware)",1,"🍺 Pitcher (1st Place Glassware)","Pitcher","J.A.R.V.I.S","Noah Saddik","Charlie Camarena"
"CASR SJ Open #3","2025","2025-06-07","Menlo Park, CA, US","5.0 Expert","Top Tier (Glassware)",2,"🍻 Tankard (2nd Place Glassware)","Tankard / Cup","Josh/Alec","Alec Galbo","Josh Fragiacomo"
"CASR SJ Open #3","2025","2025-06-07","Menlo Park, CA, US","5.0 Expert","Top Tier (Glassware)",3,"🥃 Shot Glass (3rd Place Glassware)","Shot Glass / Horn","Fractal Spikes","Connor Nelson","Michael Du"
"CASR SJ Open #3","2025","2025-06-07","Menlo Park, CA, US","5.0 Expert","Top Tier (Glassware)",4,"4th Place (No Award)","None","Extremely Terrifying Roaring Dragons","Aman Khemka","Sasha Mariniuk"
"CASR SJ Open #3","2025","2025-06-07","Menlo Park, CA, US","4.0+ Contender","Top Tier (Glassware)",1,"🍺 Pitcher (1st Place Glassware)","Pitcher","Shady","Andy Shen","Shea Duty"
"CASR SJ Open #3","2025","2025-06-07","Menlo Park, CA, US","4.0+ Contender","Top Tier (Glassware)",2,"🍻 Tankard (2nd Place Glassware)","Tankard / Cup","GiGi","Eric Tay","Cailley Biagini"
"CASR SJ Open #3","2025","2025-06-07","Menlo Park, CA, US","4.0+ Contender","Top Tier (Glassware)",3,"🥃 Shot Glass (3rd Place Glassware)","Shot Glass / Horn","FreezeLX v4","Brian Quach","Cynthia Zhang"
"CASR SJ Open #3","2025","2025-06-07","Menlo Park, CA, US","4.0+ Contender","Top Tier (Glassware)",4,"4th Place (No Award)","None","Experts","max gehm","Datis Shoushtary"
"Atlanta Slam 2025 - USAR Sectional","2025","2025-06-07","Marietta, GA, US","(5.0) Premier/ Bronze+","Top Tier (Glassware)",1,"🍺 Pitcher (1st Place Glassware)","Pitcher","Mollywhop","Cole Maddox","Aleks Essen"
"Atlanta Slam 2025 - USAR Sectional","2025","2025-06-07","Marietta, GA, US","(5.0) Premier/ Bronze+","Top Tier (Glassware)",2,"🍻 Tankard (2nd Place Glassware)","Tankard / Cup","Paradox","Paq Clifford","Kyle Fowler"
"Atlanta Slam 2025 - USAR Sectional","2025","2025-06-07","Marietta, GA, US","(5.0) Premier/ Bronze+","Top Tier (Glassware)",3,"🥃 Shot Glass (3rd Place Glassware)","Shot Glass / Horn","NEM Seazonal","Jacob Summers","Zach Snover"
"Atlanta Slam 2025 - USAR Sectional","2025","2025-06-07","Marietta, GA, US","(5.0) Premier/ Bronze+","Top Tier (Glassware)",4,"4th Place (No Award)","None","LL Gabriel’s little flower","Kieran Rose","Gabe Finocchi"
"Atlanta Slam 2025 - USAR Sectional","2025","2025-06-07","Marietta, GA, US","Contenders (4.0)","Top Tier (Glassware)",1,"🍺 Pitcher (1st Place Glassware)","Pitcher","low stakes","Joanna Gould","Malia Wanderer"
"Atlanta Slam 2025 - USAR Sectional","2025","2025-06-07","Marietta, GA, US","Contenders (4.0)","Top Tier (Glassware)",2,"🍻 Tankard (2nd Place Glassware)","Tankard / Cup","Los Pollos Hermanos","Anthony Schenk","Jose Knight"
"Atlanta Slam 2025 - USAR Sectional","2025","2025-06-07","Marietta, GA, US","Contenders (4.0)","Top Tier (Glassware)",3,"🥃 Shot Glass (3rd Place Glassware)","Shot Glass / Horn","chat is this reel🤨","Tiff Ding","Sam Aven"
"Atlanta Slam 2025 - USAR Sectional","2025","2025-06-07","Marietta, GA, US","Contenders (4.0)","Top Tier (Glassware)",4,"4th Place (No Award)","None","JAQUIS","Jackson Petroske","Chris Suhr"
"Atlanta Slam 2025 - USAR Sectional","2025","2025-06-07","Marietta, GA, US","Mixed (4.0)","Top Tier (Glassware)",1,"🍺 Pitcher (1st Place Glassware)","Pitcher","parlay princesses—rice to the occasion","Stef Ding","Paq Clifford"
"Atlanta Slam 2025 - USAR Sectional","2025","2025-06-07","Marietta, GA, US","Mixed (4.0)","Top Tier (Glassware)",2,"🍻 Tankard (2nd Place Glassware)","Tankard / Cup","Ope, sorry","Christabelle Mehlhausen","Kyle Fowler"
"Atlanta Slam 2025 - USAR Sectional","2025","2025-06-07","Marietta, GA, US","Mixed (4.0)","Top Tier (Glassware)",3,"🥃 Shot Glass (3rd Place Glassware)","Shot Glass / Horn","Style","Henry Pilliod","Malia Wanderer"
"Atlanta Slam 2025 - USAR Sectional","2025","2025-06-07","Marietta, GA, US","Mixed (4.0)","Top Tier (Glassware)",4,"4th Place (No Award)","None","ABG woofboy & meowgirl","Tiff Ding","Peyton Stack"
"MRS Lexington | The Thoroughbred Cup","2025","2025-06-14","Lexington, KY, US","Open","Top Tier (Glassware)",1,"🍺 Pitcher (1st Place Glassware)","Pitcher","Itsy Bitsy Spider","Clifford Amadeo LeVeque","Ryan Marino"
"MRS Lexington | The Thoroughbred Cup","2025","2025-06-14","Lexington, KY, US","Open","Top Tier (Glassware)",2,"🍻 Tankard (2nd Place Glassware)","Tankard / Cup","Hoopers at Heart","Nick Evanko","Josiah McKinney"
"MRS Lexington | The Thoroughbred Cup","2025","2025-06-14","Lexington, KY, US","Open","Top Tier (Glassware)",3,"🥃 Shot Glass (3rd Place Glassware)","Shot Glass / Horn","Double Support Meta","Joe Duvic","Mike Hamilton"
"MRS Lexington | The Thoroughbred Cup","2025","2025-06-14","Lexington, KY, US","Open","Top Tier (Glassware)",4,"4th Place (No Award)","None","Cut serve cut serve cut serve","Izayah Gibson","Aleks Essen"
"PG Strawberry Days Major","2025","2025-06-14","Pleasant Grove, UT, US","3.0 Recreational","Top Tier (Glassware)",1,"🍺 Pitcher (1st Place Glassware)","Pitcher","Aceholes","Rex Atkinson","Ander Lovell"
"PG Strawberry Days Major","2025","2025-06-14","Pleasant Grove, UT, US","3.0 Recreational","Top Tier (Glassware)",2,"🍻 Tankard (2nd Place Glassware)","Tankard / Cup","Mean girls ","Max Hreinson","Kysen Weakley"
"PG Strawberry Days Major","2025","2025-06-14","Pleasant Grove, UT, US","3.0 Recreational","Top Tier (Glassware)",3,"🥃 Shot Glass (3rd Place Glassware)","Shot Glass / Horn","Picks Or It Didn’t Hagberg","Sabrina Pickering","Blake Hagberg"
"PG Strawberry Days Major","2025","2025-06-14","Pleasant Grove, UT, US","3.0 Recreational","Top Tier (Glassware)",4,"4th Place (No Award)","None","Limitless","Cody Hallam","Ernie Rodriguez"
"PG Strawberry Days Major","2025","2025-06-14","Pleasant Grove, UT, US","4.0 Advanced","Top Tier (Glassware)",1,"🍺 Pitcher (1st Place Glassware)","Pitcher"," Sigma Spikers","Jacob Shaw","TJ Sorbe"
"PG Strawberry Days Major","2025","2025-06-14","Pleasant Grove, UT, US","4.0 Advanced","Top Tier (Glassware)",2,"🍻 Tankard (2nd Place Glassware)","Tankard / Cup","Los Mamados","Ethan Gould","Luke Gonzalez"
"PG Strawberry Days Major","2025","2025-06-14","Pleasant Grove, UT, US","4.0 Advanced","Top Tier (Glassware)",3,"🥃 Shot Glass (3rd Place Glassware)","Shot Glass / Horn","Rim Reapers","Taylor Cutler","Scotty Cutler"
"PG Strawberry Days Major","2025","2025-06-14","Pleasant Grove, UT, US","4.0 Advanced","Top Tier (Glassware)",4,"4th Place (No Award)","None","FCL","Austin Connelly","Noah Brady"
"PG Strawberry Days Major","2025","2025-06-14","Pleasant Grove, UT, US","4.5 Elite","Top Tier (Glassware)",1,"🍺 Pitcher (1st Place Glassware)","Pitcher","Spikers Synonymous","Taylor Church","Tyler Stokes"
"PG Strawberry Days Major","2025","2025-06-14","Pleasant Grove, UT, US","4.5 Elite","Top Tier (Glassware)",2,"🍻 Tankard (2nd Place Glassware)","Tankard / Cup","Kylo Rem","Remi Prince","Kyler Cote"
"PG Strawberry Days Major","2025","2025-06-14","Pleasant Grove, UT, US","4.5 Elite","Top Tier (Glassware)",3,"🥃 Shot Glass (3rd Place Glassware)","Shot Glass / Horn","Super spikers","Joshua Balmforth","Christopher Marcusen"
"PG Strawberry Days Major","2025","2025-06-14","Pleasant Grove, UT, US","4.5 Elite","Top Tier (Glassware)",4,"4th Place (No Award)","None","Hot Pockets","Ian Morgan","Luke Cook"
"USAR Portland Sectionals Tournament","2025","2025-06-14","Aloha, OR, US","Open Premier/Bronze+","Top Tier (Glassware)",1,"🍺 Pitcher (1st Place Glassware)","Pitcher","Espinola/Woolley","Malachi Espinola","Jake Woolley"
"USAR Portland Sectionals Tournament","2025","2025-06-14","Aloha, OR, US","Open Premier/Bronze+","Top Tier (Glassware)",2,"🍻 Tankard (2nd Place Glassware)","Tankard / Cup","OstWieners","Erick Ostheimer","Conner Bradshaw"
"USAR Portland Sectionals Tournament","2025","2025-06-14","Aloha, OR, US","Open Premier/Bronze+","Top Tier (Glassware)",3,"🥃 Shot Glass (3rd Place Glassware)","Shot Glass / Horn","PSR S/T","Jason Small","Derek Tang"
"USAR Portland Sectionals Tournament","2025","2025-06-14","Aloha, OR, US","Open Premier/Bronze+","Top Tier (Glassware)",4,"4th Place (No Award)","None","What The Freak","Dallin James","Sam Clarke"
"USAR Portland Sectionals Tournament","2025","2025-06-14","Aloha, OR, US","Open Contender","Top Tier (Glassware)",1,"🍺 Pitcher (1st Place Glassware)","Pitcher","The North Remembers","Will Melhorn","Jensen Elsemore"
"USAR Portland Sectionals Tournament","2025","2025-06-14","Aloha, OR, US","Open Contender","Top Tier (Glassware)",2,"🍻 Tankard (2nd Place Glassware)","Tankard / Cup","Troy Bolten and Gabriella Montez","Spencer Smith","Mayo Costanza"
"USAR Portland Sectionals Tournament","2025","2025-06-14","Aloha, OR, US","Open Contender","Top Tier (Glassware)",3,"🥃 Shot Glass (3rd Place Glassware)","Shot Glass / Horn","hardstuck","Arthur Troncoso","Zachary Abas"
"USAR Portland Sectionals Tournament","2025","2025-06-14","Aloha, OR, US","Open Contender","Top Tier (Glassware)",4,"4th Place (No Award)","None","Unforgettable Feeling","Ethan Uecker","Timothy Bradshaw"
"USA Northeast Regionals","2025","2025-06-21","Marine Park Parking Lot, Brooklyn, NY, USA, NY, US","4.0 Open","Lower Division (Medals)",1,"🥇 Gold Medal","None","Maniacal","Manish Nagireddy","Michael Yung"
"USA Northeast Regionals","2025","2025-06-21","Marine Park Parking Lot, Brooklyn, NY, USA, NY, US","4.0 Open","Lower Division (Medals)",2,"🥈 Silver Medal","None","ddmf","Rishab Jain","Eric Tay"
"USA Northeast Regionals","2025","2025-06-21","Marine Park Parking Lot, Brooklyn, NY, USA, NY, US","4.0 Open","Lower Division (Medals)",3,"🥉 Bronze Medal","None","Locked","Matt Wallach","Andrew Nee"
"USA Northeast Regionals","2025","2025-06-21","Marine Park Parking Lot, Brooklyn, NY, USA, NY, US","4.0 Open","Lower Division (Medals)",4,"4th Place (No Award)","None","Deep enuff?","Amrit Hingorani","Eric Guan"
"USA Northeast Regionals","2025","2025-06-21","Marine Park Parking Lot, Brooklyn, NY, USA, NY, US","4.5+ Women's","Lower Division (Medals)",1,"🥇 Gold Medal","None","just want to be loved","Joanna Gould","Kalin Morgan"
"USA Northeast Regionals","2025","2025-06-21","Marine Park Parking Lot, Brooklyn, NY, USA, NY, US","4.5+ Women's","Lower Division (Medals)",2,"🥈 Silver Medal","None","Carry Set","Abigale Lamontagne","Malia Wanderer"
"USA Northeast Regionals","2025","2025-06-21","Marine Park Parking Lot, Brooklyn, NY, USA, NY, US","4.5+ Women's","Lower Division (Medals)",3,"🥉 Bronze Medal","None","Too old for this","Holly Yu","Karah Hui"
"USA Northeast Regionals","2025","2025-06-21","Marine Park Parking Lot, Brooklyn, NY, USA, NY, US","4.5+ Women's","Lower Division (Medals)",4,"4th Place (No Award)","None","Howdy Purrtners ","Tess Dolan","Tiff Ding"
"USA Northeast Regionals","2025","2025-06-21","Marine Park Parking Lot, Brooklyn, NY, USA, NY, US","2.0-3.0 Open Intermediate","Lower Division (Medals)",1,"🥇 Gold Medal","None","Kobe n Shaq","Dylan McLeer","Nick Zica"
"USA Northeast Regionals","2025","2025-06-21","Marine Park Parking Lot, Brooklyn, NY, USA, NY, US","2.0-3.0 Open Intermediate","Lower Division (Medals)",2,"🥈 Silver Medal","None","Empire Spikes Back","Jeremiah Knowles","Elijah Knowles"
"USA Northeast Regionals","2025","2025-06-21","Marine Park Parking Lot, Brooklyn, NY, USA, NY, US","2.0-3.0 Open Intermediate","Lower Division (Medals)",3,"🥉 Bronze Medal","None","Two Dudes, One Net ","Nicholas Puglisi","Dylan Rylander"
"USA Northeast Regionals","2025","2025-06-21","Marine Park Parking Lot, Brooklyn, NY, USA, NY, US","2.0-3.0 Open Intermediate","Lower Division (Medals)",4,"4th Place (No Award)","None","Rice n Beans","Ryan Sy","Dayron Santiago"
"USA Northeast Regionals","2025","2025-06-21","Marine Park Parking Lot, Brooklyn, NY, USA, NY, US","5.0 Open Bronze+","Lower Division (Medals)",1,"🥇 Gold Medal","None","Les Chiens","Etienne Cote","Will Picone"
"USA Northeast Regionals","2025","2025-06-21","Marine Park Parking Lot, Brooklyn, NY, USA, NY, US","5.0 Open Bronze+","Lower Division (Medals)",2,"🥈 Silver Medal","None","The Jew and the Gentile","Dan Abrams","Gabe Finocchi"
"USA Northeast Regionals","2025","2025-06-21","Marine Park Parking Lot, Brooklyn, NY, USA, NY, US","5.0 Open Bronze+","Lower Division (Medals)",3,"🥉 Bronze Medal","None","NEM Blind Bandits","Henry Pilliod","Sunny Gu"
"USA Northeast Regionals","2025","2025-06-21","Marine Park Parking Lot, Brooklyn, NY, USA, NY, US","5.0 Open Bronze+","Lower Division (Medals)",4,"4th Place (No Award)","None","Gross/Savage","Ben Savage","Ryan Gross"
"USAR Minneapolis Sectional 2025","2025","2025-06-28","Brooklyn Park, MN, US","Open Contender/Premier (4.0-5.0)","Top Tier (Glassware)",1,"🍺 Pitcher (1st Place Glassware)","Pitcher","The Diamond Dogs","Reid Pfutzenreuter","Bennett Anderson"
"USAR Minneapolis Sectional 2025","2025","2025-06-28","Brooklyn Park, MN, US","Open Contender/Premier (4.0-5.0)","Top Tier (Glassware)",2,"🍻 Tankard (2nd Place Glassware)","Tankard / Cup","Kula/Wood","Jackson Wood","Jared Kula"
"USAR Minneapolis Sectional 2025","2025","2025-06-28","Brooklyn Park, MN, US","Open Contender/Premier (4.0-5.0)","Top Tier (Glassware)",3,"🥃 Shot Glass (3rd Place Glassware)","Shot Glass / Horn","Deep Dive","Maciah Aldrich","Hayden Carlson"
"USAR Minneapolis Sectional 2025","2025","2025-06-28","Brooklyn Park, MN, US","Open Contender/Premier (4.0-5.0)","Top Tier (Glassware)",4,"4th Place (No Award)","None","Short Kings 👑","Jon Moe","Brady Van Straten"
"MRS/USAR Columbus Sectional/Co-Ed Weekend!","2025","2025-07-12","Columbus, OH, US","5.0 Premier/Bronze+","Lower Division (Medals)",1,"🥇 Gold Medal","None","Turf Burn","Kieran Rose","Kyle Fowler"
"MRS/USAR Columbus Sectional/Co-Ed Weekend!","2025","2025-07-12","Columbus, OH, US","5.0 Premier/Bronze+","Lower Division (Medals)",2,"🥈 Silver Medal","None","DPJ","Grayson M  Wills","Ryan Marino"
"MRS/USAR Columbus Sectional/Co-Ed Weekend!","2025","2025-07-12","Columbus, OH, US","5.0 Premier/Bronze+","Lower Division (Medals)",3,"🥉 Bronze Medal","None","Yackers ","Nick Evanko","Christian Bennett"
"MRS/USAR Columbus Sectional/Co-Ed Weekend!","2025","2025-07-12","Columbus, OH, US","5.0 Premier/Bronze+","Lower Division (Medals)",4,"4th Place (No Award)","None","FBD","Garrett Duncan","Jack Drouare"
"MRS/USAR Columbus Sectional/Co-Ed Weekend!","2025","2025-07-12","Columbus, OH, US","4.0 Contender","Lower Division (Medals)",1,"🥇 Gold Medal","None",".......kidding, kidding, kidding","Zach Carver","Kai Zafren"
"MRS/USAR Columbus Sectional/Co-Ed Weekend!","2025","2025-07-12","Columbus, OH, US","4.0 Contender","Lower Division (Medals)",2,"🥈 Silver Medal","None","Jobin's Fan Club","William White","Brock Lodato"
"MRS/USAR Columbus Sectional/Co-Ed Weekend!","2025","2025-07-12","Columbus, OH, US","4.0 Contender","Lower Division (Medals)",3,"🥉 Bronze Medal","None","Lil Booties","Ryland Holdren","Sean Santos"
"MRS/USAR Columbus Sectional/Co-Ed Weekend!","2025","2025-07-12","Columbus, OH, US","4.0 Contender","Lower Division (Medals)",4,"4th Place (No Award)","None","Micah/Sal","Micah Rawalt","Sal Guagenti"
"AF Steel Days Spike Major","2025","2025-07-12","American Fork, UT, US","4.5 Elite","Top Tier (Glassware)",1,"🍺 Pitcher (1st Place Glassware)","Pitcher","Depression, Cheez-Its, and Cargo Shorts","Garrett Carver","Taylor Church"
"AF Steel Days Spike Major","2025","2025-07-12","American Fork, UT, US","4.5 Elite","Top Tier (Glassware)",2,"🍻 Tankard (2nd Place Glassware)","Tankard / Cup","LER","Tyler Stokes","Kyler Cote"
"AF Steel Days Spike Major","2025","2025-07-12","American Fork, UT, US","4.5 Elite","Top Tier (Glassware)",3,"🥃 Shot Glass (3rd Place Glassware)","Shot Glass / Horn","Danielson & Mr. Miyagi","Daniel Feller","Bryant Karratti"
"AF Steel Days Spike Major","2025","2025-07-12","American Fork, UT, US","4.5 Elite","Top Tier (Glassware)",4,"4th Place (No Award)","None","Bowser & Joker mains","Lazarus Shettell","Alex Tamang"
"AF Steel Days Spike Major","2025","2025-07-12","American Fork, UT, US","3.0 Recreational","Top Tier (Glassware)",1,"🍺 Pitcher (1st Place Glassware)","Pitcher","Bingham/Wood","Nic Wood","Zachary Hayes Bingham"
"AF Steel Days Spike Major","2025","2025-07-12","American Fork, UT, US","3.0 Recreational","Top Tier (Glassware)",2,"🍻 Tankard (2nd Place Glassware)","Tankard / Cup","Chunky fellas","Jaxton Peterson","Andrew Peterson"
"AF Steel Days Spike Major","2025","2025-07-12","American Fork, UT, US","3.0 Recreational","Top Tier (Glassware)",3,"🥃 Shot Glass (3rd Place Glassware)","Shot Glass / Horn","Chu-Keet","Tanner Chamberlain","Scott Rasmussen"
"AF Steel Days Spike Major","2025","2025-07-12","American Fork, UT, US","3.0 Recreational","Top Tier (Glassware)",4,"4th Place (No Award)","None","Hot Shots","Brayden Nelson","Rylan Smith"
"USAR Midwest Regionals","2025","2025-07-19","Oak Brook, IL, US","5.0 Open Bronze+","Lower Division (Medals)",1,"🥇 Gold Medal","None","Rogue","Ryan Marino","Thomas Hamilton"
"USAR Midwest Regionals","2025","2025-07-19","Oak Brook, IL, US","5.0 Open Bronze+","Lower Division (Medals)",2,"🥈 Silver Medal","None","Abrams / Cote","Dan Abrams","Etienne Cote"
"USAR Midwest Regionals","2025","2025-07-19","Oak Brook, IL, US","5.0 Open Bronze+","Lower Division (Medals)",3,"🥉 Bronze Medal","None","J.A.R.V.I.S.","Connor Nelson","Josh Fragiacomo"
"USAR Midwest Regionals","2025","2025-07-19","Oak Brook, IL, US","5.0 Open Bronze+","Lower Division (Medals)",4,"4th Place (No Award)","None","East River Monsoon ","Kieran Rose","Henry Pilliod"
"USAR Midwest Regionals","2025","2025-07-19","Oak Brook, IL, US","4.5+ Women's","Lower Division (Medals)",1,"🥇 Gold Medal","None","Treacherous","Malia Wanderer","Kalin Morgan"
"USAR Midwest Regionals","2025","2025-07-19","Oak Brook, IL, US","4.5+ Women's","Lower Division (Medals)",2,"🥈 Silver Medal","None","Cat Daddies","Ali Jenki","Sarah Allen"
"USAR Midwest Regionals","2025","2025-07-19","Oak Brook, IL, US","4.5+ Women's","Lower Division (Medals)",3,"🥉 Bronze Medal","None","don't give a gaf","Katheleen Phan","Joanna Gould"
"USAR Midwest Regionals","2025","2025-07-19","Oak Brook, IL, US","4.5+ Women's","Lower Division (Medals)",4,"4th Place (No Award)","None","ellelowe sebmarine","Elle Lowe","Sebastiani Kim"
"USAR Midwest Regionals","2025","2025-07-19","Oak Brook, IL, US","4.0 Open","Lower Division (Medals)",1,"🥇 Gold Medal","None","Magenta Status","Ethan Ferland","Alex Luc"
"USAR Midwest Regionals","2025","2025-07-19","Oak Brook, IL, US","4.0 Open","Lower Division (Medals)",2,"🥈 Silver Medal","None","The Beans","Jackson Carpenter","Salvatore Guagenti"
"USAR Midwest Regionals","2025","2025-07-19","Oak Brook, IL, US","4.0 Open","Lower Division (Medals)",3,"🥉 Bronze Medal","None","Big Rotate","Jason Mcgrath","Isaiah Milgroom"
"USAR Midwest Regionals","2025","2025-07-19","Oak Brook, IL, US","4.0 Open","Lower Division (Medals)",4,"4th Place (No Award)","None","pickle juice enthusiasts","Tahseen Robbani","Andrew Perez"
"ERS MD - National Series Sectional","2025","2025-07-26","Western Regional Park, Carrs Mill Road, Cooksville, MD, USA, MD, US","4.0 Open Contender","Lower Division (Medals)",1,"🥇 Gold Medal","None","Fjord Tough","Henry Pleszkoch","Drew Weaver"
"ERS MD - National Series Sectional","2025","2025-07-26","Western Regional Park, Carrs Mill Road, Cooksville, MD, USA, MD, US","4.0 Open Contender","Lower Division (Medals)",2,"🥈 Silver Medal","None","Who? How??","Eddie Wu","Jerry Hao"
"ERS MD - National Series Sectional","2025","2025-07-26","Western Regional Park, Carrs Mill Road, Cooksville, MD, USA, MD, US","4.0 Open Contender","Lower Division (Medals)",3,"🥉 Bronze Medal","None","Rehanhatespickleball","Max Bird","Rehan Kabir"
"ERS MD - National Series Sectional","2025","2025-07-26","Western Regional Park, Carrs Mill Road, Cooksville, MD, USA, MD, US","4.0 Open Contender","Lower Division (Medals)",4,"4th Place (No Award)","None","Women Respecters","Mitchell Whelan","Sreesai Katiki"
"ERS MD - National Series Sectional","2025","2025-07-26","Western Regional Park, Carrs Mill Road, Cooksville, MD, USA, MD, US","4.0 Mixed Advanced [Sunday]","Lower Division (Medals)",1,"🥇 Gold Medal","None","Fowler/Phan","Kyle Fowler","Katheleen Phan"
"ERS MD - National Series Sectional","2025","2025-07-26","Western Regional Park, Carrs Mill Road, Cooksville, MD, USA, MD, US","4.0 Mixed Advanced [Sunday]","Lower Division (Medals)",2,"🥈 Silver Medal","None","brooks hates women","Brooks Weeks","Joanna Gould"
"ERS MD - National Series Sectional","2025","2025-07-26","Western Regional Park, Carrs Mill Road, Cooksville, MD, USA, MD, US","4.0 Mixed Advanced [Sunday]","Lower Division (Medals)",3,"🥉 Bronze Medal","None","1000 Reels Per Minute","Tiff Ding","Noah Elconin"
"ERS MD - National Series Sectional","2025","2025-07-26","Western Regional Park, Carrs Mill Road, Cooksville, MD, USA, MD, US","4.0 Mixed Advanced [Sunday]","Lower Division (Medals)",4,"4th Place (No Award)","None","Tapas","Dakota Wheeler","Charlotte Jones"
"ERS MD - National Series Sectional","2025","2025-07-26","Western Regional Park, Carrs Mill Road, Cooksville, MD, USA, MD, US","5.0 Open Bronze+","Lower Division (Medals)",1,"🥇 Gold Medal","None","NEM Seazonal","Jacob Summers","Zach Snover"
"ERS MD - National Series Sectional","2025","2025-07-26","Western Regional Park, Carrs Mill Road, Cooksville, MD, USA, MD, US","5.0 Open Bronze+","Lower Division (Medals)",2,"🥈 Silver Medal","None","Red Gluon Closure","Dan Abrams","Ryan Gross"
"ERS MD - National Series Sectional","2025","2025-07-26","Western Regional Park, Carrs Mill Road, Cooksville, MD, USA, MD, US","5.0 Open Bronze+","Lower Division (Medals)",3,"🥉 Bronze Medal","None","Risky Business","Justin Kehoe","Kyle Fowler"
"ERS MD - National Series Sectional","2025","2025-07-26","Western Regional Park, Carrs Mill Road, Cooksville, MD, USA, MD, US","5.0 Open Bronze+","Lower Division (Medals)",4,"4th Place (No Award)","None","Mr. Worldwide","John Buchanan","Polk Denmark"
"ILR State Championship 2025","2025","2025-08-02","St. Charles, IL, US","Expert(4.5+)12:40 Bracket","Top Tier (Glassware)",1,"🍺 Pitcher (1st Place Glassware)","Pitcher","Illuminasian","Neal Bergman","Paq Clifford"
"ILR State Championship 2025","2025","2025-08-02","St. Charles, IL, US","Expert(4.5+)12:40 Bracket","Top Tier (Glassware)",2,"🍻 Tankard (2nd Place Glassware)","Tankard / Cup","OGs","Chris Wilkins","Thomas Hamilton"
"ILR State Championship 2025","2025","2025-08-02","St. Charles, IL, US","Expert(4.5+)12:40 Bracket","Top Tier (Glassware)",3,"🥃 Shot Glass (3rd Place Glassware)","Shot Glass / Horn","Origin Ringer","Wyatt Semke","Kyle Fowler"
"ILR State Championship 2025","2025","2025-08-02","St. Charles, IL, US","Expert(4.5+)12:40 Bracket","Top Tier (Glassware)",4,"4th Place (No Award)","None","Matcha Boys","Nate von der Sitt","Jai Parera"
"CASR Norcal Regionals #2(USAR Sectional)","2025","2025-08-09","Cupertino, CA, US","5.0 Expert","Lower Division (Medals)",1,"🥇 Gold Medal","None","Dinomite","Charlie Camarena","Auriel Wish"
"CASR Norcal Regionals #2(USAR Sectional)","2025","2025-08-09","Cupertino, CA, US","5.0 Expert","Lower Division (Medals)",2,"🥈 Silver Medal","None","Nelson / Lowe","Elle Lowe","Connor Nelson"
"CASR Norcal Regionals #2(USAR Sectional)","2025","2025-08-09","Cupertino, CA, US","5.0 Expert","Lower Division (Medals)",3,"🥉 Bronze Medal","None","Charlie’s Angles","Noah Saddik","Sasha Mariniuk"
"CASR Norcal Regionals #2(USAR Sectional)","2025","2025-08-09","Cupertino, CA, US","5.0 Expert","Lower Division (Medals)",4,"4th Place (No Award)","None","Trojan Horse","Reece Greer","Devon Lee"
"CASR Norcal Regionals #2(USAR Sectional)","2025","2025-08-09","Cupertino, CA, US","4.5 Contender","Lower Division (Medals)",1,"🥇 Gold Medal","None","UC us in the finals","Hunter Koth","Jenner Lim"
"CASR Norcal Regionals #2(USAR Sectional)","2025","2025-08-09","Cupertino, CA, US","4.5 Contender","Lower Division (Medals)",2,"🥈 Silver Medal","None","CMU PREZS","Richard Ahn","Dorian Caporal"
"CASR Norcal Regionals #2(USAR Sectional)","2025","2025-08-09","Cupertino, CA, US","4.5 Contender","Lower Division (Medals)",3,"🥉 Bronze Medal","None","Tea time","Ricky Santiago","Cailley Biagini"
"CASR Norcal Regionals #2(USAR Sectional)","2025","2025-08-09","Cupertino, CA, US","4.5 Contender","Lower Division (Medals)",4,"4th Place (No Award)","None","Overcookers","Michael Ramsey","Eddie Wu"
"BANG! Livonia MRS/USAR Sectional","2025","2025-08-09","Livonia, MI, US","5.0 Premier/Bronze+","Top Tier (Glassware)",1,"🍺 Pitcher (1st Place Glassware)","Pitcher","Cwazy","Kyle Fowler","Emerson Dean"
"BANG! Livonia MRS/USAR Sectional","2025","2025-08-09","Livonia, MI, US","5.0 Premier/Bronze+","Top Tier (Glassware)",2,"🍻 Tankard (2nd Place Glassware)","Tankard / Cup","Rogue","Ryan Marino","Thomas Hamilton"
"BANG! Livonia MRS/USAR Sectional","2025","2025-08-09","Livonia, MI, US","5.0 Premier/Bronze+","Top Tier (Glassware)",3,"🥃 Shot Glass (3rd Place Glassware)","Shot Glass / Horn","Mystery Box","Kieran Rose","Aleks Essen"
"BANG! Livonia MRS/USAR Sectional","2025","2025-08-09","Livonia, MI, US","5.0 Premier/Bronze+","Top Tier (Glassware)",4,"4th Place (No Award)","None","ORTHODOX","Jack Bushart","Clifford Amadeo LeVeque"
"BANG! Livonia MRS/USAR Sectional","2025","2025-08-09","Livonia, MI, US","4.0 Contender","Top Tier (Glassware)",1,"🍺 Pitcher (1st Place Glassware)","Pitcher","MSU F team","Andrew Perez","Zach M"
"BANG! Livonia MRS/USAR Sectional","2025","2025-08-09","Livonia, MI, US","4.0 Contender","Top Tier (Glassware)",2,"🍻 Tankard (2nd Place Glassware)","Tankard / Cup","The Beans","Salvatore Guagenti","Jackson Carpenter"
"BANG! Livonia MRS/USAR Sectional","2025","2025-08-09","Livonia, MI, US","4.0 Contender","Top Tier (Glassware)",3,"🥃 Shot Glass (3rd Place Glassware)","Shot Glass / Horn","Blast double","Brendon Hanson","Tate Geiser"
"BANG! Livonia MRS/USAR Sectional","2025","2025-08-09","Livonia, MI, US","4.0 Contender","Top Tier (Glassware)",4,"4th Place (No Award)","None","Slammoed","Lance Markowitz","Nathan Warner"
"ERS New Jersey 2025 - USAR Sectional","2025","2025-08-16","Trenton, NJ, US","Contender 4.5+","Lower Division (Medals)",1,"🥇 Gold Medal","None","Diversified","Diego Lopez","Matthew Mesaros"
"ERS New Jersey 2025 - USAR Sectional","2025","2025-08-16","Trenton, NJ, US","Contender 4.5+","Lower Division (Medals)",2,"🥈 Silver Medal","None","Alfred Fingerbottom","Noah Malewicki","Samuel Panek"
"ERS New Jersey 2025 - USAR Sectional","2025","2025-08-16","Trenton, NJ, US","Contender 4.5+","Lower Division (Medals)",3,"🥉 Bronze Medal","None","Green","Lucas Hope","Connor Prelich"
"ERS New Jersey 2025 - USAR Sectional","2025","2025-08-16","Trenton, NJ, US","Contender 4.5+","Lower Division (Medals)",4,"4th Place (No Award)","None","Trying Our Best","Michael Nelson","Ethan Gabay"
"ERS New Jersey 2025 - USAR Sectional","2025","2025-08-16","Trenton, NJ, US","Open Bronze/Premier 5.0+","Lower Division (Medals)",1,"🥇 Gold Medal","None","Come & Go","Jake Mottershead","Mike Garrett"
"ERS New Jersey 2025 - USAR Sectional","2025","2025-08-16","Trenton, NJ, US","Open Bronze/Premier 5.0+","Lower Division (Medals)",2,"🥈 Silver Medal","None","LL Fairly Odd","Gabriel Finocchi","Matt Spolarich"
"ERS New Jersey 2025 - USAR Sectional","2025","2025-08-16","Trenton, NJ, US","Open Bronze/Premier 5.0+","Lower Division (Medals)",3,"🥉 Bronze Medal","None","Automatic","Alex Newton","Riley Nassour"
"ERS New Jersey 2025 - USAR Sectional","2025","2025-08-16","Trenton, NJ, US","Open Bronze/Premier 5.0+","Lower Division (Medals)",4,"4th Place (No Award)","None","the hardest part","Kevin Chen","Tomer Keren"
"USAR Mountain Regionals","2025","2025-08-16","Pleasant Grove, UT, US","5.0 Open Bronze+","Lower Division (Medals)",1,"🥇 Gold Medal","None","J.A.R.V.I.S.","Connor Nelson","Josh Fragiacomo"
"USAR Mountain Regionals","2025","2025-08-16","Pleasant Grove, UT, US","5.0 Open Bronze+","Lower Division (Medals)",2,"🥈 Silver Medal","None","Turf Burn","Kieran Rose","Kyle Fowler"
"USAR Mountain Regionals","2025","2025-08-16","Pleasant Grove, UT, US","5.0 Open Bronze+","Lower Division (Medals)",3,"🥉 Bronze Medal","None","The Diamond Dogs","Bennett Anderson","Reid Pfutzenreuter"
"USAR Mountain Regionals","2025","2025-08-16","Pleasant Grove, UT, US","5.0 Open Bronze+","Lower Division (Medals)",4,"4th Place (No Award)","None","200 Pump","Andrew Greer","Zach Snover"
"USAR Mountain Regionals","2025","2025-08-16","Pleasant Grove, UT, US","4.5+ Women's","Lower Division (Medals)",1,"🥇 Gold Medal","None","Capyballers","Ally Chou","Alex Veron"
"USAR Mountain Regionals","2025","2025-08-16","Pleasant Grove, UT, US","4.5+ Women's","Lower Division (Medals)",2,"🥈 Silver Medal","None","legen...DARY","Rachel Dolan","Ally Kula"
"USAR Mountain Regionals","2025","2025-08-16","Pleasant Grove, UT, US","4.5+ Women's","Lower Division (Medals)",3,"🥉 Bronze Medal","None","Swaggsters","Anne Marie Gibbs","Janalee Hatch"
"USAR Mountain Regionals","2025","2025-08-16","Pleasant Grove, UT, US","4.5+ Women's","Lower Division (Medals)",4,"4th Place (No Award)","None","Tater Tots","Lindy Westendorf","Nicol Gahley"
"USAR Mountain Regionals","2025","2025-08-16","Pleasant Grove, UT, US","4.0-4.5 Open (Contender)","Lower Division (Medals)",1,"🥇 Gold Medal","None","fastballs","Charlie Bratsman","Hunter Koth"
"USAR Mountain Regionals","2025","2025-08-16","Pleasant Grove, UT, US","4.0-4.5 Open (Contender)","Lower Division (Medals)",2,"🥈 Silver Medal","None","Level 0","Kody Price","Peter Barton"
"USAR Mountain Regionals","2025","2025-08-16","Pleasant Grove, UT, US","4.0-4.5 Open (Contender)","Lower Division (Medals)",3,"🥉 Bronze Medal","None","KC Pitmasters","Jamisen Wrinkle","Anil Patel"
"USAR Mountain Regionals","2025","2025-08-16","Pleasant Grove, UT, US","4.0-4.5 Open (Contender)","Lower Division (Medals)",4,"4th Place (No Award)","None","On One","William Fluckiger","Christopher Marcusen"
"USAR Boston Sectional 2025","2025","2025-08-23","Newton, MA, US","Open 5.0 (Bronze+/Premier)","Lower Division (Medals)",1,"🥇 Gold Medal","None","Suns N’ Roses ","Sunny Gu","Kieran Rose"
"USAR Boston Sectional 2025","2025","2025-08-23","Newton, MA, US","Open 5.0 (Bronze+/Premier)","Lower Division (Medals)",2,"🥈 Silver Medal","None","Crave","Andrew Nee","Sam Diani"
"USAR Boston Sectional 2025","2025","2025-08-23","Newton, MA, US","Open 5.0 (Bronze+/Premier)","Lower Division (Medals)",3,"🥉 Bronze Medal","None","Sweaty","Justin Shaytar","Alex Newton"
"USAR Boston Sectional 2025","2025","2025-08-23","Newton, MA, US","Open 5.0 (Bronze+/Premier)","Lower Division (Medals)",4,"4th Place (No Award)","None","Juicebox Guys","Andrew Greer","Henry Pilliod"
"USAR Boston Sectional 2025","2025","2025-08-23","Newton, MA, US","Mixed Advanced 4.0+ (Sunday)","Lower Division (Medals)",1,"🥇 Gold Medal","None","gale & gu","Sunny Gu","Abigale Lamontagne"
"USAR Boston Sectional 2025","2025","2025-08-23","Newton, MA, US","Mixed Advanced 4.0+ (Sunday)","Lower Division (Medals)",2,"🥈 Silver Medal","None","Go Fetch","Kyle Fowler","Tess Dolan"
"USAR Boston Sectional 2025","2025","2025-08-23","Newton, MA, US","Mixed Advanced 4.0+ (Sunday)","Lower Division (Medals)",3,"🥉 Bronze Medal","None","Style","Malia Wanderer","Henry Pilliod"
"USAR Boston Sectional 2025","2025","2025-08-23","Newton, MA, US","Mixed Advanced 4.0+ (Sunday)","Lower Division (Medals)",4,"4th Place (No Award)","None","Bananas","Katheleen Phan","Sam Diani"
"USAR Boston Sectional 2025","2025","2025-08-23","Newton, MA, US","Women's Advanced 4.5+","Lower Division (Medals)",1,"🥇 Gold Medal","None","JwanderinJ","Malia Wanderer","Jhanaj Quispe"
"USAR Boston Sectional 2025","2025","2025-08-23","Newton, MA, US","Women's Advanced 4.5+","Lower Division (Medals)",2,"🥈 Silver Medal","None","Jack and the Beanstalk","Tess Dolan","Abby Norris"
"USAR Boston Sectional 2025","2025","2025-08-23","Newton, MA, US","Women's Advanced 4.5+","Lower Division (Medals)",3,"🥉 Bronze Medal","None","That'll Play","Hannah Radell","Katheleen Phan"
"USAR Boston Sectional 2025","2025","2025-08-23","Newton, MA, US","Women's Advanced 4.5+","Lower Division (Medals)",4,"4th Place (No Award)","None","hordearii","Sabine Lucas","Karly Bigham"
"USAR Boston Sectional 2025","2025","2025-08-23","Newton, MA, US","Open 4.5+ (Contender)","Lower Division (Medals)",1,"🥇 Gold Medal","None","Justice league","Brendon Hanson","Lance Markowitz"
"USAR Boston Sectional 2025","2025","2025-08-23","Newton, MA, US","Open 4.5+ (Contender)","Lower Division (Medals)",2,"🥈 Silver Medal","None","Medical Intervention","Riyan Farhat","John Muirhead"
"USAR Boston Sectional 2025","2025","2025-08-23","Newton, MA, US","Open 4.5+ (Contender)","Lower Division (Medals)",3,"🥉 Bronze Medal","None","Freak n' Tweak","Sreesai Katiki","Samuel Panek"
"USAR Boston Sectional 2025","2025","2025-08-23","Newton, MA, US","Open 4.5+ (Contender)","Lower Division (Medals)",4,"4th Place (No Award)","None","Big Rotate","Isaiah Milgroom","Jason Mcgrath"
"USAR Boston Sectional 2025","2025","2025-08-23","Newton, MA, US","Open 3.0-4.0 (Intermediate/Advanced)","Lower Division (Medals)",1,"🥇 Gold Medal","None","👍👍","Andrew Ekren","Francis DeWander"
"USAR Boston Sectional 2025","2025","2025-08-23","Newton, MA, US","Open 3.0-4.0 (Intermediate/Advanced)","Lower Division (Medals)",2,"🥈 Silver Medal","None","R Squared","Ryan Kennedy","Ryan Rich"
"USAR Boston Sectional 2025","2025","2025-08-23","Newton, MA, US","Open 3.0-4.0 (Intermediate/Advanced)","Lower Division (Medals)",3,"🥉 Bronze Medal","None","Parakeet Y","Dante Uccello","Nick Richardson"
"USAR Boston Sectional 2025","2025","2025-08-23","Newton, MA, US","Open 3.0-4.0 (Intermediate/Advanced)","Lower Division (Medals)",4,"4th Place (No Award)","None","Rim Reapers","Alex West","Jonathan Hwa"
"CASR Vinetown Spikedown(Adventure Tournament)","2025","2025-09-05","Paso Robles, CA, US","Main Division","Top Tier (Glassware)",1,"🍺 Pitcher (1st Place Glassware)","Pitcher","Elle's Lovers","Joelle Nguyen","Connor Nelson"
"CASR Vinetown Spikedown(Adventure Tournament)","2025","2025-09-05","Paso Robles, CA, US","Main Division","Top Tier (Glassware)",2,"🍻 Tankard (2nd Place Glassware)","Tankard / Cup","Kryan at the Klub","Ryan Oswalt","Karah Hui"
"CASR Vinetown Spikedown(Adventure Tournament)","2025","2025-09-05","Paso Robles, CA, US","Main Division","Top Tier (Glassware)",3,"🥃 Shot Glass (3rd Place Glassware)","Shot Glass / Horn","Agatha Tamers","Schon Siguenza","Trevor Barbosa"
"CASR Vinetown Spikedown(Adventure Tournament)","2025","2025-09-05","Paso Robles, CA, US","Main Division","Top Tier (Glassware)",3,"🥃 Shot Glass (3rd Place Glassware)","Shot Glass / Horn","L Reece","Reece Greer","Elle Lowe"
"MRS Championship/MRS Co-Ed Championship 2025","2025","2025-09-13","Columbus, OH, US","5.0 Premier/Bronze+","Lower Division (Medals)",1,"🥇 Gold Medal","None","Limitless","Ryan Marino","Aleks Essen"
"MRS Championship/MRS Co-Ed Championship 2025","2025","2025-09-13","Columbus, OH, US","5.0 Premier/Bronze+","Lower Division (Medals)",2,"🥈 Silver Medal","None","FreeELO","Clifford Amadeo LeVeque","Nick Evanko"
"MRS Championship/MRS Co-Ed Championship 2025","2025","2025-09-13","Columbus, OH, US","5.0 Premier/Bronze+","Lower Division (Medals)",3,"🥉 Bronze Medal","None","Boomstick McDoom","Jackson Wood","Taaron Rudzitis"
"MRS Championship/MRS Co-Ed Championship 2025","2025","2025-09-13","Columbus, OH, US","5.0 Premier/Bronze+","Lower Division (Medals)",4,"4th Place (No Award)","None","Cumboblatted ","Justin Barr","Tim Lacagnina"
"MRS Championship/MRS Co-Ed Championship 2025","2025","2025-09-13","Columbus, OH, US","4.0 Contender","Lower Division (Medals)",1,"🥇 Gold Medal","None","The Beans","Jackson Carpenter","Salvatore Guagenti"
"MRS Championship/MRS Co-Ed Championship 2025","2025","2025-09-13","Columbus, OH, US","4.0 Contender","Lower Division (Medals)",2,"🥈 Silver Medal","None","Short n Skinny","Nathan Warner","Gio DeBlasi"
"MRS Championship/MRS Co-Ed Championship 2025","2025","2025-09-13","Columbus, OH, US","4.0 Contender","Lower Division (Medals)",3,"🥉 Bronze Medal","None","New kids on the block","Tommy Richard","Daniel Gutierrez"
"MRS Championship/MRS Co-Ed Championship 2025","2025","2025-09-13","Columbus, OH, US","4.0 Contender","Lower Division (Medals)",4,"4th Place (No Award)","None","Comeback Cats","Henry Cheung","Liam Arnold"
"Smoothie King Cup 2025 - USAR Sectional - ERS Major","2025","2025-09-13","Albany, NY, US","Open Premier/Bronze+","Top Tier (Glassware)",1,"🍺 Pitcher (1st Place Glassware)","Pitcher","Profit Boost","Justin Shaytar","Kieran Rose"
"Smoothie King Cup 2025 - USAR Sectional - ERS Major","2025","2025-09-13","Albany, NY, US","Open Premier/Bronze+","Top Tier (Glassware)",2,"🍻 Tankard (2nd Place Glassware)","Tankard / Cup","Big Blind","Henry Pilliod","Tyler Fernandez"
"Smoothie King Cup 2025 - USAR Sectional - ERS Major","2025","2025-09-13","Albany, NY, US","Open Premier/Bronze+","Top Tier (Glassware)",3,"🥃 Shot Glass (3rd Place Glassware)","Shot Glass / Horn","tich","Sunny Gu","Sam Diani"
"Smoothie King Cup 2025 - USAR Sectional - ERS Major","2025","2025-09-13","Albany, NY, US","Open Premier/Bronze+","Top Tier (Glassware)",4,"4th Place (No Award)","None","Risk","Jackson Biggs","Andrew Nee"
"Smoothie King Cup 2025 - USAR Sectional - ERS Major","2025","2025-09-13","Albany, NY, US","2.0-3.0 Open/Intermediate","Top Tier (Glassware)",1,"🍺 Pitcher (1st Place Glassware)","Pitcher","Fusion","Magnuss Clouser","Patrick Guildner"
"Smoothie King Cup 2025 - USAR Sectional - ERS Major","2025","2025-09-13","Albany, NY, US","2.0-3.0 Open/Intermediate","Top Tier (Glassware)",2,"🍻 Tankard (2nd Place Glassware)","Tankard / Cup","Trash a Burgle","Lydia Andusko","Brian Rooney"
"Smoothie King Cup 2025 - USAR Sectional - ERS Major","2025","2025-09-13","Albany, NY, US","2.0-3.0 Open/Intermediate","Top Tier (Glassware)",3,"🥃 Shot Glass (3rd Place Glassware)","Shot Glass / Horn","Slim Pickens","Max Cavallaro","Evan Kaskawits"
"Smoothie King Cup 2025 - USAR Sectional - ERS Major","2025","2025-09-13","Albany, NY, US","2.0-3.0 Open/Intermediate","Top Tier (Glassware)",4,"4th Place (No Award)","None","Booty bandit","Alec Mauro","Joshua Scaria"
"Smoothie King Cup 2025 - USAR Sectional - ERS Major","2025","2025-09-13","Albany, NY, US","4.0-4.5 Open/Contender","Top Tier (Glassware)",1,"🍺 Pitcher (1st Place Glassware)","Pitcher","Tiongko","Vince Hackl","Maxwell Riseman"
"Smoothie King Cup 2025 - USAR Sectional - ERS Major","2025","2025-09-13","Albany, NY, US","4.0-4.5 Open/Contender","Top Tier (Glassware)",2,"🍻 Tankard (2nd Place Glassware)","Tankard / Cup","Control Freaks","Abigale Lamontagne","Mitchell Whelan"
"Smoothie King Cup 2025 - USAR Sectional - ERS Major","2025","2025-09-13","Albany, NY, US","4.0-4.5 Open/Contender","Top Tier (Glassware)",3,"🥃 Shot Glass (3rd Place Glassware)","Shot Glass / Horn","IZAK & GEORGE :P","george reagan","izak krajeski"
"Smoothie King Cup 2025 - USAR Sectional - ERS Major","2025","2025-09-13","Albany, NY, US","4.0-4.5 Open/Contender","Top Tier (Glassware)",4,"4th Place (No Award)","None","tbd","Scotty McCabe","Noah Malewicki"
"Smoothie King Cup 2025 - USAR Sectional - ERS Major","2025","2025-09-13","Albany, NY, US","Sunday Mixed","Top Tier (Glassware)",1,"🍺 Pitcher (1st Place Glassware)","Pitcher","Look at the Ball","Mike Hamilton","Kelsey Higgins"
"Smoothie King Cup 2025 - USAR Sectional - ERS Major","2025","2025-09-13","Albany, NY, US","Sunday Mixed","Top Tier (Glassware)",2,"🍻 Tankard (2nd Place Glassware)","Tankard / Cup","Dirty Dan & Pinhead Larry","Erin Riley","Daniel Krupp"
"Smoothie King Cup 2025 - USAR Sectional - ERS Major","2025","2025-09-13","Albany, NY, US","Sunday Mixed","Top Tier (Glassware)",3,"🥃 Shot Glass (3rd Place Glassware)","Shot Glass / Horn","Future CPAs 👩‍💼 👨‍💼 ","Megan Dwire","Spencer James"
"Smoothie King Cup 2025 - USAR Sectional - ERS Major","2025","2025-09-13","Albany, NY, US","Sunday Mixed","Top Tier (Glassware)",4,"4th Place (No Award)","None","🎲 Up","emily stewart","Dylan McLeer"
"USAR Sectional","2025","2025-09-13","Fort Collins, CO, US","Open Bronze (5.0+)","Top Tier (Glassware)",1,"🍺 Pitcher (1st Place Glassware)","Pitcher","Maggies' Angels","Brandon Spector","Andre Reynolds"
"USAR Sectional","2025","2025-09-13","Fort Collins, CO, US","Open Bronze (5.0+)","Top Tier (Glassware)",2,"🍻 Tankard (2nd Place Glassware)","Tankard / Cup","Flow state","Daniel Champlin","Jake ‏Babbitt"
"USAR Sectional","2025","2025-09-13","Fort Collins, CO, US","Open Bronze (5.0+)","Top Tier (Glassware)",3,"🥃 Shot Glass (3rd Place Glassware)","Shot Glass / Horn","Team Fwango 3.0","Zack Duffy","Milo Guffey"
"USAR Sectional","2025","2025-09-13","Fort Collins, CO, US","Open Bronze (5.0+)","Top Tier (Glassware)",4,"4th Place (No Award)","None","Irrational","Connor Larsen","Dalee Young"
"USAR Sectional","2025","2025-09-13","Fort Collins, CO, US","Open Contender (4.0-4.5)","Top Tier (Glassware)",1,"🍺 Pitcher (1st Place Glassware)","Pitcher","Medical Assistance","Jack Wallace","Nick Ragan"
"USAR Sectional","2025","2025-09-13","Fort Collins, CO, US","Open Contender (4.0-4.5)","Top Tier (Glassware)",2,"🍻 Tankard (2nd Place Glassware)","Tankard / Cup","JB(&)L","Jack Barland","Justin Lim"
"USAR Sectional","2025","2025-09-13","Fort Collins, CO, US","Open Contender (4.0-4.5)","Top Tier (Glassware)",3,"🥃 Shot Glass (3rd Place Glassware)","Shot Glass / Horn","Spike it or not","John Huntoon","David Ahnfeldt"
"US Roundnet National Championship","2025","2025-10-04","Baltimore, MD, US","3.0-3.5 Open Intermediate-Advanced","Lower Division (Medals)",1,"🥇 Gold Medal","None","Testudo's dream","Caden Unger","Joseph Kunitz"
"US Roundnet National Championship","2025","2025-10-04","Baltimore, MD, US","3.0-3.5 Open Intermediate-Advanced","Lower Division (Medals)",2,"🥈 Silver Medal","None","6238","Joseph Vaisman","Ryan Cheriathundam"
"US Roundnet National Championship","2025","2025-10-04","Baltimore, MD, US","3.0-3.5 Open Intermediate-Advanced","Lower Division (Medals)",3,"🥉 Bronze Medal","None","Ricky Bobby","Ronin Harper","david riedel"
"US Roundnet National Championship","2025","2025-10-04","Baltimore, MD, US","3.0-3.5 Open Intermediate-Advanced","Lower Division (Medals)",4,"4th Place (No Award)","None","Fwangloooww","Lindsey Johanson","Grayson Szarko-Berkhout"
"US Roundnet National Championship","2025","2025-10-04","Baltimore, MD, US","4.0 Women's Advanced","Lower Division (Medals)",1,"🥇 Gold Medal","None","Throw Net","Abby Norris","Maddie Johnston"
"US Roundnet National Championship","2025","2025-10-04","Baltimore, MD, US","4.0 Women's Advanced","Lower Division (Medals)",2,"🥈 Silver Medal","None","the riffraff","Hannah Radell","Christina Nikas"
"US Roundnet National Championship","2025","2025-10-04","Baltimore, MD, US","4.0 Women's Advanced","Lower Division (Medals)",3,"🥉 Bronze Medal","None","Gobby Girls","Jordan Hemmen","Sara Bradshaw"
"US Roundnet National Championship","2025","2025-10-04","Baltimore, MD, US","4.0 Women's Advanced","Lower Division (Medals)",4,"4th Place (No Award)","None","Bite Me Up","Bel Belvedere","Rosie Craven"
"US Roundnet National Championship","2025","2025-10-04","Baltimore, MD, US","4.5 Open Bronze+","Lower Division (Medals)",1,"🥇 Gold Medal","None","Charlie’s Make A Wish Adventure ","Charlie Bratsman","Xande Plaisted"
"US Roundnet National Championship","2025","2025-10-04","Baltimore, MD, US","4.5 Open Bronze+","Lower Division (Medals)",2,"🥈 Silver Medal","None","who.the.flick?","Taaron Rudzitis","Joren Rudzitis"
"US Roundnet National Championship","2025","2025-10-04","Baltimore, MD, US","4.5 Open Bronze+","Lower Division (Medals)",3,"🥉 Bronze Medal","None","Right Hand Rule","Tripp Griffith","Eric Guan"
"US Roundnet National Championship","2025","2025-10-04","Baltimore, MD, US","4.5 Open Bronze+","Lower Division (Medals)",4,"4th Place (No Award)","None","VB⚡️NJ","James Mitchum","Demitri Forand"
"US Roundnet National Championship","2025","2025-10-04","Baltimore, MD, US","5.0 Open Silver+","Lower Division (Medals)",1,"🥇 Gold Medal","None","Centros","Jaxon Gonzalez","Jon Esposo"
"US Roundnet National Championship","2025","2025-10-04","Baltimore, MD, US","5.0 Open Silver+","Lower Division (Medals)",2,"🥈 Silver Medal","None","Inspection","Jake Dooley","John Buchanan"
"US Roundnet National Championship","2025","2025-10-04","Baltimore, MD, US","5.0 Open Silver+","Lower Division (Medals)",3,"🥉 Bronze Medal","None","Screaming Goats","Sean Caufield","Kurt Lannetti"
"US Roundnet National Championship","2025","2025-10-04","Baltimore, MD, US","5.0 Open Silver+","Lower Division (Medals)",4,"4th Place (No Award)","None","Slow Jamz","Isaac Mixon","Andrew Yancey"
"US Roundnet National Championship","2025","2025-10-04","Baltimore, MD, US","6.0 Women's Pro","Lower Division (Medals)",1,"🥇 Gold Medal","None","ABG Scale Theory","Karah Hui","Elle Lowe"
"US Roundnet National Championship","2025","2025-10-04","Baltimore, MD, US","6.0 Women's Pro","Lower Division (Medals)",2,"🥈 Silver Medal","None","don't give a gaf","Joanna Gould","Katheleen Phan"
"US Roundnet National Championship","2025","2025-10-04","Baltimore, MD, US","6.0 Women's Pro","Lower Division (Medals)",3,"🥉 Bronze Medal","None","11:1","Julia Timan","Kalin Morgan"
"US Roundnet National Championship","2025","2025-10-04","Baltimore, MD, US","6.0 Women's Pro","Lower Division (Medals)",4,"4th Place (No Award)","None","meowdy purrtners😸🤠","Tiff Ding","Tess Dolan"
"US Roundnet National Championship","2025","2025-10-04","Baltimore, MD, US","6.0 Open Pro","Lower Division (Medals)",1,"🥇 Gold Medal","None","Rogue","Thomas Hamilton","Ryan Marino"
"US Roundnet National Championship","2025","2025-10-04","Baltimore, MD, US","6.0 Open Pro","Lower Division (Medals)",2,"🥈 Silver Medal","None","Drawing Dead","Tyler Fernandez","Kieran Rose"
"US Roundnet National Championship","2025","2025-10-04","Baltimore, MD, US","6.0 Open Pro","Lower Division (Medals)",3,"🥉 Bronze Medal","None","J.A.R.V.I.S.","Connor Nelson","Josh Fragiacomo"
"US Roundnet National Championship","2025","2025-10-04","Baltimore, MD, US","6.0 Open Pro","Lower Division (Medals)",3,"🥉 Bronze Medal","None","Party Fowl","Kyle Fowler","Cole Maddox"
"US Roundnet National Championship","2025","2025-10-04","Baltimore, MD, US","4.5+ Mixed Bronze+ [Sunday]","Lower Division (Medals)",1,"🥇 Gold Medal","None","20 toes down(with some touching!)","Grant Marshall","Tiff Ding"
"US Roundnet National Championship","2025","2025-10-04","Baltimore, MD, US","4.5+ Mixed Bronze+ [Sunday]","Lower Division (Medals)",2,"🥈 Silver Medal","None","sendy","Drew Ryder","Rosie Craven"
"US Roundnet National Championship","2025","2025-10-04","Baltimore, MD, US","4.5+ Mixed Bronze+ [Sunday]","Lower Division (Medals)",3,"🥉 Bronze Medal","None","Redacted","Matt Wallach","Liliko Uchida"
"US Roundnet National Championship","2025","2025-10-04","Baltimore, MD, US","4.5+ Mixed Bronze+ [Sunday]","Lower Division (Medals)",4,"4th Place (No Award)","None","Duck Duck Goose","Caedon Gibson","Hui Ying Stradiot"
"US Roundnet National Championship","2025","2025-10-04","Baltimore, MD, US","6.0 Mixed Pro [Sunday]","Lower Division (Medals)",1,"🥇 Gold Medal","None","Nelson / Lowe","Elle Lowe","Connor Nelson"
"US Roundnet National Championship","2025","2025-10-04","Baltimore, MD, US","6.0 Mixed Pro [Sunday]","Lower Division (Medals)",2,"🥈 Silver Medal","None","Bostimoreans","Malia Wanderer","Ryan Gross"
"US Roundnet National Championship","2025","2025-10-04","Baltimore, MD, US","6.0 Mixed Pro [Sunday]","Lower Division (Medals)",3,"🥉 Bronze Medal","None","Picone/Phan","Will Picone","Katheleen Phan"
"US Roundnet National Championship","2025","2025-10-04","Baltimore, MD, US","6.0 Mixed Pro [Sunday]","Lower Division (Medals)",4,"4th Place (No Award)","None","Love of Holly’s Life & Kieran","Kieran Rose","Karah Hui"
"US Roundnet National Championship","2025","2025-10-04","Baltimore, MD, US","4.0 Open (Contender)","Lower Division (Medals)",1,"🥇 Gold Medal","None","🥇 Come, 1st Serve","Evan Liao","Caedon Gibson"
"US Roundnet National Championship","2025","2025-10-04","Baltimore, MD, US","4.0 Open (Contender)","Lower Division (Medals)",2,"🥈 Silver Medal","None","Washed premier","Hayden Goedert","Joseph Yu"
"US Roundnet National Championship","2025","2025-10-04","Baltimore, MD, US","4.0 Open (Contender)","Lower Division (Medals)",3,"🥉 Bronze Medal","None","Gentle Servers","Ryan Lacilla","Brooks Weeks"
"US Roundnet National Championship","2025","2025-10-04","Baltimore, MD, US","4.0 Open (Contender)","Lower Division (Medals)",3,"🥉 Bronze Medal","None","Balls to the Walls","Zach Young","James Pollock"
"2025 Utah Championships","2025","2025-10-11","American Fork, UT, US","4.5 Elite","Top Tier (Glassware)",1,"🍺 Pitcher (1st Place Glassware)","Pitcher","The 4 Tempers","Garrett Carver","Taylor Church"
"2025 Utah Championships","2025","2025-10-11","American Fork, UT, US","4.5 Elite","Top Tier (Glassware)",2,"🍻 Tankard (2nd Place Glassware)","Tankard / Cup","Bucketeers","Trevor Zaleski","Matt Barlow"
"2025 Utah Championships","2025","2025-10-11","American Fork, UT, US","4.5 Elite","Top Tier (Glassware)",3,"🥃 Shot Glass (3rd Place Glassware)","Shot Glass / Horn","Focus","Zachary Frisch","Xande Plaisted"
"2025 Utah Championships","2025","2025-10-11","American Fork, UT, US","4.5 Elite","Top Tier (Glassware)",4,"4th Place (No Award)","None","Peter Pan and Captain Cook","Peter Barton","Luke Cook"
"2025 Utah Championships","2025","2025-10-11","American Fork, UT, US","4.0 Advanced","Top Tier (Glassware)",1,"🍺 Pitcher (1st Place Glassware)","Pitcher","Netchix","Anne Marie Gibbs","June Cazier"
"2025 Utah Championships","2025","2025-10-11","American Fork, UT, US","4.0 Advanced","Top Tier (Glassware)",2,"🍻 Tankard (2nd Place Glassware)","Tankard / Cup","The Empire Spikes Back","Justin Tobin","Ben Hansen"
"2025 Utah Championships","2025","2025-10-11","American Fork, UT, US","4.0 Advanced","Top Tier (Glassware)",3,"🥃 Shot Glass (3rd Place Glassware)","Shot Glass / Horn","Ball Blasters","Houston Finch","Cooper Johnson"
"2025 Utah Championships","2025","2025-10-11","American Fork, UT, US","4.0 Advanced","Top Tier (Glassware)",4,"4th Place (No Award)","None","Corbin / Jax","Corbin Cote","Jaxton Peterson"
"CASR SLO Regionals #3","2025","2025-11-01","San Luis Obispo, CA, US","4.5 Contender","Lower Division (Medals)",1,"🥇 Gold Medal","None","ULTRON","Alexander Bloomer","Theo Maiorca"
"CASR SLO Regionals #3","2025","2025-11-01","San Luis Obispo, CA, US","4.5 Contender","Lower Division (Medals)",2,"🥈 Silver Medal","None","Jake Wannabes","YONAH LIGHT","Liam Martinez"
"CASR SLO Regionals #3","2025","2025-11-01","San Luis Obispo, CA, US","4.5 Contender","Lower Division (Medals)",3,"🥉 Bronze Medal","None","Spandex Lamb Tube","Ethan Kwok","Jake Eichenseer"
"CASR SLO Regionals #3","2025","2025-11-01","San Luis Obispo, CA, US","4.5 Contender","Lower Division (Medals)",4,"4th Place (No Award)","None","Cooper Carries","Blake Kasama","Cooper Patcheak"
"CASR SLO Regionals #3","2025","2025-11-01","San Luis Obispo, CA, US","5.0 Expert","Lower Division (Medals)",1,"🥇 Gold Medal","None","Utinni!","Jake Woolley","Reece Greer"
"CASR SLO Regionals #3","2025","2025-11-01","San Luis Obispo, CA, US","5.0 Expert","Lower Division (Medals)",2,"🥈 Silver Medal","None","We put our girlfriends before roundnet","Alec Galbo","Connor Nelson"
"CASR SLO Regionals #3","2025","2025-11-01","San Luis Obispo, CA, US","5.0 Expert","Lower Division (Medals)",3,"🥉 Bronze Medal","None","Guachos","Josh Fragiacomo","Ryan Oswalt"
"CASR SLO Regionals #3","2025","2025-11-01","San Luis Obispo, CA, US","5.0 Expert","Lower Division (Medals)",4,"4th Place (No Award)","None","Anything But Roundnet","Trevor Barbosa","Luke Pennington"
"PRA Halloween Tournament","2025","2025-11-01","Marietta, GA, US","Expert","Lower Division (Medals)",1,"🥇 Gold Medal","None","Clifford/Yancey","Paq Clifford","Andrew Yancey"
"PRA Halloween Tournament","2025","2025-11-01","Marietta, GA, US","Expert","Lower Division (Medals)",2,"🥈 Silver Medal","None","Bergman/Fowler","Kyle Fowler","Neal Bergman"
"PRA Halloween Tournament","2025","2025-11-01","Marietta, GA, US","Expert","Lower Division (Medals)",3,"🥉 Bronze Medal","None","Hunny Jar","Peyton Stack","Ben Savage"
"PRA Halloween Tournament","2025","2025-11-01","Marietta, GA, US","Expert","Lower Division (Medals)",4,"4th Place (No Award)","None","History Buff","Ben Landes","Blake Van Den Top"
"PRA Halloween Tournament","2025","2025-11-01","Marietta, GA, US","Contender","Lower Division (Medals)",1,"🥇 Gold Medal","None","Justin/Sean","Sean Santos","Justin Ah Chow"
"PRA Halloween Tournament","2025","2025-11-01","Marietta, GA, US","Contender","Lower Division (Medals)",2,"🥈 Silver Medal","None","Oval Office","Will Blass","Anthony Schenk"
"PRA Halloween Tournament","2025","2025-11-01","Marietta, GA, US","Contender","Lower Division (Medals)",3,"🥉 Bronze Medal","None","Survivors","Hudson Powers","Zeke Beckford"
"PRA Halloween Tournament","2025","2025-11-01","Marietta, GA, US","Contender","Lower Division (Medals)",4,"4th Place (No Award)","None","Cowabunga 🤙🏼","Parker Mckinney","Connar Kloehn"
"USA vs Canada Championship","2025","2025-11-08","Buffalo, NY, US","Open 2.0-3.0","Top Tier (Glassware)",1,"🍺 Pitcher (1st Place Glassware)","Pitcher","Thing 1 and thing 2","Alejandro Serna","Daniel Ospina"
"USA vs Canada Championship","2025","2025-11-08","Buffalo, NY, US","Open 2.0-3.0","Top Tier (Glassware)",2,"🍻 Tankard (2nd Place Glassware)","Tankard / Cup","Here to Slay ","Emma Wosik","Anjali Patel"
"USA vs Canada Championship","2025","2025-11-08","Buffalo, NY, US","Open 2.0-3.0","Top Tier (Glassware)",3,"🥃 Shot Glass (3rd Place Glassware)","Shot Glass / Horn","Caged Beast Mode","Luca Benanti","Michael Giordano"
"USA vs Canada Championship","2025","2025-11-08","Buffalo, NY, US","Open 2.0-3.0","Top Tier (Glassware)",4,"4th Place (No Award)","None","Scotchies ","Mason Hansen","katie evans"
"USA vs Canada Championship","2025","2025-11-08","Buffalo, NY, US","Open 4.0-4.5","Top Tier (Glassware)",1,"🍺 Pitcher (1st Place Glassware)","Pitcher","Unc and Unccer","Nic Albornoz","Spencer Argenna"
"USA vs Canada Championship","2025","2025-11-08","Buffalo, NY, US","Open 4.0-4.5","Top Tier (Glassware)",2,"🍻 Tankard (2nd Place Glassware)","Tankard / Cup","ｃｕｔｔｌｅｆｉｓｈ 🐙","Tim Yip","Richard Lam"
"USA vs Canada Championship","2025","2025-11-08","Buffalo, NY, US","Open 4.0-4.5","Top Tier (Glassware)",3,"🥃 Shot Glass (3rd Place Glassware)","Shot Glass / Horn","evdeenio","Evan Leatherbarrow","Alden Nash"
"USA vs Canada Championship","2025","2025-11-08","Buffalo, NY, US","Open 4.0-4.5","Top Tier (Glassware)",4,"4th Place (No Award)","None","Vallée/Lapointe-Roy","Laurence Vallée","Adele Lapointe-Roy"
"USA vs Canada Championship","2025","2025-11-08","Buffalo, NY, US","Open 5.0+","Top Tier (Glassware)",1,"🍺 Pitcher (1st Place Glassware)","Pitcher","Nelly Shuffle","Connor Nelson","Tyler Fernandez"
"USA vs Canada Championship","2025","2025-11-08","Buffalo, NY, US","Open 5.0+","Top Tier (Glassware)",2,"🍻 Tankard (2nd Place Glassware)","Tankard / Cup","Numb","Paq Clifford","Kieran Rose"
"USA vs Canada Championship","2025","2025-11-08","Buffalo, NY, US","Open 5.0+","Top Tier (Glassware)",3,"🥃 Shot Glass (3rd Place Glassware)","Shot Glass / Horn","Gimme Boys","Maxime Prince","Guillaume Bilodeau"
"USA vs Canada Championship","2025","2025-11-08","Buffalo, NY, US","Open 5.0+","Top Tier (Glassware)",3,"🥃 Shot Glass (3rd Place Glassware)","Shot Glass / Horn","Extra","Emerson Dean","Jé Gagnon"
"California State Final","2025","2025-12-06","Riverside, CA, US","4.5 Womens Division","Lower Division (Medals)",1,"🥇 Gold Medal","None","ellelowe sebmarine","Sebastiani Kim","Elle Lowe"
"California State Final","2025","2025-12-06","Riverside, CA, US","4.5 Womens Division","Lower Division (Medals)",2,"🥈 Silver Medal","None","Karazy rAllies","Ally Chou","Karah Hui"
"California State Final","2025","2025-12-06","Riverside, CA, US","4.5 Womens Division","Lower Division (Medals)",3,"🥉 Bronze Medal","None","The West Spegg","Joelle Nguyen","Sarah Allen"
"California State Final","2025","2025-12-06","Riverside, CA, US","4.5 Womens Division","Lower Division (Medals)",4,"4th Place (No Award)","None","pekpek divers","Cynthia Zhang","Karly Bigham"
"California State Final","2025","2025-12-06","Riverside, CA, US","5.0 Expert Division","Lower Division (Medals)",1,"🥇 Gold Medal","None","Woollie Nelson","Jake Woolley","Connor Nelson"
"California State Final","2025","2025-12-06","Riverside, CA, US","5.0 Expert Division","Lower Division (Medals)",2,"🥈 Silver Medal","None","Hospital Ball","Trevor Barbosa","Lucas Pruett"
"California State Final","2025","2025-12-06","Riverside, CA, US","5.0 Expert Division","Lower Division (Medals)",3,"🥉 Bronze Medal","None","Father Son Bonding","Hunter Koth","Caleb Cummings"
"California State Final","2025","2025-12-06","Riverside, CA, US","5.0 Expert Division","Lower Division (Medals)",3,"🥉 Bronze Medal","None","Competitive Racism","Alec Galbo","Reece Greer"
"California State Final","2025","2025-12-06","Riverside, CA, US","4.0+ Mixed Division","Lower Division (Medals)",1,"🥇 Gold Medal","None","Nelson / Lowe","Connor Nelson","Elle Lowe"
"California State Final","2025","2025-12-06","Riverside, CA, US","4.0+ Mixed Division","Lower Division (Medals)",2,"🥈 Silver Medal","None","fooki","Lucas Pruett","Karah Hui"
"California State Final","2025","2025-12-06","Riverside, CA, US","4.0+ Mixed Division","Lower Division (Medals)",3,"🥉 Bronze Medal","None","Raw Chicken","Josh Fragiacomo","Sarah Allen"
"California State Final","2025","2025-12-06","Riverside, CA, US","4.0+ Mixed Division","Lower Division (Medals)",4,"4th Place (No Award)","None","Mr. and Mrs.","Hunter Koth","Ally Chou"
"ERS Championship 2025 - The 9th Christmas Classic","2025","2025-12-20","Palmyra, PA, US","4.0 Open Contender","Lower Division (Medals)",1,"🥇 Gold Medal","None","Rutgers Alum","Chris Ng","Kevin  McClain"
"ERS Championship 2025 - The 9th Christmas Classic","2025","2025-12-20","Palmyra, PA, US","4.0 Open Contender","Lower Division (Medals)",2,"🥈 Silver Medal","None","Passion project","Axel Helfand","Patrick Gillespie"
"ERS Championship 2025 - The 9th Christmas Classic","2025","2025-12-20","Palmyra, PA, US","4.0 Open Contender","Lower Division (Medals)",3,"🥉 Bronze Medal","None","Double Caked Up","Owen Wallace","Brock Lodato"
"ERS Championship 2025 - The 9th Christmas Classic","2025","2025-12-20","Palmyra, PA, US","4.0 Open Contender","Lower Division (Medals)",4,"4th Place (No Award)","None","Kelton/Pete","Peter Lanza","Kelton Raabe"
"ERS Championship 2025 - The 9th Christmas Classic","2025","2025-12-20","Palmyra, PA, US","5.0+ Open","Lower Division (Medals)",1,"🥇 Gold Medal","None","DOOLEY ROLL","Jake Dooley","Jacob Summers"
"ERS Championship 2025 - The 9th Christmas Classic","2025","2025-12-20","Palmyra, PA, US","5.0+ Open","Lower Division (Medals)",2,"🥈 Silver Medal","None","Sharkeys","Jaxon Gonzalez","Will Picone"
"ERS Championship 2025 - The 9th Christmas Classic","2025","2025-12-20","Palmyra, PA, US","5.0+ Open","Lower Division (Medals)",3,"🥉 Bronze Medal","None","NEU Eats, Dog","Sunny Gu","Dan Abrams"
"ERS Championship 2025 - The 9th Christmas Classic","2025","2025-12-20","Palmyra, PA, US","5.0+ Open","Lower Division (Medals)",4,"4th Place (No Award)","None","Finocchi/Model","Gabriel Finocchi","Max Model"
"ERS Championship 2025 - The 9th Christmas Classic","2025","2025-12-20","Palmyra, PA, US","Community Club","Lower Division (Medals)",1,"🥇 Gold Medal","None","Atlanta","",""
"ERS Championship 2025 - The 9th Christmas Classic","2025","2025-12-20","Palmyra, PA, US","Community Club","Lower Division (Medals)",2,"🥈 Silver Medal","None","Boston","",""
"ERS Championship 2025 - The 9th Christmas Classic","2025","2025-12-20","Palmyra, PA, US","Community Club","Lower Division (Medals)",3,"🥉 Bronze Medal","None","State College","",""
"ERS Championship 2025 - The 9th Christmas Classic","2025","2025-12-20","Palmyra, PA, US","Community Club","Lower Division (Medals)",4,"4th Place (No Award)","None","New York City","",""
"NATS/USAR Husky Roundnet Winter Open 2026","2026","2026-02-07","Seattle, WA, US","Bronze+/Premier (5.0+)","Top Tier (Glassware)",1,"🍺 Pitcher (1st Place Glassware)","Pitcher","Algorithm","Juan Moscoso","Solomon Berry"
"NATS/USAR Husky Roundnet Winter Open 2026","2026","2026-02-07","Seattle, WA, US","Bronze+/Premier (5.0+)","Top Tier (Glassware)",2,"🍻 Tankard (2nd Place Glassware)","Tankard / Cup","Back Spinnies for the Winnies","Dallin James","Conner Bradshaw"
"NATS/USAR Husky Roundnet Winter Open 2026","2026","2026-02-07","Seattle, WA, US","Bronze+/Premier (5.0+)","Top Tier (Glassware)",3,"🥃 Shot Glass (3rd Place Glassware)","Shot Glass / Horn","Fence Erectors","Max Nice","Jensen Elsemore"
"NATS/USAR Husky Roundnet Winter Open 2026","2026","2026-02-07","Seattle, WA, US","Bronze+/Premier (5.0+)","Top Tier (Glassware)",4,"4th Place (No Award)","None","Casablanca Express","Josh Wozniak","Kavan Dharia"
"NATS/USAR Husky Roundnet Winter Open 2026","2026","2026-02-07","Seattle, WA, US","Contender (4.5)","Top Tier (Glassware)",1,"🍺 Pitcher (1st Place Glassware)","Pitcher","Zero Spice Pad Thai","Jacob Marshall","Evan Cox"
"NATS/USAR Husky Roundnet Winter Open 2026","2026","2026-02-07","Seattle, WA, US","Contender (4.5)","Top Tier (Glassware)",2,"🍻 Tankard (2nd Place Glassware)","Tankard / Cup","Boom + Davy","Logan Garwood","Davis Jung"
"NATS/USAR Husky Roundnet Winter Open 2026","2026","2026-02-07","Seattle, WA, US","Contender (4.5)","Top Tier (Glassware)",3,"🥃 Shot Glass (3rd Place Glassware)","Shot Glass / Horn","Firkland Kog","Andrew Nakahara","Zachary Abas"
"NATS/USAR Husky Roundnet Winter Open 2026","2026","2026-02-07","Seattle, WA, US","Contender (4.5)","Top Tier (Glassware)",4,"4th Place (No Award)","None","Born to Ahn 2","Scott Hilborn","Richard Ahn"
"TASR Austin Spike Weekend Season Opener","2026","2026-02-21","Austin, TX, US","4.0 Contender+","Lower Division (Medals)",1,"🥇 Gold Medal","None","We're In Debt","Tyler Fernandez","Micah Allin"
"TASR Austin Spike Weekend Season Opener","2026","2026-02-21","Austin, TX, US","4.0 Contender+","Lower Division (Medals)",2,"🥈 Silver Medal","None","New Rules?","Andrew Christmas","Noah Beinart"
"TASR Austin Spike Weekend Season Opener","2026","2026-02-21","Austin, TX, US","4.0 Contender+","Lower Division (Medals)",3,"🥉 Bronze Medal","None","The WySpiker and the Wannabe","Luke Mowry","Brandon Arledge"
"TASR Austin Spike Weekend Season Opener","2026","2026-02-21","Austin, TX, US","4.0 Contender+","Lower Division (Medals)",4,"4th Place (No Award)","None","Carnage","Luke Marshall","Rahul Murthy"
"TASR Austin Spike Weekend Season Opener","2026","2026-02-21","Austin, TX, US","3.0 Advanced/Intermediate","Lower Division (Medals)",1,"🥇 Gold Medal","None","MI 6","Isaac Chew","Matthew Xu"
"TASR Austin Spike Weekend Season Opener","2026","2026-02-21","Austin, TX, US","3.0 Advanced/Intermediate","Lower Division (Medals)",2,"🥈 Silver Medal","None","Year of the Horse","Bennett Parker","Henry Weinberg"
"TASR Austin Spike Weekend Season Opener","2026","2026-02-21","Austin, TX, US","3.0 Advanced/Intermediate","Lower Division (Medals)",3,"🥉 Bronze Medal","None","Spike Girls","Lee Forbes","Katherine Burnett"
"TASR Austin Spike Weekend Season Opener","2026","2026-02-21","Austin, TX, US","3.0 Advanced/Intermediate","Lower Division (Medals)",4,"4th Place (No Award)","None","South Philly Roundnet Organization","Peyton Hood","Jake Bleacher"
"TASR College Station Local","2026","2026-02-28","Bryan, TX, US","4.0 Contender+","Lower Division (Medals)",1,"🥇 Gold Medal","None","Dominant Hand Frauds","Luke Mowry","Tyler Fernandez"
"TASR College Station Local","2026","2026-02-28","Bryan, TX, US","4.0 Contender+","Lower Division (Medals)",2,"🥈 Silver Medal","None","JP/Rohil","Rohil Senapati","JP Chincuanco"
"TASR College Station Local","2026","2026-02-28","Bryan, TX, US","4.0 Contender+","Lower Division (Medals)",3,"🥉 Bronze Medal","None","Whatever idrc","Micah Allin","Ian Austin"
"TASR College Station Local","2026","2026-02-28","Bryan, TX, US","4.0 Contender+","Lower Division (Medals)",4,"4th Place (No Award)","None","Half-Way Crooks","Jared Almon","Aidan Riley"
"TASR College Station Local","2026","2026-02-28","Bryan, TX, US","3.0 Advanced/Intermediate","Lower Division (Medals)",1,"🥇 Gold Medal","None","MI BOMBO","William Louis","Alex Vilela"
"TASR College Station Local","2026","2026-02-28","Bryan, TX, US","3.0 Advanced/Intermediate","Lower Division (Medals)",2,"🥈 Silver Medal","None","Nonconsensual Sets","Keaton Greenough","Aiedan Acosta"
"TASR College Station Local","2026","2026-02-28","Bryan, TX, US","3.0 Advanced/Intermediate","Lower Division (Medals)",3,"🥉 Bronze Medal","None","Year of the Horse","Bennett Parker","Henry Weinberg"
"TASR College Station Local","2026","2026-02-28","Bryan, TX, US","3.0 Advanced/Intermediate","Lower Division (Medals)",4,"4th Place (No Award)","None","Sith Spikers","Preston Shaw","Joshua Wilson"
"NC State and Chapel Hill Spikeball Tournament","2026","2026-03-08","Raleigh, NC, US","Intermediate","Top Tier (Glassware)",1,"🍺 Pitcher (1st Place Glassware)","Pitcher","Quad fault","Spencer Marazita","Elijah Young"
"NC State and Chapel Hill Spikeball Tournament","2026","2026-03-08","Raleigh, NC, US","Intermediate","Top Tier (Glassware)",2,"🍻 Tankard (2nd Place Glassware)","Tankard / Cup","Dubois/Cohen","Logan DuBois","Aden cohen"
"NC State and Chapel Hill Spikeball Tournament","2026","2026-03-08","Raleigh, NC, US","Intermediate","Top Tier (Glassware)",3,"🥃 Shot Glass (3rd Place Glassware)","Shot Glass / Horn","K/P","Joseph Kolakowski","Jack Porter"
"NC State and Chapel Hill Spikeball Tournament","2026","2026-03-08","Raleigh, NC, US","Intermediate","Top Tier (Glassware)",4,"4th Place (No Award)","None","PLACEHOLDER","Zeke Krumnacher","Matthew Whalen"
"NC State and Chapel Hill Spikeball Tournament","2026","2026-03-08","Raleigh, NC, US","Expert","Top Tier (Glassware)",1,"🍺 Pitcher (1st Place Glassware)","Pitcher","Gooding /Simpson","Vaughn Gooding","Aaron Simpson"
"NC State and Chapel Hill Spikeball Tournament","2026","2026-03-08","Raleigh, NC, US","Expert","Top Tier (Glassware)",2,"🍻 Tankard (2nd Place Glassware)","Tankard / Cup","Fountain Lovers","Jonah Walker","Alex DuBois"
"NC State and Chapel Hill Spikeball Tournament","2026","2026-03-08","Raleigh, NC, US","Expert","Top Tier (Glassware)",3,"🥃 Shot Glass (3rd Place Glassware)","Shot Glass / Horn","Bevin","Evan Grabarczyk","Ben Celestino"
"NC State and Chapel Hill Spikeball Tournament","2026","2026-03-08","Raleigh, NC, US","Expert","Top Tier (Glassware)",4,"4th Place (No Award)","None","Mosley/Burnette","James Burnette","Eli Mosley"
"North American Tour Series - Atlanta Slam Sectional","2026","2026-03-21","Marietta, GA, US","4.0 Open Contender","Top Tier (Glassware)",1,"🍺 Pitcher (1st Place Glassware)","Pitcher","Tinsel Bird","Tim Matten","Aidan Sprouls"
"North American Tour Series - Atlanta Slam Sectional","2026","2026-03-21","Marietta, GA, US","4.0 Open Contender","Top Tier (Glassware)",2,"🍻 Tankard (2nd Place Glassware)","Tankard / Cup","Kingdom come","Isaac Haynes","Josh Puffenberger"
"North American Tour Series - Atlanta Slam Sectional","2026","2026-03-21","Marietta, GA, US","4.0 Open Contender","Top Tier (Glassware)",3,"🥃 Shot Glass (3rd Place Glassware)","Shot Glass / Horn","KC Pitmasters","Anil Patel","Jamisen Wrinkle"
"North American Tour Series - Atlanta Slam Sectional","2026","2026-03-21","Marietta, GA, US","4.0 Open Contender","Top Tier (Glassware)",4,"4th Place (No Award)","None","Cowabunga 🤙🏼","Connar Kloehn","Parker Mckinney"
"North American Tour Series - Atlanta Slam Sectional","2026","2026-03-21","Marietta, GA, US","3.5 Open Advanced","Top Tier (Glassware)",1,"🍺 Pitcher (1st Place Glassware)","Pitcher","Grackle","Levi Campbell","Andrew Rice"
"North American Tour Series - Atlanta Slam Sectional","2026","2026-03-21","Marietta, GA, US","3.5 Open Advanced","Top Tier (Glassware)",2,"🍻 Tankard (2nd Place Glassware)","Tankard / Cup","Cade and Shrey","Shrey Dhuria","Cade Cote"
"North American Tour Series - Atlanta Slam Sectional","2026","2026-03-21","Marietta, GA, US","3.5 Open Advanced","Top Tier (Glassware)",3,"🥃 Shot Glass (3rd Place Glassware)","Shot Glass / Horn","Cream of Wheat ","Cole Solomon","Omar Medina"
"North American Tour Series - Atlanta Slam Sectional","2026","2026-03-21","Marietta, GA, US","3.5 Open Advanced","Top Tier (Glassware)",4,"4th Place (No Award)","None","OCR Fielding Flicks","Ben Celestino","Ryan Field"
"North American Tour Series - Atlanta Slam Sectional","2026","2026-03-21","Marietta, GA, US","5.0 Open Premier/Bronze+","Top Tier (Glassware)",1,"🍺 Pitcher (1st Place Glassware)","Pitcher","Paradox","Kyle Fowler","Paq Clifford"
"North American Tour Series - Atlanta Slam Sectional","2026","2026-03-21","Marietta, GA, US","5.0 Open Premier/Bronze+","Top Tier (Glassware)",2,"🍻 Tankard (2nd Place Glassware)","Tankard / Cup","Rogue","Ryan Marino","Thomas Hamilton"
"North American Tour Series - Atlanta Slam Sectional","2026","2026-03-21","Marietta, GA, US","5.0 Open Premier/Bronze+","Top Tier (Glassware)",3,"🥃 Shot Glass (3rd Place Glassware)","Shot Glass / Horn","Fever","Connor Nelson","Kieran Rose"
"North American Tour Series - Atlanta Slam Sectional","2026","2026-03-21","Marietta, GA, US","5.0 Open Premier/Bronze+","Top Tier (Glassware)",3,"🥃 Shot Glass (3rd Place Glassware)","Shot Glass / Horn","NEM Seazonal","Zach Snover","Jacob Summers"
"North American Tour Series - Atlanta Slam Sectional","2026","2026-03-21","Marietta, GA, US","4.5 Women's Advanced","Top Tier (Glassware)",1,"🍺 Pitcher (1st Place Glassware)","Pitcher","Treacherous","Kalin Morgan","Malia Wanderer"
"North American Tour Series - Atlanta Slam Sectional","2026","2026-03-21","Marietta, GA, US","4.5 Women's Advanced","Top Tier (Glassware)",2,"🍻 Tankard (2nd Place Glassware)","Tankard / Cup","type A","Joanna Gould","Abigale Lamontagne"
"North American Tour Series - Atlanta Slam Sectional","2026","2026-03-21","Marietta, GA, US","4.5 Women's Advanced","Top Tier (Glassware)",3,"🥃 Shot Glass (3rd Place Glassware)","Shot Glass / Horn","big dawg town","Hannah Radell","Cailley Biagini"
"North American Tour Series - Atlanta Slam Sectional","2026","2026-03-21","Marietta, GA, US","4.5 Women's Advanced","Top Tier (Glassware)",4,"4th Place (No Award)","None","Rays of Sunshine","Ally Kula","Tess Dolan"
"North American Tour Series - Atlanta Slam Sectional","2026","2026-03-21","Marietta, GA, US","Open NATS Points","Top Tier (Glassware)",1,"🍺 Pitcher (1st Place Glassware)","Pitcher","Paradox","Paq Clifford","Kyle Fowler"
"North American Tour Series - Atlanta Slam Sectional","2026","2026-03-21","Marietta, GA, US","Open NATS Points","Top Tier (Glassware)",2,"🍻 Tankard (2nd Place Glassware)","Tankard / Cup","Rogue","Ryan Marino","Thomas Hamilton"
"North American Tour Series - Atlanta Slam Sectional","2026","2026-03-21","Marietta, GA, US","Open NATS Points","Top Tier (Glassware)",3,"🥃 Shot Glass (3rd Place Glassware)","Shot Glass / Horn","Fever","Connor Nelson","Kieran Rose"
"North American Tour Series - Atlanta Slam Sectional","2026","2026-03-21","Marietta, GA, US","Open NATS Points","Top Tier (Glassware)",3,"🥃 Shot Glass (3rd Place Glassware)","Shot Glass / Horn","NEM Seazonal","Zach Snover","Jacob Summers"
"TASR Waco Local","2026","2026-03-28","Waco, TX, US","4.0 Contender+","Lower Division (Medals)",1,"🥇 Gold Medal","None","Split Squat Haters","Garrett Ashton","Luke Mowry"
"TASR Waco Local","2026","2026-03-28","Waco, TX, US","4.0 Contender+","Lower Division (Medals)",2,"🥈 Silver Medal","None","Receipt Rejects","Tyler Fernandez","Ian Austin"
"TASR Waco Local","2026","2026-03-28","Waco, TX, US","4.0 Contender+","Lower Division (Medals)",3,"🥉 Bronze Medal","None","Allin/Riley","Micah Allin","Aidan Riley"
"TASR Waco Local","2026","2026-03-28","Waco, TX, US","4.0 Contender+","Lower Division (Medals)",4,"4th Place (No Award)","None","Good Combo","Rohil Senapati","Rahul Murthy"
"TASR Waco Local","2026","2026-03-28","Waco, TX, US","3.0 Advanced/Intermediate","Lower Division (Medals)",1,"🥇 Gold Medal","None","Parker Bros","parker hall","Bennett Parker"
"TASR Waco Local","2026","2026-03-28","Waco, TX, US","3.0 Advanced/Intermediate","Lower Division (Medals)",2,"🥈 Silver Medal","None","Straftat","Robert Dabney","Lee Forbes"
"TASR Waco Local","2026","2026-03-28","Waco, TX, US","3.0 Advanced/Intermediate","Lower Division (Medals)",3,"🥉 Bronze Medal","None","Magnifique 🤌","Joshua Wilson","Isaac Chew"
"TASR Waco Local","2026","2026-03-28","Waco, TX, US","3.0 Advanced/Intermediate","Lower Division (Medals)",4,"4th Place (No Award)","None","Jaspikers","Jake Rasmussen","Preston Oliver"
"CASR Norcal Opener","2026","2026-04-04","Cupertino, CA, US","4.0+ Contender","Lower Division (Medals)",1,"🥇 Gold Medal","None","Hinder Redo","Shrey Dhuria","Benjamin Walker-Edwards"
"CASR Norcal Opener","2026","2026-04-04","Cupertino, CA, US","4.0+ Contender","Lower Division (Medals)",2,"🥈 Silver Medal","None","Crippled Joes","CJ Wallace","Joe Caires"
"CASR Norcal Opener","2026","2026-04-04","Cupertino, CA, US","4.0+ Contender","Lower Division (Medals)",3,"🥉 Bronze Medal","None","ELO","Datis Shoushtary","Costas Foster"
"CASR Norcal Opener","2026","2026-04-04","Cupertino, CA, US","4.0+ Contender","Lower Division (Medals)",4,"4th Place (No Award)","None","TBD ","Aman Khemka","Justin Estores"
"CASR Norcal Opener","2026","2026-04-04","Cupertino, CA, US","5.0 Expert","Lower Division (Medals)",1,"🥇 Gold Medal","None","Nelson / Lowe","Elle Lowe","Connor Nelson"
"CASR Norcal Opener","2026","2026-04-04","Cupertino, CA, US","5.0 Expert","Lower Division (Medals)",2,"🥈 Silver Medal","None","Tarpey","Joseph Kaylor","Josh Fragiacomo"
"CASR Norcal Opener","2026","2026-04-04","Cupertino, CA, US","5.0 Expert","Lower Division (Medals)",3,"🥉 Bronze Medal","None","TMNT Sac Sisters","Lucas Pruett","Clifton Miller"
"CASR Norcal Opener","2026","2026-04-04","Cupertino, CA, US","5.0 Expert","Lower Division (Medals)",4,"4th Place (No Award)","None","Samson? / Alexander.","Sasha Mariniuk","Aniket Matharasi"
"CASR Norcal Opener","2026","2026-04-04","Cupertino, CA, US","2.0-3.0 Beginner","Lower Division (Medals)",1,"🥇 Gold Medal","None","Spike Wazowski","Dayi Dong","Mark Provost"
"CASR Norcal Opener","2026","2026-04-04","Cupertino, CA, US","2.0-3.0 Beginner","Lower Division (Medals)",2,"🥈 Silver Medal","None","Misflailed","Max Lindemann","div curl"
"CASR Norcal Opener","2026","2026-04-04","Cupertino, CA, US","2.0-3.0 Beginner","Lower Division (Medals)",3,"🥉 Bronze Medal","None","overseas for 2","Cherrish Umlas","Guillermo R."
"CASR Norcal Opener","2026","2026-04-04","Cupertino, CA, US","2.0-3.0 Beginner","Lower Division (Medals)",4,"4th Place (No Award)","None","USFCA Open 1","Alexandria Hamilton","Matthew Banh"
"AZR Spring Challenger","2026","2026-04-04","Mesa, AZ, US","Bronze+/Premier (5.0+)","Top Tier (Glassware)",1,"🍺 Pitcher (1st Place Glassware)","Pitcher","Mike/Hunter","Hunter Koth","Michael Capobianco"
"AZR Spring Challenger","2026","2026-04-04","Mesa, AZ, US","Bronze+/Premier (5.0+)","Top Tier (Glassware)",2,"🍻 Tankard (2nd Place Glassware)","Tankard / Cup","AZR UNCs","Andrew Stevens","Aidan Mackey"
"AZR Spring Challenger","2026","2026-04-04","Mesa, AZ, US","Bronze+/Premier (5.0+)","Top Tier (Glassware)",3,"🥃 Shot Glass (3rd Place Glassware)","Shot Glass / Horn","Giant Slayers","David Yingling","Caedon Gibson"
"AZR Spring Challenger","2026","2026-04-04","Mesa, AZ, US","Bronze+/Premier (5.0+)","Top Tier (Glassware)",4,"4th Place (No Award)","None","Noodles & .Co","Ryan McCargar","Jaren Hori"
"AZR Spring Challenger","2026","2026-04-04","Mesa, AZ, US","Contender (4.5)","Top Tier (Glassware)",1,"🍺 Pitcher (1st Place Glassware)","Pitcher","W 🫑","Hongyi Zhu","Daniel Chudin"
"AZR Spring Challenger","2026","2026-04-04","Mesa, AZ, US","Contender (4.5)","Top Tier (Glassware)",2,"🍻 Tankard (2nd Place Glassware)","Tankard / Cup","Parka People","Tanner Smith","Nivek Thompson"
"AZR Spring Challenger","2026","2026-04-04","Mesa, AZ, US","Contender (4.5)","Top Tier (Glassware)",3,"🥃 Shot Glass (3rd Place Glassware)","Shot Glass / Horn","L Rev","Ally Chou","Reece Yoshizawa"
"AZR Spring Challenger","2026","2026-04-04","Mesa, AZ, US","Contender (4.5)","Top Tier (Glassware)",4,"4th Place (No Award)","None","Injury Reserve","Isaac Hill-Williams","Jeremy Proch"
"AZR Spring Challenger","2026","2026-04-04","Mesa, AZ, US","Advanced (4.0)","Top Tier (Glassware)",1,"🍺 Pitcher (1st Place Glassware)","Pitcher","Ankle Breakers","Warren Anderson","Joshua W"
"AZR Spring Challenger","2026","2026-04-04","Mesa, AZ, US","Advanced (4.0)","Top Tier (Glassware)",2,"🍻 Tankard (2nd Place Glassware)","Tankard / Cup","Jonathane","Jonathan Scheelke","Thane Condit"
"AZR Spring Challenger","2026","2026-04-04","Mesa, AZ, US","Advanced (4.0)","Top Tier (Glassware)",3,"🥃 Shot Glass (3rd Place Glassware)","Shot Glass / Horn","Giggleshitz","Lauren Patentreger","Zachary Lipp"
"AZR Spring Challenger","2026","2026-04-04","Mesa, AZ, US","Advanced (4.0)","Top Tier (Glassware)",3,"🥃 Shot Glass (3rd Place Glassware)","Shot Glass / Horn","Kyley & Izzy","Kyley Schneckloth","Isabella Black"
"North American Tour Series - Dallas Sectional","2026","2026-04-11","Farmers Branch, TX, US","4.5 Women's Advanced","Top Tier (Glassware)",1,"🍺 Pitcher (1st Place Glassware)","Pitcher","just want to be loved","Joanna Gould","Kalin Morgan"
"North American Tour Series - Dallas Sectional","2026","2026-04-11","Farmers Branch, TX, US","4.5 Women's Advanced","Top Tier (Glassware)",2,"🍻 Tankard (2nd Place Glassware)","Tankard / Cup","high infidelity ","Ally Chou","Sarah Allen"
"North American Tour Series - Dallas Sectional","2026","2026-04-11","Farmers Branch, TX, US","4.5 Women's Advanced","Top Tier (Glassware)",3,"🥃 Shot Glass (3rd Place Glassware)","Shot Glass / Horn","Kulacalyptic","Ally Kula","Cailley Biagini"
"North American Tour Series - Dallas Sectional","2026","2026-04-11","Farmers Branch, TX, US","4.5 Women's Advanced","Top Tier (Glassware)",4,"4th Place (No Award)","None","Animal Jam🐘🐆🦓🦒","Stef Ding","Samantha Barklow"
"North American Tour Series - Dallas Sectional","2026","2026-04-11","Farmers Branch, TX, US","4.0 Open Contender","Top Tier (Glassware)",1,"🍺 Pitcher (1st Place Glassware)","Pitcher","Tbd","Alex Vilela","Iason Hayes"
"North American Tour Series - Dallas Sectional","2026","2026-04-11","Farmers Branch, TX, US","4.0 Open Contender","Top Tier (Glassware)",2,"🍻 Tankard (2nd Place Glassware)","Tankard / Cup","Cowabunga 🤙🏼","Parker Mckinney","Connar Kloehn"
"North American Tour Series - Dallas Sectional","2026","2026-04-11","Farmers Branch, TX, US","4.0 Open Contender","Top Tier (Glassware)",3,"🥃 Shot Glass (3rd Place Glassware)","Shot Glass / Horn","Profit & Prose","JJ Vela","James Ledbetter IV"
"North American Tour Series - Dallas Sectional","2026","2026-04-11","Farmers Branch, TX, US","4.0 Open Contender","Top Tier (Glassware)",4,"4th Place (No Award)","None","Balls in Play","Evan Deragon","David Z"
"North American Tour Series - Dallas Sectional","2026","2026-04-11","Farmers Branch, TX, US","5.0 Open Premier/Bronze+","Top Tier (Glassware)",1,"🍺 Pitcher (1st Place Glassware)","Pitcher","Fever","Connor Nelson","Kieran Rose"
"North American Tour Series - Dallas Sectional","2026","2026-04-11","Farmers Branch, TX, US","5.0 Open Premier/Bronze+","Top Tier (Glassware)",2,"🍻 Tankard (2nd Place Glassware)","Tankard / Cup","Robertt/Woolley","Jake Woolley","Nathan Robertt"
"North American Tour Series - Dallas Sectional","2026","2026-04-11","Farmers Branch, TX, US","5.0 Open Premier/Bronze+","Top Tier (Glassware)",3,"🥃 Shot Glass (3rd Place Glassware)","Shot Glass / Horn","NEM Seazonal","Zach Snover","Jacob Summers"
"North American Tour Series - Dallas Sectional","2026","2026-04-11","Farmers Branch, TX, US","5.0 Open Premier/Bronze+","Top Tier (Glassware)",4,"4th Place (No Award)","None","NEM Dominion","Andrew Greer","Jake Dooley"
"North American Tour Series - Dallas Sectional","2026","2026-04-11","Farmers Branch, TX, US","Open NATS Points","Top Tier (Glassware)",1,"🍺 Pitcher (1st Place Glassware)","Pitcher","Fever","Connor Nelson","Kieran Rose"
"North American Tour Series - Dallas Sectional","2026","2026-04-11","Farmers Branch, TX, US","Open NATS Points","Top Tier (Glassware)",2,"🍻 Tankard (2nd Place Glassware)","Tankard / Cup","Robertt/Woolley","Jake Woolley","Nathan Robertt"
"North American Tour Series - Dallas Sectional","2026","2026-04-11","Farmers Branch, TX, US","Open NATS Points","Top Tier (Glassware)",3,"🥃 Shot Glass (3rd Place Glassware)","Shot Glass / Horn","NEM Seazonal","Zach Snover","Jacob Summers"
"North American Tour Series - Dallas Sectional","2026","2026-04-11","Farmers Branch, TX, US","Open NATS Points","Top Tier (Glassware)",4,"4th Place (No Award)","None","NEM Dominion","Andrew Greer","Jake Dooley"
"Free the Spike Tournament","2026","2026-04-11","American Fork, UT, US","2.0-3.0 Recreational","Top Tier (Glassware)",1,"🍺 Pitcher (1st Place Glassware)","Pitcher","VegasBoyz","Benjamin Scow","Caleb Scow"
"Free the Spike Tournament","2026","2026-04-11","American Fork, UT, US","2.0-3.0 Recreational","Top Tier (Glassware)",2,"🍻 Tankard (2nd Place Glassware)","Tankard / Cup","Big Blue Spikes Back","Lauren Zaleski","Garrett Lawton"
"Free the Spike Tournament","2026","2026-04-11","American Fork, UT, US","2.0-3.0 Recreational","Top Tier (Glassware)",3,"🥃 Shot Glass (3rd Place Glassware)","Shot Glass / Horn","NARPS","DANIEL LACEY","Trevor Davis"
"Free the Spike Tournament","2026","2026-04-11","American Fork, UT, US","2.0-3.0 Recreational","Top Tier (Glassware)",4,"4th Place (No Award)","None","Comin for a Jam","Samuel Comin","James VanDam"
"Free the Spike Tournament","2026","2026-04-11","American Fork, UT, US","4.0 Challenger","Top Tier (Glassware)",1,"🍺 Pitcher (1st Place Glassware)","Pitcher","Stockton Set Malone","Tyson Lutz","David Okerlund"
"Free the Spike Tournament","2026","2026-04-11","American Fork, UT, US","4.0 Challenger","Top Tier (Glassware)",2,"🍻 Tankard (2nd Place Glassware)","Tankard / Cup","Isaac and Luke","Isaac Greding","Luke Hatch"
"Free the Spike Tournament","2026","2026-04-11","American Fork, UT, US","4.0 Challenger","Top Tier (Glassware)",3,"🥃 Shot Glass (3rd Place Glassware)","Shot Glass / Horn","Kiss My Ace","Braylon Schreibeis","Josh Smith"
"Free the Spike Tournament","2026","2026-04-11","American Fork, UT, US","4.0 Challenger","Top Tier (Glassware)",4,"4th Place (No Award)","None","No Name","Toby Hunt","Braydon Hunt"
"Free the Spike Tournament","2026","2026-04-11","American Fork, UT, US","4.5 Elite","Top Tier (Glassware)",1,"🍺 Pitcher (1st Place Glassware)","Pitcher","Cook / Cordingley","Luke Cook","Konnor Cordingley"
"Free the Spike Tournament","2026","2026-04-11","American Fork, UT, US","4.5 Elite","Top Tier (Glassware)",2,"🍻 Tankard (2nd Place Glassware)","Tankard / Cup","BLACKOUT","Joshua Balmforth","Kody Price"
"Free the Spike Tournament","2026","2026-04-11","American Fork, UT, US","4.5 Elite","Top Tier (Glassware)",3,"🥃 Shot Glass (3rd Place Glassware)","Shot Glass / Horn","Bucketeers","Trevor Zaleski","Matt Barlow"
"Free the Spike Tournament","2026","2026-04-11","American Fork, UT, US","4.5 Elite","Top Tier (Glassware)",4,"4th Place (No Award)","None","This Prince Has Her Hart","Remi Prince","Alex Hart"
"Husky Roundnet Club Spring Open 2026","2026","2026-04-11","Seattle, WA, US","Contender (4.0)","Top Tier (Glassware)",1,"🍺 Pitcher (1st Place Glassware)","Pitcher","HRC Oxford Project","Gavin Gibson","Annabelle Lee"
"Husky Roundnet Club Spring Open 2026","2026","2026-04-11","Seattle, WA, US","Contender (4.0)","Top Tier (Glassware)",2,"🍻 Tankard (2nd Place Glassware)","Tankard / Cup","Score check?","Patrick McManus","Quentin Chiu"
"Husky Roundnet Club Spring Open 2026","2026","2026-04-11","Seattle, WA, US","Contender (4.0)","Top Tier (Glassware)",3,"🥃 Shot Glass (3rd Place Glassware)","Shot Glass / Horn","The Megatrahns","Richard Ahn","Arthur Troncoso"
"Husky Roundnet Club Spring Open 2026","2026","2026-04-11","Seattle, WA, US","Contender (4.0)","Top Tier (Glassware)",4,"4th Place (No Award)","None","Spikeaholics Anonymous","Scott Hilborn","Joey Stocco"
"Husky Roundnet Club Spring Open 2026","2026","2026-04-11","Seattle, WA, US","Bronze+/Premier (4.5+)","Top Tier (Glassware)",1,"🍺 Pitcher (1st Place Glassware)","Pitcher","Soulmates","Eddy Leung","Dallin James"
"Husky Roundnet Club Spring Open 2026","2026","2026-04-11","Seattle, WA, US","Bronze+/Premier (4.5+)","Top Tier (Glassware)",2,"🍻 Tankard (2nd Place Glassware)","Tankard / Cup","Cavemen","Sam Clarke","Jensen Elsemore"
"Husky Roundnet Club Spring Open 2026","2026","2026-04-11","Seattle, WA, US","Bronze+/Premier (4.5+)","Top Tier (Glassware)",3,"🥃 Shot Glass (3rd Place Glassware)","Shot Glass / Horn","Groovy","Carlin Vicera","Will Ries"
"Husky Roundnet Club Spring Open 2026","2026","2026-04-11","Seattle, WA, US","Bronze+/Premier (4.5+)","Top Tier (Glassware)",4,"4th Place (No Award)","None","Malgorithm","Nolan Wynkoop","Conner Bradshaw"
"ERS Connecticut 2026","2026","2026-04-18","Mansfield, CT, US","Women’s Intermediate-Advanced 4.0+","Lower Division (Medals)",1,"🥇 Gold Medal","None","zoo wee mama","Lia Maag","Hannah Radell"
"ERS Connecticut 2026","2026","2026-04-18","Mansfield, CT, US","Women’s Intermediate-Advanced 4.0+","Lower Division (Medals)",2,"🥈 Silver Medal","None","Kiln it","Tess Dolan","Cailley Biagini"
"ERS Connecticut 2026","2026","2026-04-18","Mansfield, CT, US","Women’s Intermediate-Advanced 4.0+","Lower Division (Medals)",3,"🥉 Bronze Medal","None","Slow people","Malia Wanderer","Sadie Beres"
"ERS Connecticut 2026","2026","2026-04-18","Mansfield, CT, US","Women’s Intermediate-Advanced 4.0+","Lower Division (Medals)",4,"4th Place (No Award)","None","hordearii","Sabine Lucas","Karly Bigham"
"ERS Connecticut 2026","2026","2026-04-18","Mansfield, CT, US","Open Advanced-Contender 3.5-4.0","Lower Division (Medals)",1,"🥇 Gold Medal","None","TBD","Daniel Vogt","Aidan Buchanan"
"ERS Connecticut 2026","2026","2026-04-18","Mansfield, CT, US","Open Advanced-Contender 3.5-4.0","Lower Division (Medals)",2,"🥈 Silver Medal","None","Dreverend scoot","Luke Arnpriester","Jake Stoller"
"ERS Connecticut 2026","2026","2026-04-18","Mansfield, CT, US","Open Advanced-Contender 3.5-4.0","Lower Division (Medals)",3,"🥉 Bronze Medal","None","Penn State","Peter Lanza","Kade Kulpinski"
"ERS Connecticut 2026","2026","2026-04-18","Mansfield, CT, US","Open Advanced-Contender 3.5-4.0","Lower Division (Medals)",4,"4th Place (No Award)","None","Russo/Prelich","Dean Russo","josh aguilar"
"ERS Connecticut 2026","2026","2026-04-18","Mansfield, CT, US","Open Premier 4.5+","Lower Division (Medals)",1,"🥇 Gold Medal","None","Diani/Camarena","Charlie Camarena","Sam Diani"
"ERS Connecticut 2026","2026","2026-04-18","Mansfield, CT, US","Open Premier 4.5+","Lower Division (Medals)",2,"🥈 Silver Medal","None","Maximum effort to barely win","Matt Wallach","Mitchell Whelan"
"ERS Connecticut 2026","2026","2026-04-18","Mansfield, CT, US","Open Premier 4.5+","Lower Division (Medals)",3,"🥉 Bronze Medal","None","Risk","Andrew Nee","Jackson Biggs"
"ERS Connecticut 2026","2026","2026-04-18","Mansfield, CT, US","Open Premier 4.5+","Lower Division (Medals)",4,"4th Place (No Award)","None","L/M","John Mankowich","Diego Lopez"
"MRS Lansing","2026","2026-04-18","Lansing, MI, US","4.0-5.0 Premier/Contender","Top Tier (Glassware)",1,"🍺 Pitcher (1st Place Glassware)","Pitcher","BTR","Korbin Thompson","Jack Drouare"
"MRS Lansing","2026","2026-04-18","Lansing, MI, US","4.0-5.0 Premier/Contender","Top Tier (Glassware)",2,"🍻 Tankard (2nd Place Glassware)","Tankard / Cup","HBD Gail","Jackson Wood","Charlie Cavallaro"
"MRS Lansing","2026","2026-04-18","Lansing, MI, US","4.0-5.0 Premier/Contender","Top Tier (Glassware)",3,"🥃 Shot Glass (3rd Place Glassware)","Shot Glass / Horn","Jack’s brother and Aleks","Reed Drouare","Aleks Essen"
"MRS Lansing","2026","2026-04-18","Lansing, MI, US","4.0-5.0 Premier/Contender","Top Tier (Glassware)",4,"4th Place (No Award)","None","67 Hotel","Gaurav Capila","Ethan Ferland"
"MRS Lansing","2026","2026-04-18","Lansing, MI, US","2.0-3.0 Intermediate","Top Tier (Glassware)",1,"🍺 Pitcher (1st Place Glassware)","Pitcher","The Jig Bons","Noah Minard","Jonathan Lackner"
"MRS Lansing","2026","2026-04-18","Lansing, MI, US","2.0-3.0 Intermediate","Top Tier (Glassware)",2,"🍻 Tankard (2nd Place Glassware)","Tankard / Cup","Soft Serve","Graham Warner","Noah Reed"
"MRS Lansing","2026","2026-04-18","Lansing, MI, US","2.0-3.0 Intermediate","Top Tier (Glassware)",3,"🥃 Shot Glass (3rd Place Glassware)","Shot Glass / Horn","Nexflux","Gaurav Mahlawat","Ellie Hoekstra"
"MRS Lansing","2026","2026-04-18","Lansing, MI, US","2.0-3.0 Intermediate","Top Tier (Glassware)",4,"4th Place (No Award)","None","Ball Busters","Sydney Tefft","Ellie Benham"
"North American Tour Series - Los Angeles Sectional","2026","2026-04-25","Los Angeles, CA, US","5.0 Open Premier/Bronze+","Top Tier (Glassware)",1,"🍺 Pitcher (1st Place Glassware)","Pitcher","J.A.R.V.I.S.","Josh Fragiacomo","Connor Nelson"
"North American Tour Series - Los Angeles Sectional","2026","2026-04-25","Los Angeles, CA, US","5.0 Open Premier/Bronze+","Top Tier (Glassware)",2,"🍻 Tankard (2nd Place Glassware)","Tankard / Cup","Model/Rose","Max Model","Kieran Rose"
"North American Tour Series - Los Angeles Sectional","2026","2026-04-25","Los Angeles, CA, US","5.0 Open Premier/Bronze+","Top Tier (Glassware)",3,"🥃 Shot Glass (3rd Place Glassware)","Shot Glass / Horn","foolish","Sunny Gu","Lucas Pruett"
"North American Tour Series - Los Angeles Sectional","2026","2026-04-25","Los Angeles, CA, US","5.0 Open Premier/Bronze+","Top Tier (Glassware)",4,"4th Place (No Award)","None","Paradox","Paq Clifford","Kyle Fowler"
"North American Tour Series - Los Angeles Sectional","2026","2026-04-25","Los Angeles, CA, US","4.5 Women's Advanced","Top Tier (Glassware)",1,"🍺 Pitcher (1st Place Glassware)","Pitcher","joanna and elle","Elle Lowe","Joanna Gould"
"North American Tour Series - Los Angeles Sectional","2026","2026-04-25","Los Angeles, CA, US","4.5 Women's Advanced","Top Tier (Glassware)",2,"🍻 Tankard (2nd Place Glassware)","Tankard / Cup","THUS Parabatai","Kayla Wu-Fleming","Kalin Morgan"
"North American Tour Series - Los Angeles Sectional","2026","2026-04-25","Los Angeles, CA, US","4.5 Women's Advanced","Top Tier (Glassware)",3,"🥃 Shot Glass (3rd Place Glassware)","Shot Glass / Horn","dropouts","Sarah Allen","Lou Washburn"
"North American Tour Series - Los Angeles Sectional","2026","2026-04-25","Los Angeles, CA, US","4.5 Women's Advanced","Top Tier (Glassware)",4,"4th Place (No Award)","None","Cosmic","Joelle Nguyen","Sebastiani Kim"
"North American Tour Series - Los Angeles Sectional","2026","2026-04-25","Los Angeles, CA, US","4.0 Open Contender","Top Tier (Glassware)",1,"🍺 Pitcher (1st Place Glassware)","Pitcher","Feel Good Feel Old Washed Up ","CJ Wallace","Aman Khemka"
"North American Tour Series - Los Angeles Sectional","2026","2026-04-25","Los Angeles, CA, US","4.0 Open Contender","Top Tier (Glassware)",2,"🍻 Tankard (2nd Place Glassware)","Tankard / Cup","Tbd","Reece Yoshizawa","Nickhil Anantha"
"North American Tour Series - Los Angeles Sectional","2026","2026-04-25","Los Angeles, CA, US","4.0 Open Contender","Top Tier (Glassware)",3,"🥃 Shot Glass (3rd Place Glassware)","Shot Glass / Horn","Obsessive","Trevor Folden","Shrey Dhuria"
"North American Tour Series - Los Angeles Sectional","2026","2026-04-25","Los Angeles, CA, US","4.0 Open Contender","Top Tier (Glassware)",4,"4th Place (No Award)","None","Ben/Juntao","Thompson Yang","Ben Collins"
"North American Tour Series - Los Angeles Sectional","2026","2026-04-25","Los Angeles, CA, US","Open NATS Points","Top Tier (Glassware)",1,"🍺 Pitcher (1st Place Glassware)","Pitcher","J.A.R.V.I.S.","Connor Nelson","Josh Fragiacomo"
"North American Tour Series - Los Angeles Sectional","2026","2026-04-25","Los Angeles, CA, US","Open NATS Points","Top Tier (Glassware)",2,"🍻 Tankard (2nd Place Glassware)","Tankard / Cup","Model/Rose","Max Model","Kieran Rose"
"North American Tour Series - Los Angeles Sectional","2026","2026-04-25","Los Angeles, CA, US","Open NATS Points","Top Tier (Glassware)",3,"🥃 Shot Glass (3rd Place Glassware)","Shot Glass / Horn","foolish","Sunny Gu","Lucas Pruett"
"North American Tour Series - Los Angeles Sectional","2026","2026-04-25","Los Angeles, CA, US","Open NATS Points","Top Tier (Glassware)",4,"4th Place (No Award)","None","Paradox","Paq Clifford","Kyle Fowler"
"ERS Buffalo 2026","2026","2026-05-02","Buffalo, NY, US","Open Advanced-Contender 3.5-4.0","Lower Division (Medals)",1,"🥇 Gold Medal","None","Penn State","Kade Kulpinski","Peter Lanza"
"ERS Buffalo 2026","2026","2026-05-02","Buffalo, NY, US","Open Advanced-Contender 3.5-4.0","Lower Division (Medals)",2,"🥈 Silver Medal","None","Cruz/Russo","Dean Russo","Camilo Cruz"
"ERS Buffalo 2026","2026","2026-05-02","Buffalo, NY, US","Open Advanced-Contender 3.5-4.0","Lower Division (Medals)",3,"🥉 Bronze Medal","None","Sets in the City","Derek Sicko","Matthew Michaelis"
"ERS Buffalo 2026","2026","2026-05-02","Buffalo, NY, US","Open Advanced-Contender 3.5-4.0","Lower Division (Medals)",4,"4th Place (No Award)","None","Pradin’ My Johnston","Prady Vijayakumar","Maddie Johnston"
"ERS Buffalo 2026","2026","2026-05-02","Buffalo, NY, US","Open Premier 4.5+","Lower Division (Medals)",1,"🥇 Gold Medal","None","Renewal","Aleks Essen","Caleb Shorter"
"ERS Buffalo 2026","2026","2026-05-02","Buffalo, NY, US","Open Premier 4.5+","Lower Division (Medals)",2,"🥈 Silver Medal","None","Shock Value","John Putney","Drew Ryder"
"ERS Buffalo 2026","2026","2026-05-02","Buffalo, NY, US","Open Premier 4.5+","Lower Division (Medals)",3,"🥉 Bronze Medal","None","TBD (The Big Dawgs)","Justin Shaytar","Riley Nassour"
"ERS Buffalo 2026","2026","2026-05-02","Buffalo, NY, US","Open Premier 4.5+","Lower Division (Medals)",4,"4th Place (No Award)","None","Left Strokers","Dustin Grant","Alex Luc"
"Spring Spike Tournament","2026","2026-05-02","Millcreek, UT, US","4.5 Elite","Top Tier (Glassware)",1,"🍺 Pitcher (1st Place Glassware)","Pitcher","Amnesia","Garrett Carver","Tyler Stokes"
"Spring Spike Tournament","2026","2026-05-02","Millcreek, UT, US","4.5 Elite","Top Tier (Glassware)",2,"🍻 Tankard (2nd Place Glassware)","Tankard / Cup","Fish Market","Solomon Berry","Bryant Karratti"
"Spring Spike Tournament","2026","2026-05-02","Millcreek, UT, US","4.5 Elite","Top Tier (Glassware)",3,"🥃 Shot Glass (3rd Place Glassware)","Shot Glass / Horn","Bucketeers","Trevor Zaleski","Matt Barlow"
"Spring Spike Tournament","2026","2026-05-02","Millcreek, UT, US","4.5 Elite","Top Tier (Glassware)",4,"4th Place (No Award)","None","Chanluke Cookzler","Chandler Hertzler","Luke Cook"
"Spring Spike Tournament","2026","2026-05-02","Millcreek, UT, US","4.0 Challenger","Top Tier (Glassware)",1,"🍺 Pitcher (1st Place Glassware)","Pitcher","Net Ninjas","Spencer Hansen","Josh Smith"
"Spring Spike Tournament","2026","2026-05-02","Millcreek, UT, US","4.0 Challenger","Top Tier (Glassware)",2,"🍻 Tankard (2nd Place Glassware)","Tankard / Cup","Jelly Bellies","Chris Sorensen","Ryan Kartchner"
"Spring Spike Tournament","2026","2026-05-02","Millcreek, UT, US","4.0 Challenger","Top Tier (Glassware)",3,"🥃 Shot Glass (3rd Place Glassware)","Shot Glass / Horn","Morgan's","Ian Morgan","Janalee Hatch"
"Spring Spike Tournament","2026","2026-05-02","Millcreek, UT, US","4.0 Challenger","Top Tier (Glassware)",4,"4th Place (No Award)","None","VegasBoyz","Caleb Scow","Travis Schelin"
"Spring Spike Tournament","2026","2026-05-02","Millcreek, UT, US","2.0-3.0 Recreational","Top Tier (Glassware)",1,"🍺 Pitcher (1st Place Glassware)","Pitcher","Roundnet Rookies","Parker Medford","Jaimen Holman"
"Spring Spike Tournament","2026","2026-05-02","Millcreek, UT, US","2.0-3.0 Recreational","Top Tier (Glassware)",2,"🍻 Tankard (2nd Place Glassware)","Tankard / Cup","Bread Gang","Kade S","Brenden Taylor"
"Spring Spike Tournament","2026","2026-05-02","Millcreek, UT, US","2.0-3.0 Recreational","Top Tier (Glassware)",3,"🥃 Shot Glass (3rd Place Glassware)","Shot Glass / Horn","Charlie's Wannabe's","Benjamin Ware","Matthew Brady"
"Spring Spike Tournament","2026","2026-05-02","Millcreek, UT, US","2.0-3.0 Recreational","Top Tier (Glassware)",4,"4th Place (No Award)","None","Harmony","Preston Harmon","Jaxon Taylor"
"ILR South Elgin","2026","2026-05-09","South Elgin, IL, US","Expert(4.5+)","Top Tier (Glassware)",1,"🍺 Pitcher (1st Place Glassware)","Pitcher","Señor Frogs 🐸","Colin Hobart","Joey Reynolds"
"ILR South Elgin","2026","2026-05-09","South Elgin, IL, US","Expert(4.5+)","Top Tier (Glassware)",2,"🍻 Tankard (2nd Place Glassware)","Tankard / Cup","The Emergency Room","Rohil Senapati","Adam Weiss"
"ILR South Elgin","2026","2026-05-09","South Elgin, IL, US","Expert(4.5+)","Top Tier (Glassware)",3,"🥃 Shot Glass (3rd Place Glassware)","Shot Glass / Horn","Jacob and his Friend","Korbin Thompson","Jacob Purser"
"ILR South Elgin","2026","2026-05-09","South Elgin, IL, US","Expert(4.5+)","Top Tier (Glassware)",4,"4th Place (No Award)","None","Abu Ghareeb Nawaz","Tab Dayani","Tahseen Robbani"
"MNR @ Como Park (5/30)","2026","2026-05-30","Saint Paul, MN, US","Expert (4.5)","Top Tier (Glassware)",1,"🍺 Pitcher (1st Place Glassware)","Pitcher","Ryan/Brady","Ryan Neuman","Brady Van Straten"
"MNR @ Como Park (5/30)","2026","2026-05-30","Saint Paul, MN, US","Expert (4.5)","Top Tier (Glassware)",2,"🍻 Tankard (2nd Place Glassware)","Tankard / Cup","FREE WIN - tanking for free registration","Jared Kula","Max Illetschko"
"MNR @ Como Park (5/30)","2026","2026-05-30","Saint Paul, MN, US","Expert (4.5)","Top Tier (Glassware)",3,"🥃 Shot Glass (3rd Place Glassware)","Shot Glass / Horn","Bapple Boys","Jon Moe","Adam Ford"
"MNR @ Como Park (5/30)","2026","2026-05-30","Saint Paul, MN, US","Expert (4.5)","Top Tier (Glassware)",4,"4th Place (No Award)","None","No Clue","Joren Rudzitis","Soren Peterson"
"ERS Long Island 2026","2026","2026-06-06","Long Island, New York, USA, NY, US","Open Advanced-Contender 3.5-4.0","Lower Division (Medals)",1,"🥇 Gold Medal","None","Team twigs","Matt Higgins","Logan Darby"
"ERS Long Island 2026","2026","2026-06-06","Long Island, New York, USA, NY, US","Open Advanced-Contender 3.5-4.0","Lower Division (Medals)",2,"🥈 Silver Medal","None","The Chosen 2","Max Ofgang","Alex Ofgang"
"ERS Long Island 2026","2026","2026-06-06","Long Island, New York, USA, NY, US","Open Advanced-Contender 3.5-4.0","Lower Division (Medals)",3,"🥉 Bronze Medal","None","Kyle/Dylan","Kyle Ling","Dylan Rehman"
"ERS Long Island 2026","2026","2026-06-06","Long Island, New York, USA, NY, US","Open Advanced-Contender 3.5-4.0","Lower Division (Medals)",4,"4th Place (No Award)","None","Bro Code","Samarth Desai","Siddhant Desai"
"ERS Long Island 2026","2026","2026-06-06","Long Island, New York, USA, NY, US","Open Premier 4.5+","Lower Division (Medals)",1,"🥇 Gold Medal","None","Chowder","Demitri Forand","Caleb White"
"ERS Long Island 2026","2026","2026-06-06","Long Island, New York, USA, NY, US","Open Premier 4.5+","Lower Division (Medals)",2,"🥈 Silver Medal","None","P🅱️R 🅱️a🅱️a🅱️ooey","Jacob Arzaga","Brock Lodato"
"ERS Long Island 2026","2026","2026-06-06","Long Island, New York, USA, NY, US","Open Premier 4.5+","Lower Division (Medals)",3,"🥉 Bronze Medal","None","Brian Perlson","Brian Perlson","Drew Ryder"
"ERS Long Island 2026","2026","2026-06-06","Long Island, New York, USA, NY, US","Open Premier 4.5+","Lower Division (Medals)",4,"4th Place (No Award)","None","Lefty Bang","Chris Ng","Matthew Tiongko"
"CASR Norcal Regional #2","2026","2026-06-13","Menlo Park, CA, US","5.0 Expert","Lower Division (Medals)",1,"🥇 Gold Medal","None","Cracked","Connor Nelson","Trevor Folden"
"CASR Norcal Regional #2","2026","2026-06-13","Menlo Park, CA, US","5.0 Expert","Lower Division (Medals)",2,"🥈 Silver Medal","None","Jonas/Gavin","Jonas Frost","Gavin Hansen"
"CASR Norcal Regional #2","2026","2026-06-13","Menlo Park, CA, US","5.0 Expert","Lower Division (Medals)",3,"🥉 Bronze Medal","None","Samson / Alexander","Rafi Moldovsky","Sasha Mariniuk"
"CASR Norcal Regional #2","2026","2026-06-13","Menlo Park, CA, US","5.0 Expert","Lower Division (Medals)",4,"4th Place (No Award)","None","More athletic than Heliot Ramos","Alec Galbo","Jackson Blackburn"
"CASR Norcal Regional #2","2026","2026-06-13","Menlo Park, CA, US","4.0+ Contender","Lower Division (Medals)",1,"🥇 Gold Medal","None","Devon/Sophia","Sophia Zhao","Devon Lee"
"CASR Norcal Regional #2","2026","2026-06-13","Menlo Park, CA, US","4.0+ Contender","Lower Division (Medals)",2,"🥈 Silver Medal","None","Get kicked IDIOT!","Ethan Kwok","Cynthia Zhang"
"CASR Norcal Regional #2","2026","2026-06-13","Menlo Park, CA, US","4.0+ Contender","Lower Division (Medals)",3,"🥉 Bronze Medal","None","Rim Reapers","Edson Bonilla",""
"CASR Norcal Regional #2","2026","2026-06-13","Menlo Park, CA, US","4.0+ Contender","Lower Division (Medals)",4,"4th Place (No Award)","None","G-Wang-on","Jeffrey Wang","Gammy Bravo"
"MRS Kansas City Classic 2026","2026","2026-06-13","Lenexa, KS, US","Casual + Competitive (3.0-4.5)","Top Tier (Glassware)",1,"🍺 Pitcher (1st Place Glassware)","Pitcher","Raw Sauce","Anil Patel","Jose Knight"
"MRS Kansas City Classic 2026","2026","2026-06-13","Lenexa, KS, US","Casual + Competitive (3.0-4.5)","Top Tier (Glassware)",2,"🍻 Tankard (2nd Place Glassware)","Tankard / Cup","Are we in charge?","Andrew Gasaway","Jamisen Wrinkle"
"MRS Kansas City Classic 2026","2026","2026-06-13","Lenexa, KS, US","Casual + Competitive (3.0-4.5)","Top Tier (Glassware)",3,"🥃 Shot Glass (3rd Place Glassware)","Shot Glass / Horn","Top Shelf","Nathaniel Alexander","Patrick Moll"
"MRS Kansas City Classic 2026","2026","2026-06-13","Lenexa, KS, US","Casual + Competitive (3.0-4.5)","Top Tier (Glassware)",4,"4th Place (No Award)","None","Active Huskers","Grant Bauman","Connor Mahony"
"GWR Community Individual Tournament","2026","2026-06-13","Vienna, VA, US","Open 2.0-3.0 Beginner-Intermediate","Lower Division (Medals)",1,"🥇 Gold Medal","None","Phong Tran","Phong Tran",""
"GWR Community Individual Tournament","2026","2026-06-13","Vienna, VA, US","Open 2.0-3.0 Beginner-Intermediate","Lower Division (Medals)",1,"🥇 Gold Medal","None","Mihir","Mihir Patil",""
"GWR Community Individual Tournament","2026","2026-06-13","Vienna, VA, US","Open 2.0-3.0 Beginner-Intermediate","Lower Division (Medals)",3,"🥉 Bronze Medal","None","Jamie","Jamie Wills",""
"GWR Community Individual Tournament","2026","2026-06-13","Vienna, VA, US","Open 2.0-3.0 Beginner-Intermediate","Lower Division (Medals)",3,"🥉 Bronze Medal","None","Noah!","Nicole Shen",""
"GWR Community Individual Tournament","2026","2026-06-13","Vienna, VA, US","Open 4.0 Advanced+","Lower Division (Medals)",1,"🥇 Gold Medal","None","Hampton","Hampton Chappell",""
"GWR Community Individual Tournament","2026","2026-06-13","Vienna, VA, US","Open 4.0 Advanced+","Lower Division (Medals)",2,"🥈 Silver Medal","None","Brooks Weeks","Brooks Weeks",""
"GWR Community Individual Tournament","2026","2026-06-13","Vienna, VA, US","Open 4.0 Advanced+","Lower Division (Medals)",3,"🥉 Bronze Medal","None","jonathan esposo","Jon Esposo",""
"GWR Community Individual Tournament","2026","2026-06-13","Vienna, VA, US","Open 4.0 Advanced+","Lower Division (Medals)",4,"4th Place (No Award)","None","Henry Cheung","Henry Cheung",""
"North American Tour Series - Boston Sectional","2026","2026-06-20","Marlborough, MA, US","5.0 Open Premier/Bronze+","Top Tier (Glassware)",1,"🍺 Pitcher (1st Place Glassware)","Pitcher","Who’s Sammy? ","Sunny Gu","Ryan Marino"
"North American Tour Series - Boston Sectional","2026","2026-06-20","Marlborough, MA, US","5.0 Open Premier/Bronze+","Top Tier (Glassware)",2,"🍻 Tankard (2nd Place Glassware)","Tankard / Cup","Paradox","Paq Clifford","Kyle Fowler"
"North American Tour Series - Boston Sectional","2026","2026-06-20","Marlborough, MA, US","5.0 Open Premier/Bronze+","Top Tier (Glassware)",3,"🥃 Shot Glass (3rd Place Glassware)","Shot Glass / Horn","Omnomnomnomnom","Noah Saddik","Connor Nelson"
"North American Tour Series - Boston Sectional","2026","2026-06-20","Marlborough, MA, US","5.0 Open Premier/Bronze+","Top Tier (Glassware)",4,"4th Place (No Award)","None","Drawing Dead","Tyler Fernandez","Kieran Rose"
"North American Tour Series - Boston Sectional","2026","2026-06-20","Marlborough, MA, US","4.5 Women's Advanced","Top Tier (Glassware)",1,"🍺 Pitcher (1st Place Glassware)","Pitcher","dabu","Joanna Gould","Tess Dolan"
"North American Tour Series - Boston Sectional","2026","2026-06-20","Marlborough, MA, US","4.5 Women's Advanced","Top Tier (Glassware)",2,"🍻 Tankard (2nd Place Glassware)","Tankard / Cup","Lamontagne/Phan","Abigale Lamontagne","Katheleen Phan"
"North American Tour Series - Boston Sectional","2026","2026-06-20","Marlborough, MA, US","4.5 Women's Advanced","Top Tier (Glassware)",3,"🥃 Shot Glass (3rd Place Glassware)","Shot Glass / Horn","Vallée/Lapointe-Roy","Laurence Vallée","Adele Lapointe-Roy"
"North American Tour Series - Boston Sectional","2026","2026-06-20","Marlborough, MA, US","4.5 Women's Advanced","Top Tier (Glassware)",4,"4th Place (No Award)","None","Barklow/Wanderer","Samantha Barklow","Malia Wanderer"
"North American Tour Series - Boston Sectional","2026","2026-06-20","Marlborough, MA, US","4.0 Open Contender","Top Tier (Glassware)",1,"🍺 Pitcher (1st Place Glassware)","Pitcher","Coast2Coast","Gaurav Capila","Shrey Dhuria"
"North American Tour Series - Boston Sectional","2026","2026-06-20","Marlborough, MA, US","4.0 Open Contender","Top Tier (Glassware)",2,"🍻 Tankard (2nd Place Glassware)","Tankard / Cup","Uhniche","Brandon Timonere","Anish Jona"
"North American Tour Series - Boston Sectional","2026","2026-06-20","Marlborough, MA, US","4.0 Open Contender","Top Tier (Glassware)",3,"🥃 Shot Glass (3rd Place Glassware)","Shot Glass / Horn","Dawgy Dawg World","Andrew Barra","george reagan"
"North American Tour Series - Boston Sectional","2026","2026-06-20","Marlborough, MA, US","4.0 Open Contender","Top Tier (Glassware)",4,"4th Place (No Award)","None","Keenan/Russo","Dean Russo","Kyle Keenan"
"North American Tour Series - Boston Sectional","2026","2026-06-20","Marlborough, MA, US","3.5 Open Advanced","Top Tier (Glassware)",1,"🍺 Pitcher (1st Place Glassware)","Pitcher","Rollin’ with the Hos","Jeremy Ho","Brody Rollins"
"North American Tour Series - Boston Sectional","2026","2026-06-20","Marlborough, MA, US","3.5 Open Advanced","Top Tier (Glassware)",2,"🍻 Tankard (2nd Place Glassware)","Tankard / Cup","Finn & William","William Louis","Finn Dunne"
"North American Tour Series - Boston Sectional","2026","2026-06-20","Marlborough, MA, US","3.5 Open Advanced","Top Tier (Glassware)",3,"🥃 Shot Glass (3rd Place Glassware)","Shot Glass / Horn","Albert and Einstein","Evan Phillips","Erik Ranz"
"North American Tour Series - Boston Sectional","2026","2026-06-20","Marlborough, MA, US","3.5 Open Advanced","Top Tier (Glassware)",4,"4th Place (No Award)","None","Jack & Dom","Jack Mallett","Domenic Corona"
"North American Tour Series - Boston Sectional","2026","2026-06-20","Marlborough, MA, US","Open NATS Points","Top Tier (Glassware)",1,"🍺 Pitcher (1st Place Glassware)","Pitcher","Who's Sammy?","Ryan Marino","Sunny Gu"
"North American Tour Series - Boston Sectional","2026","2026-06-20","Marlborough, MA, US","Open NATS Points","Top Tier (Glassware)",2,"🍻 Tankard (2nd Place Glassware)","Tankard / Cup","Paradox","Paq Clifford","Kyle Fowler"
"North American Tour Series - Boston Sectional","2026","2026-06-20","Marlborough, MA, US","Open NATS Points","Top Tier (Glassware)",3,"🥃 Shot Glass (3rd Place Glassware)","Shot Glass / Horn","Omnomnomnomnom","Noah Saddik","Connor Nelson"
"North American Tour Series - Boston Sectional","2026","2026-06-20","Marlborough, MA, US","Open NATS Points","Top Tier (Glassware)",4,"4th Place (No Award)","None","Drawing Dead","Tyler Fernandez","Kieran Rose"
"MNR @ Arlington Hills (6/20)","2026","2026-06-20","Saint Paul, MN, US","Advanced/Expert (3.5-4.5)","Top Tier (Glassware)",1,"🍺 Pitcher (1st Place Glassware)","Pitcher","Grip it and Rip it","Jared Kula","Jason Hovarter"
"MNR @ Arlington Hills (6/20)","2026","2026-06-20","Saint Paul, MN, US","Advanced/Expert (3.5-4.5)","Top Tier (Glassware)",2,"🍻 Tankard (2nd Place Glassware)","Tankard / Cup","Good Luck, Babe","Kyle Maher","Ally Kula"
"MNR @ Arlington Hills (6/20)","2026","2026-06-20","Saint Paul, MN, US","Advanced/Expert (3.5-4.5)","Top Tier (Glassware)",3,"🥃 Shot Glass (3rd Place Glassware)","Shot Glass / Horn","Out of Pace","Taaron Rudzitis","Colten Pace"
"MNR @ Arlington Hills (6/20)","2026","2026-06-20","Saint Paul, MN, US","Advanced/Expert (3.5-4.5)","Top Tier (Glassware)",4,"4th Place (No Award)","None","Counter Spike","Evan Burkstrand","Wally Scherer"
"PRA Honky Tonk Throwdown","2026","2026-06-27","Nashville, TN, US","Expert","Lower Division (Medals)",1,"🥇 Gold Medal","None","Sugar Rush","Jacob Narayan","Kyle Fowler"
"PRA Honky Tonk Throwdown","2026","2026-06-27","Nashville, TN, US","Expert","Lower Division (Medals)",2,"🥈 Silver Medal","None","Bro Code","Peyton Stack","Andrew Yancey"
"PRA Honky Tonk Throwdown","2026","2026-06-27","Nashville, TN, US","Expert","Lower Division (Medals)",3,"🥉 Bronze Medal","None","Too much sauce ","Austin Niles","Sean Caufield"
"PRA Honky Tonk Throwdown","2026","2026-06-27","Nashville, TN, US","Expert","Lower Division (Medals)",4,"4th Place (No Award)","None","Whose your Daddy?","Paq Clifford","Sam Aven"
"PRA Honky Tonk Throwdown","2026","2026-06-27","Nashville, TN, US","Contender","Lower Division (Medals)",1,"🥇 Gold Medal","None","Tim & Greg","Julia Timan","Ian Timan"
"PRA Honky Tonk Throwdown","2026","2026-06-27","Nashville, TN, US","Contender","Lower Division (Medals)",2,"🥈 Silver Medal","None","Chicken Bacon Ranch Loaded Fries","Zeke Beckford","Lane Morris"
"PRA Honky Tonk Throwdown","2026","2026-06-27","Nashville, TN, US","Contender","Lower Division (Medals)",3,"🥉 Bronze Medal","None","Conservation of Greatness ","Joseph Motto","Garret Chaffins"
"PRA Honky Tonk Throwdown","2026","2026-06-27","Nashville, TN, US","Contender","Lower Division (Medals)",3,"🥉 Bronze Medal","None","Boxed Lunch","Vinay Gupta","Cole Solomon"
"ERS Richmond 2026","2026","2026-07-11","Richmond, VA, US","Open Bronze 4.5+","Lower Division (Medals)",1,"🥇 Gold Medal","None","Rolling Reapers","Will Picone","Jake Dooley"
"ERS Richmond 2026","2026","2026-07-11","Richmond, VA, US","Open Bronze 4.5+","Lower Division (Medals)",2,"🥈 Silver Medal","None","Flame of Fire","Jacob Summers","Isaac Haynes"
"ERS Richmond 2026","2026","2026-07-11","Richmond, VA, US","Open Bronze 4.5+","Lower Division (Medals)",3,"🥉 Bronze Medal","None","Da Bih Tuh - Rimond Edshun","Owen Wallace","Jaxon Gonzalez"
"ERS Richmond 2026","2026","2026-07-11","Richmond, VA, US","Open Bronze 4.5+","Lower Division (Medals)",4,"4th Place (No Award)","None","Daddy Daughter","Noah Kopetic","Andrew Greer"
"North American Tour Series - Seattle Major","2026","2026-07-11","Seattle, WA, US","5.5 Open Gold+","Top Tier (Glassware)",1,"🍺 Pitcher (1st Place Glassware)","Pitcher","Fever","Connor Nelson","Kieran Rose"
"North American Tour Series - Seattle Major","2026","2026-07-11","Seattle, WA, US","5.5 Open Gold+","Top Tier (Glassware)",2,"🍻 Tankard (2nd Place Glassware)","Tankard / Cup","Carnivorous Herbivores","Josh Fragiacomo","Jake Woolley"
"North American Tour Series - Seattle Major","2026","2026-07-11","Seattle, WA, US","5.5 Open Gold+","Top Tier (Glassware)",3,"🥃 Shot Glass (3rd Place Glassware)","Shot Glass / Horn","Leung/Robertt","Eddy Leung","Nathan Robertt"
"North American Tour Series - Seattle Major","2026","2026-07-11","Seattle, WA, US","5.5 Open Gold+","Top Tier (Glassware)",4,"4th Place (No Award)","None","Abrams / Cote","Etienne Cote","Dan Abrams"
"North American Tour Series - Seattle Major","2026","2026-07-11","Seattle, WA, US","5.0 Women's Bronze+","Top Tier (Glassware)",1,"🍺 Pitcher (1st Place Glassware)","Pitcher","joanna and elle","Elle Lowe","Joanna Gould"
"North American Tour Series - Seattle Major","2026","2026-07-11","Seattle, WA, US","5.0 Women's Bronze+","Top Tier (Glassware)",2,"🍻 Tankard (2nd Place Glassware)","Tankard / Cup","we'll figure it out ","Karah Hui","Maddy Morehouse"
"North American Tour Series - Seattle Major","2026","2026-07-11","Seattle, WA, US","5.0 Women's Bronze+","Top Tier (Glassware)",3,"🥃 Shot Glass (3rd Place Glassware)","Shot Glass / Horn","Who is Allison?","Ally Kula","Ally Chou"
"North American Tour Series - Seattle Major","2026","2026-07-11","Seattle, WA, US","5.0 Women's Bronze+","Top Tier (Glassware)",4,"4th Place (No Award)","None","Gobby Girls","Jordan Hemmen","Sara Bradshaw"
"North American Tour Series - Seattle Major","2026","2026-07-11","Seattle, WA, US","5.0 Open Premier/Bronze+","Top Tier (Glassware)",1,"🍺 Pitcher (1st Place Glassware)","Pitcher","Jake's Make-A-Wish Adventure","Jake Young","Charlie Bratsman"
"North American Tour Series - Seattle Major","2026","2026-07-11","Seattle, WA, US","5.0 Open Premier/Bronze+","Top Tier (Glassware)",2,"🍻 Tankard (2nd Place Glassware)","Tankard / Cup","WASD","Caedon Gibson","Gavin Gibson"
"North American Tour Series - Seattle Major","2026","2026-07-11","Seattle, WA, US","5.0 Open Premier/Bronze+","Top Tier (Glassware)",3,"🥃 Shot Glass (3rd Place Glassware)","Shot Glass / Horn","Wizard of Fog","Zachary Abas","Erick Ostheimer"
"North American Tour Series - Seattle Major","2026","2026-07-11","Seattle, WA, US","5.0 Open Premier/Bronze+","Top Tier (Glassware)",4,"4th Place (No Award)","None","Moe Kulaid","Jared Kula","Jon Moe"
"North American Tour Series - Seattle Major","2026","2026-07-11","Seattle, WA, US","4.0 Women's Advanced/Intermediate","Top Tier (Glassware)",1,"🍺 Pitcher (1st Place Glassware)","Pitcher","There's a ho in the bush!","Hathaway Bush","Anita Ho"
"North American Tour Series - Seattle Major","2026","2026-07-11","Seattle, WA, US","4.0 Women's Advanced/Intermediate","Top Tier (Glassware)",2,"🍻 Tankard (2nd Place Glassware)","Tankard / Cup","less smacky more grabby","Chau Nguyen","Ada Lee"
"North American Tour Series - Seattle Major","2026","2026-07-11","Seattle, WA, US","4.0 Women's Advanced/Intermediate","Top Tier (Glassware)",3,"🥃 Shot Glass (3rd Place Glassware)","Shot Glass / Horn","Spike Tysons","Isabella Damato","Caroline Chin"
"North American Tour Series - Seattle Major","2026","2026-07-11","Seattle, WA, US","4.0 Women's Advanced/Intermediate","Top Tier (Glassware)",4,"4th Place (No Award)","None","Rain & Grain","Maia Small","Lindy Westendorf"
"North American Tour Series - Seattle Major","2026","2026-07-11","Seattle, WA, US","4.0 Open Contender","Top Tier (Glassware)",1,"🍺 Pitcher (1st Place Glassware)","Pitcher","clever","Trevor Folden","Matthew Kamimura"
"North American Tour Series - Seattle Major","2026","2026-07-11","Seattle, WA, US","4.0 Open Contender","Top Tier (Glassware)",2,"🍻 Tankard (2nd Place Glassware)","Tankard / Cup","Kirkland Youth Spikeball","Patrick McManus","Hongyi Zhu"
"North American Tour Series - Seattle Major","2026","2026-07-11","Seattle, WA, US","4.0 Open Contender","Top Tier (Glassware)",3,"🥃 Shot Glass (3rd Place Glassware)","Shot Glass / Horn","Zabu","La John","Ethan Ma"
"North American Tour Series - Seattle Major","2026","2026-07-11","Seattle, WA, US","4.0 Open Contender","Top Tier (Glassware)",4,"4th Place (No Award)","None","PvP","Justin Martinez","Daniel Gonzalez"
"North American Tour Series - Seattle Major","2026","2026-07-11","Seattle, WA, US","3.5 Open Advanced","Top Tier (Glassware)",1,"🍺 Pitcher (1st Place Glassware)","Pitcher","Poly Spike","Brody Bredice","Leo Albert"
"North American Tour Series - Seattle Major","2026","2026-07-11","Seattle, WA, US","3.5 Open Advanced","Top Tier (Glassware)",2,"🍻 Tankard (2nd Place Glassware)","Tankard / Cup","Derek is cute","Derek Chen","Michael Hayashi"
"North American Tour Series - Seattle Major","2026","2026-07-11","Seattle, WA, US","3.5 Open Advanced","Top Tier (Glassware)",3,"🥃 Shot Glass (3rd Place Glassware)","Shot Glass / Horn","Pocket Aces","Mac Nelson","Cooper Harris"
"North American Tour Series - Seattle Major","2026","2026-07-11","Seattle, WA, US","3.5 Open Advanced","Top Tier (Glassware)",4,"4th Place (No Award)","None","White on Rice","Josh  Travis ","Riley  Monwai "
"AF Steel Days Spike Tournament","2026","2026-07-18","American Fork, UT, US","4.5 Elite","Top Tier (Glassware)",1,"🍺 Pitcher (1st Place Glassware)","Pitcher","Kyler / Chandler","Chandler Hertzler","Kyler Cote"
"AF Steel Days Spike Tournament","2026","2026-07-18","American Fork, UT, US","4.5 Elite","Top Tier (Glassware)",2,"🍻 Tankard (2nd Place Glassware)","Tankard / Cup","Good Sets","Garrett Carver","Lazarus Shettell"
"AF Steel Days Spike Tournament","2026","2026-07-18","American Fork, UT, US","4.5 Elite","Top Tier (Glassware)",3,"🥃 Shot Glass (3rd Place Glassware)","Shot Glass / Horn","Cook / Church","Luke Cook","Taylor Church"
"AF Steel Days Spike Tournament","2026","2026-07-18","American Fork, UT, US","4.5 Elite","Top Tier (Glassware)",4,"4th Place (No Award)","None","Sleeveless","Kody Price","Christopher Marcusen"
"AF Steel Days Spike Tournament","2026","2026-07-18","American Fork, UT, US","4.0 Challenger","Top Tier (Glassware)",1,"🍺 Pitcher (1st Place Glassware)","Pitcher","Mom and Dad","jesse rowley","Kylie Rowley"
"AF Steel Days Spike Tournament","2026","2026-07-18","American Fork, UT, US","4.0 Challenger","Top Tier (Glassware)",2,"🍻 Tankard (2nd Place Glassware)","Tankard / Cup","We Thought This was Pickleball","Ryan Kartchner","Ryley Duke"
"AF Steel Days Spike Tournament","2026","2026-07-18","American Fork, UT, US","4.0 Challenger","Top Tier (Glassware)",3,"🥃 Shot Glass (3rd Place Glassware)","Shot Glass / Horn","CJack","Chad Lewis","Kieren Henness"
"AF Steel Days Spike Tournament","2026","2026-07-18","American Fork, UT, US","4.0 Challenger","Top Tier (Glassware)",4,"4th Place (No Award)","None","The Moppers","Payton Perkins","Devin Perkins"
"PRA Raleigh Rumble","2026","2026-07-25","Raleigh, NC, US","Expert","Lower Division (Medals)",1,"🥇 Gold Medal","None","Set Apart","Jacob Summers","Andrew Greer"
"PRA Raleigh Rumble","2026","2026-07-25","Raleigh, NC, US","Expert","Lower Division (Medals)",2,"🥈 Silver Medal","None","KAB Crumb","Peyton Stack","Paq Clifford"
"PRA Raleigh Rumble","2026","2026-07-25","Raleigh, NC, US","Expert","Lower Division (Medals)",3,"🥉 Bronze Medal","None","Simulmaxxing","Kyle Fowler","Jake Dooley"
"PRA Raleigh Rumble","2026","2026-07-25","Raleigh, NC, US","Expert","Lower Division (Medals)",4,"4th Place (No Award)","None","Voodoo","Drew Ryder","Diego Lopez"
"PRA Raleigh Rumble","2026","2026-07-25","Raleigh, NC, US","Contender","Lower Division (Medals)",1,"🥇 Gold Medal","None","Cool Whip","Zeke Beckford","Joseph Gibson"
"PRA Raleigh Rumble","2026","2026-07-25","Raleigh, NC, US","Contender","Lower Division (Medals)",2,"🥈 Silver Medal","None","Fence Shakers","Drew Davis","Yanai Hamel-Sasson"
"PRA Raleigh Rumble","2026","2026-07-25","Raleigh, NC, US","Contender","Lower Division (Medals)",3,"🥉 Bronze Medal","None","Conservation of Greatness ","Garret Chaffins","Joseph Motto"
"PRA Raleigh Rumble","2026","2026-07-25","Raleigh, NC, US","Contender","Lower Division (Medals)",4,"4th Place (No Award)","None","The Rim Jobs","Josh Lairamore","Hugh Telke"
"PRA Raleigh Rumble","2026","2026-07-25","Raleigh, NC, US","Coed (Sunday)","Lower Division (Medals)",1,"🥇 Gold Medal","None","girl set boy hit","Stef Ding","John Buchanan"
"PRA Raleigh Rumble","2026","2026-07-25","Raleigh, NC, US","Coed (Sunday)","Lower Division (Medals)",2,"🥈 Silver Medal","None","Spike Wazowski","Brandon Stokes","Hannahlisa Breakfield"
"PRA Raleigh Rumble","2026","2026-07-25","Raleigh, NC, US","Coed (Sunday)","Lower Division (Medals)",3,"🥉 Bronze Medal","None","KAB Booooots","Jacob Narayan","Rosie Craven"
"PRA Raleigh Rumble","2026","2026-07-25","Raleigh, NC, US","Coed (Sunday)","Lower Division (Medals)",4,"4th Place (No Award)","None","KAB Cookie Crisp","Sam Aven","Lindsay Parkes"
"CASR Norcal Open #3","2026","2026-08-01","Menlo Park, CA, US","4.0+ Contender","Lower Division (Medals)",1,"🥇 Gold Medal","None","Rim Reapers","Michael Twersky","Edson Bonilla"
"CASR Norcal Open #3","2026","2026-08-01","Menlo Park, CA, US","4.0+ Contender","Lower Division (Medals)",2,"🥈 Silver Medal","None","Poly Spike","Zachary D'Souza","Greyson Farrar"
"CASR Norcal Open #3","2026","2026-08-01","Menlo Park, CA, US","4.0+ Contender","Lower Division (Medals)",3,"🥉 Bronze Medal","None","Sean and Thomas","Thompson Yang","Sean Chen"
"CASR Norcal Open #3","2026","2026-08-01","Menlo Park, CA, US","4.0+ Contender","Lower Division (Medals)",4,"4th Place (No Award)","None","G Money’s","Gammy Bravo","Guillermo R."
"CASR Norcal Open #3","2026","2026-08-01","Menlo Park, CA, US","5.0 Expert","Lower Division (Medals)",1,"🥇 Gold Medal","None","Omnomnomnomnom","Noah Saddik","Connor Nelson"
"CASR Norcal Open #3","2026","2026-08-01","Menlo Park, CA, US","5.0 Expert","Lower Division (Medals)",2,"🥈 Silver Medal","None","Sluggish","Jakob Seidner","Sasha Mariniuk"
"CASR Norcal Open #3","2026","2026-08-01","Menlo Park, CA, US","5.0 Expert","Lower Division (Medals)",3,"🥉 Bronze Medal","None","Gabe/Rehan","Gabriel Rouse","Rehan Kabir"
"CASR Norcal Open #3","2026","2026-08-01","Menlo Park, CA, US","5.0 Expert","Lower Division (Medals)",4,"4th Place (No Award)","None","Just Here to Observe","Rafi Moldovsky","Ahren Gwynn"
"North American Tour Series - Columbus Sectional","2026","2026-08-08","Columbus, OH, US","4.0 Open Contender","Top Tier (Glassware)",1,"🍺 Pitcher (1st Place Glassware)","Pitcher","KC Pitmasters","Jamisen Wrinkle","Anil Patel"
"North American Tour Series - Columbus Sectional","2026","2026-08-08","Columbus, OH, US","4.0 Open Contender","Top Tier (Glassware)",2,"🍻 Tankard (2nd Place Glassware)","Tankard / Cup","New kids on the block","Tommy Richard","Daniel Gutierrez"
"North American Tour Series - Columbus Sectional","2026","2026-08-08","Columbus, OH, US","4.0 Open Contender","Top Tier (Glassware)",3,"🥃 Shot Glass (3rd Place Glassware)","Shot Glass / Horn","Scarlet Knights","Logan Pallo","Cody Scroggins"
"North American Tour Series - Columbus Sectional","2026","2026-08-08","Columbus, OH, US","4.0 Open Contender","Top Tier (Glassware)",4,"4th Place (No Award)","None","Trevor and the Chud","Chris Kondas","Trevor Sargent"
"North American Tour Series - Columbus Sectional","2026","2026-08-08","Columbus, OH, US","5.0 Open Premier/Bronze+","Top Tier (Glassware)",1,"🍺 Pitcher (1st Place Glassware)","Pitcher","Marino / Nelson","Ryan Marino","Connor Nelson"
"North American Tour Series - Columbus Sectional","2026","2026-08-08","Columbus, OH, US","5.0 Open Premier/Bronze+","Top Tier (Glassware)",2,"🍻 Tankard (2nd Place Glassware)","Tankard / Cup","CHEATERS ROUNDNET","Jacob Summers","Jake Dooley"
"North American Tour Series - Columbus Sectional","2026","2026-08-08","Columbus, OH, US","5.0 Open Premier/Bronze+","Top Tier (Glassware)",3,"🥃 Shot Glass (3rd Place Glassware)","Shot Glass / Horn","Temu Klap","Jake Woolley","Zach Snover"
"North American Tour Series - Columbus Sectional","2026","2026-08-08","Columbus, OH, US","5.0 Open Premier/Bronze+","Top Tier (Glassware)",4,"4th Place (No Award)","None","The Diamond Dogs","Reid Pfutzenreuter","Bennett Anderson"
"North American Tour Series - Columbus Sectional","2026","2026-08-08","Columbus, OH, US","4.5 Women's Advanced","Top Tier (Glassware)",1,"🍺 Pitcher (1st Place Glassware)","Pitcher","Barklow/Freeman","Samantha Barklow","Leah Freeman"
"North American Tour Series - Columbus Sectional","2026","2026-08-08","Columbus, OH, US","4.5 Women's Advanced","Top Tier (Glassware)",2,"🍻 Tankard (2nd Place Glassware)","Tankard / Cup","Kevin&Bob","Abby Norris","Alaina Althouse"
"North American Tour Series - Columbus Sectional","2026","2026-08-08","Columbus, OH, US","4.5 Women's Advanced","Top Tier (Glassware)",3,"🥃 Shot Glass (3rd Place Glassware)","Shot Glass / Horn","THE BOYS","Jaime Cunningham","Sylvia Dean"
"North American Tour Series - Columbus Sectional","2026","2026-08-08","Columbus, OH, US","4.5 Women's Advanced","Top Tier (Glassware)",4,"4th Place (No Award)","None","Mashed Potatoes","Hui Ying Stradiot","Emma Curran"
"North American Tour Series - Columbus Sectional","2026","2026-08-08","Columbus, OH, US","3.5 Open Advanced","Top Tier (Glassware)",1,"🍺 Pitcher (1st Place Glassware)","Pitcher","Sammy/Josh","Sammy McClain","Josh Elliott"
"North American Tour Series - Columbus Sectional","2026","2026-08-08","Columbus, OH, US","3.5 Open Advanced","Top Tier (Glassware)",2,"🍻 Tankard (2nd Place Glassware)","Tankard / Cup","Feelin 2022","Owen Clements","Landon Walker"
"North American Tour Series - Columbus Sectional","2026","2026-08-08","Columbus, OH, US","3.5 Open Advanced","Top Tier (Glassware)",3,"🥃 Shot Glass (3rd Place Glassware)","Shot Glass / Horn","Bryson Stanfih","Bryson Stanfill","Zach Smith"
"North American Tour Series - Columbus Sectional","2026","2026-08-08","Columbus, OH, US","3.5 Open Advanced","Top Tier (Glassware)",4,"4th Place (No Award)","None","Trucker diet","Isiah Golsby","Kaleb Evans"
"North American Tour Series - New York City Major","2026","2026-08-16","Central Islip, NY, US","3.5 Open Advanced","Top Tier (Glassware)",1,"🍺 Pitcher (1st Place Glassware)","Pitcher","Yin and Yang","Joe Pisano","Luke Thomson"
"North American Tour Series - New York City Major","2026","2026-08-16","Central Islip, NY, US","3.5 Open Advanced","Top Tier (Glassware)",2,"🍻 Tankard (2nd Place Glassware)","Tankard / Cup","TyGer Kings","Gershom Delva","Tyler Lee"
"North American Tour Series - New York City Major","2026","2026-08-16","Central Islip, NY, US","3.5 Open Advanced","Top Tier (Glassware)",3,"🥃 Shot Glass (3rd Place Glassware)","Shot Glass / Horn","set and forget","Jeffrey Rodrigo","Olin Rummler"
"North American Tour Series - New York City Major","2026","2026-08-16","Central Islip, NY, US","3.5 Open Advanced","Top Tier (Glassware)",4,"4th Place (No Award)","None","Abombily","emily stewart","Cole Bombard"
"North American Tour Series - New York City Major","2026","2026-08-16","Central Islip, NY, US","4.0 Women's Adv./Interm.","Top Tier (Glassware)",1,"🍺 Pitcher (1st Place Glassware)","Pitcher","sheet cake demons","Cynthia Zhang","Karly Bigham"
"North American Tour Series - New York City Major","2026","2026-08-16","Central Islip, NY, US","4.0 Women's Adv./Interm.","Top Tier (Glassware)",2,"🍻 Tankard (2nd Place Glassware)","Tankard / Cup","maine goons","Charlotte Jones","Delilah Meyer"
"North American Tour Series - New York City Major","2026","2026-08-16","Central Islip, NY, US","4.0 Women's Adv./Interm.","Top Tier (Glassware)",3,"🥃 Shot Glass (3rd Place Glassware)","Shot Glass / Horn","Running in circles","Hui Ying Stradiot","Erin Riley"
"North American Tour Series - New York City Major","2026","2026-08-16","Central Islip, NY, US","4.0 Women's Adv./Interm.","Top Tier (Glassware)",4,"4th Place (No Award)","None","team tobillera","Rachel Lowell","Sol Lázaro"
"North American Tour Series - New York City Major","2026","2026-08-16","Central Islip, NY, US","4.0 Open Contender","Top Tier (Glassware)",1,"🍺 Pitcher (1st Place Glassware)","Pitcher","Curry & Mayo","Jeremy Schneider","Aarav Sampat"
"North American Tour Series - New York City Major","2026","2026-08-16","Central Islip, NY, US","4.0 Open Contender","Top Tier (Glassware)",2,"🍻 Tankard (2nd Place Glassware)","Tankard / Cup","Same Sets Marriage","Michael Rascati","Travis Flynn"
"North American Tour Series - New York City Major","2026","2026-08-16","Central Islip, NY, US","4.0 Open Contender","Top Tier (Glassware)",3,"🥃 Shot Glass (3rd Place Glassware)","Shot Glass / Horn","Ruckizucki","Kennedy Nguyen","Marius Leonhardt"
"North American Tour Series - New York City Major","2026","2026-08-16","Central Islip, NY, US","4.0 Open Contender","Top Tier (Glassware)",4,"4th Place (No Award)","None","Russo/Prelich","Dean Russo","Connor Prelich"
"North American Tour Series - New York City Major","2026","2026-08-16","Central Islip, NY, US","5.0 Open Premier/Bronze+","Top Tier (Glassware)",1,"🍺 Pitcher (1st Place Glassware)","Pitcher","China Smash","Ricky Santiago","Jerry Hao"
"North American Tour Series - New York City Major","2026","2026-08-16","Central Islip, NY, US","5.0 Open Premier/Bronze+","Top Tier (Glassware)",2,"🍻 Tankard (2nd Place Glassware)","Tankard / Cup","Airborne","Hunter Koth","Caedon Gibson"
"North American Tour Series - New York City Major","2026","2026-08-16","Central Islip, NY, US","5.0 Open Premier/Bronze+","Top Tier (Glassware)",3,"🥃 Shot Glass (3rd Place Glassware)","Shot Glass / Horn","Evil White Boys","Hampton Chappell","Grant Marshall"
"North American Tour Series - New York City Major","2026","2026-08-16","Central Islip, NY, US","5.0 Open Premier/Bronze+","Top Tier (Glassware)",3,"🥃 Shot Glass (3rd Place Glassware)","Shot Glass / Horn","One Too Many","Declan Brown","Drew Ryder"
"North American Tour Series - New York City Major","2026","2026-08-16","Central Islip, NY, US","5.0 Women's Bronze+","Top Tier (Glassware)",1,"🍺 Pitcher (1st Place Glassware)","Pitcher","KarAbby Patty","Karah Hui","Abigale Lamontagne"
"North American Tour Series - New York City Major","2026","2026-08-16","Central Islip, NY, US","5.0 Women's Bronze+","Top Tier (Glassware)",2,"🍻 Tankard (2nd Place Glassware)","Tankard / Cup","don't give a gaf","Joanna Gould","Katheleen Phan"
"North American Tour Series - New York City Major","2026","2026-08-16","Central Islip, NY, US","5.0 Women's Bronze+","Top Tier (Glassware)",3,"🥃 Shot Glass (3rd Place Glassware)","Shot Glass / Horn","almost a frog 🐸","Ally Chou","Tiff Ding"
"North American Tour Series - New York City Major","2026","2026-08-16","Central Islip, NY, US","5.0 Women's Bronze+","Top Tier (Glassware)",4,"4th Place (No Award)","None","NOISE COMPLAINT","Tess Dolan","Samantha Barklow"
"North American Tour Series - New York City Major","2026","2026-08-16","Central Islip, NY, US","5.5 Open Gold+","Top Tier (Glassware)",1,"🍺 Pitcher (1st Place Glassware)","Pitcher","Bangarang","Kyle Fowler","Eddy Leung"
"North American Tour Series - New York City Major","2026","2026-08-16","Central Islip, NY, US","5.5 Open Gold+","Top Tier (Glassware)",2,"🍻 Tankard (2nd Place Glassware)","Tankard / Cup","The Diamond Dogs","Reid Pfutzenreuter","Bennett Anderson"
"North American Tour Series - New York City Major","2026","2026-08-16","Central Islip, NY, US","5.5 Open Gold+","Top Tier (Glassware)",3,"🥃 Shot Glass (3rd Place Glassware)","Shot Glass / Horn","EMPIRE","Clifford Amadeo LeVeque","Thomas Hamilton"
"North American Tour Series - New York City Major","2026","2026-08-16","Central Islip, NY, US","5.5 Open Gold+","Top Tier (Glassware)",4,"4th Place (No Award)","None","Carnivorous Herbivores","Josh Fragiacomo","Jake Woolley"
"Back to School Spike Tournament","2026","2026-08-22","Millcreek, UT, US","4.5 Elite","Top Tier (Glassware)",1,"🍺 Pitcher (1st Place Glassware)","Pitcher","Team Ja Ganhou","Xande Plaisted","Taylor Church"
"Back to School Spike Tournament","2026","2026-08-22","Millcreek, UT, US","4.5 Elite","Top Tier (Glassware)",2,"🍻 Tankard (2nd Place Glassware)","Tankard / Cup","Chandler is my handler","Chandler Hertzler","Garrett Carver"
"Back to School Spike Tournament","2026","2026-08-22","Millcreek, UT, US","4.5 Elite","Top Tier (Glassware)",3,"🥃 Shot Glass (3rd Place Glassware)","Shot Glass / Horn","Silent Chaos","Kyler Cote","Bryant Karratti"
"Back to School Spike Tournament","2026","2026-08-22","Millcreek, UT, US","4.5 Elite","Top Tier (Glassware)",4,"4th Place (No Award)","None","Premarital Sets","Christopher Marcusen","Charlie Bratsman"
"Back to School Spike Tournament","2026","2026-08-22","Millcreek, UT, US","4.0 Challenger","Top Tier (Glassware)",1,"🍺 Pitcher (1st Place Glassware)","Pitcher","2016 Cavs","Jace Durfey","Austin Squire"
"Back to School Spike Tournament","2026","2026-08-22","Millcreek, UT, US","4.0 Challenger","Top Tier (Glassware)",2,"🍻 Tankard (2nd Place Glassware)","Tankard / Cup","Canes?","Spencer Hodson","Tyler Caswell"
"Back to School Spike Tournament","2026","2026-08-22","Millcreek, UT, US","4.0 Challenger","Top Tier (Glassware)",3,"🥃 Shot Glass (3rd Place Glassware)","Shot Glass / Horn","Plaisted/Anderson","Justin Anderson","Anne Marie Gibbs"
"Back to School Spike Tournament","2026","2026-08-22","Millcreek, UT, US","4.0 Challenger","Top Tier (Glassware)",4,"4th Place (No Award)","None","Spike and Subscribe","Dylan Mundy","Becca Feller"