Tournament,Year,Date,Location,Division,DivisionTier,Place,Award,GlasswareType,Team,Player1,Player2
"Waco Major","2023","2023-02-18","Waco, TX, US","Advanced 4.0","Lower Division (Medals)",1,"🥇 Gold Medal","None","MFFLs","Jackson Oliver","Rhett Howe"
"Waco Major","2023","2023-02-18","Waco, TX, US","Advanced 4.0","Lower Division (Medals)",2,"🥈 Silver Medal","None","New Cut","Hayden Woolard","David Z"
"Waco Major","2023","2023-02-18","Waco, TX, US","Advanced 4.0","Lower Division (Medals)",3,"🥉 Bronze Medal","None","Flummoxed","Robert Sellers","Dylan Jimenez"
"Waco Major","2023","2023-02-18","Waco, TX, US","Advanced 4.0","Lower Division (Medals)",4,"4th Place (No Award)","None","Every Day BBQ","Cooper Diaz","Kyle Daily"
"Waco Major","2023","2023-02-18","Waco, TX, US","Gold 5.0","Lower Division (Medals)",1,"🥇 Gold Medal","None","NEM Phantom","Tyler Fernandez","Caleb Cummings"
"Waco Major","2023","2023-02-18","Waco, TX, US","Gold 5.0","Lower Division (Medals)",2,"🥈 Silver Medal","None","WySpike FIFO","Matthew Burrows","Garrett Hornok"
"Waco Major","2023","2023-02-18","Waco, TX, US","Gold 5.0","Lower Division (Medals)",3,"🥉 Bronze Medal","None","Chump Change","Fredric Hinkle","Grayson M  Wills"
"Waco Major","2023","2023-02-18","Waco, TX, US","Gold 5.0","Lower Division (Medals)",4,"4th Place (No Award)","None","WySpike Sweepers","Colton Mowry","Nick Noguez"
"Stanton Open #1 - California Roundnet","2023","2023-03-18","Stanton, CA, US","Mixed 4.5","Lower Division (Medals)",1,"🥇 Gold Medal","None","Don’t Touch Jenny","Karah Hui","Brandon Brown"
"Stanton Open #1 - California Roundnet","2023","2023-03-18","Stanton, CA, US","Mixed 4.5","Lower Division (Medals)",2,"🥈 Silver Medal","None","Assistant to the Chef ","Josh Fragiacomo","Christine Chang"
"Stanton Open #1 - California Roundnet","2023","2023-03-18","Stanton, CA, US","Mixed 4.5","Lower Division (Medals)",3,"🥉 Bronze Medal","None","Wusil","Kayla Wu-Fleming","Dean Wasil"
"Stanton Open #1 - California Roundnet","2023","2023-03-18","Stanton, CA, US","Mixed 4.5","Lower Division (Medals)",4,"4th Place (No Award)","None","Circumcised Bread","Joelle Nguyen","John Choi"
"Stanton Open #1 - California Roundnet","2023","2023-03-18","Stanton, CA, US","Expert 5.0","Lower Division (Medals)",1,"🥇 Gold Medal","None","Whopper? I barely know her","Josh Cain","Nick Wideman"
"Stanton Open #1 - California Roundnet","2023","2023-03-18","Stanton, CA, US","Expert 5.0","Lower Division (Medals)",2,"🥈 Silver Medal","None","Quality Service","Jacob Payer","Andrew Kosche"
"Stanton Open #1 - California Roundnet","2023","2023-03-18","Stanton, CA, US","Expert 5.0","Lower Division (Medals)",3,"🥉 Bronze Medal","None","Take it ez john","Ethan Zehr","John Choi"
"Stanton Open #1 - California Roundnet","2023","2023-03-18","Stanton, CA, US","Expert 5.0","Lower Division (Medals)",4,"4th Place (No Award)","None","JK.","Jason Rhoads","Kyan Kornfeld"
"Stanton Open #1 - California Roundnet","2023","2023-03-18","Stanton, CA, US","Contender 4.5","Lower Division (Medals)",1,"🥇 Gold Medal","None","Once Upon a Set","Jordan Guevara","Matt Sparks"
"Stanton Open #1 - California Roundnet","2023","2023-03-18","Stanton, CA, US","Contender 4.5","Lower Division (Medals)",2,"🥈 Silver Medal","None","Julian Baker Fan Club","Jai Parera","Arrow Griner"
"Stanton Open #1 - California Roundnet","2023","2023-03-18","Stanton, CA, US","Contender 4.5","Lower Division (Medals)",3,"🥉 Bronze Medal","None","Water Ice","Marc Baldwin","Aaron Treece"
"Stanton Open #1 - California Roundnet","2023","2023-03-18","Stanton, CA, US","Contender 4.5","Lower Division (Medals)",4,"4th Place (No Award)","None","Awkward Freestyle","Mitch Kennamore","Ryan Pho"
"Stanton Open #1 - California Roundnet","2023","2023-03-18","Stanton, CA, US","Womens 4.5","Lower Division (Medals)",1,"🥇 Gold Medal","None","Morehouse/Lowe","Elle Lowe","Maddy Morehouse"
"Stanton Open #1 - California Roundnet","2023","2023-03-18","Stanton, CA, US","Womens 4.5","Lower Division (Medals)",2,"🥈 Silver Medal","None","FURY","Ashley Ortlip","Joelle Nguyen"
"Stanton Open #1 - California Roundnet","2023","2023-03-18","Stanton, CA, US","Womens 4.5","Lower Division (Medals)",3,"🥉 Bronze Medal","None","Pristine sets and immaculate gets","Christine Chang","Perrin York"
"Stanton Open #1 - California Roundnet","2023","2023-03-18","Stanton, CA, US","Womens 4.5","Lower Division (Medals)",4,"4th Place (No Award)","None","Fire & Ice","Kayla Ngai","Sebastiani Kim"
"Stanton Open #1 - California Roundnet","2023","2023-03-18","Stanton, CA, US","Advanced 2.0+","Lower Division (Medals)",1,"🥇 Gold Medal","None","M&M","Michael Martinson","Maranda Gutierrez"
"Stanton Open #1 - California Roundnet","2023","2023-03-18","Stanton, CA, US","Advanced 2.0+","Lower Division (Medals)",2,"🥈 Silver Medal","None","Hawgz","Will Emenger","D’Angelo Bailey"
"Stanton Open #1 - California Roundnet","2023","2023-03-18","Stanton, CA, US","Advanced 2.0+","Lower Division (Medals)",3,"🥉 Bronze Medal","None","How I set your mother","Evan F","Nick T"
"Stanton Open #1 - California Roundnet","2023","2023-03-18","Stanton, CA, US","Advanced 2.0+","Lower Division (Medals)",3,"🥉 Bronze Medal","None","Alec & Sarah","Alec Matulka 'student'","Julian Baker"
"San Jose Open #2 -California Roundnet","2023","2023-04-01","Stanford, CA, US","Expert 4.0-5.0","Lower Division (Medals)",1,"🥇 Gold Medal","None","Shifty","Samuel Buckman","Trevor Barbosa"
"San Jose Open #2 -California Roundnet","2023","2023-04-01","Stanford, CA, US","Expert 4.0-5.0","Lower Division (Medals)",2,"🥈 Silver Medal","None","Oswalt / Schrag","Ryan Oswalt","Nathaniel Schrag"
"San Jose Open #2 -California Roundnet","2023","2023-04-01","Stanford, CA, US","Expert 4.0-5.0","Lower Division (Medals)",3,"🥉 Bronze Medal","None","Degenerational Wealth","brandon brown","Jason Rhoads"
"San Jose Open #2 -California Roundnet","2023","2023-04-01","Stanford, CA, US","Expert 4.0-5.0","Lower Division (Medals)",4,"4th Place (No Award)","None","Josh","Josh Cain","Josh Fragiacomo"
"Florida Roundnet Open - Spikeball Challenger 2023","2023","2023-04-01","Fleming Island, FL, US","Women's (3.0-5.0)","Lower Division (Medals)",1,"🥇 Gold Medal","None","Impulsive","Kalin Morgan","Olivia Jenki"
"Florida Roundnet Open - Spikeball Challenger 2023","2023","2023-04-01","Fleming Island, FL, US","Women's (3.0-5.0)","Lower Division (Medals)",2,"🥈 Silver Medal","None","Cat Daddies","Sarah Allen","Ali Jenki"
"Florida Roundnet Open - Spikeball Challenger 2023","2023","2023-04-01","Fleming Island, FL, US","Women's (3.0-5.0)","Lower Division (Medals)",3,"🥉 Bronze Medal","None","Morehouse/Pierson","Katie Pierson","Maddy Morehouse"
"Florida Roundnet Open - Spikeball Challenger 2023","2023","2023-04-01","Fleming Island, FL, US","Women's (3.0-5.0)","Lower Division (Medals)",4,"4th Place (No Award)","None","Space Monkeys 🚀🐒","Stef Ding","Rafaela Bastos"
"Florida Roundnet Open - Spikeball Challenger 2023","2023","2023-04-01","Fleming Island, FL, US","Mixed Intermediate (3.0)","Lower Division (Medals)",1,"🥇 Gold Medal","None","Lulu Limón","Julie Orozco","Luis Orozco"
"Florida Roundnet Open - Spikeball Challenger 2023","2023","2023-04-01","Fleming Island, FL, US","Mixed Intermediate (3.0)","Lower Division (Medals)",2,"🥈 Silver Medal","None","Sass to the Grass","Tim Daudelin","Katrina Gabriella"
"Florida Roundnet Open - Spikeball Challenger 2023","2023","2023-04-01","Fleming Island, FL, US","Mixed Intermediate (3.0)","Lower Division (Medals)",3,"🥉 Bronze Medal","None","Wics","Laura Castro","Jon Do"
"Florida Roundnet Open - Spikeball Challenger 2023","2023","2023-04-01","Fleming Island, FL, US","Mixed Intermediate (3.0)","Lower Division (Medals)",4,"4th Place (No Award)","None","Better late then never","Chris Perez","Brayden Einhaus"
"Florida Roundnet Open - Spikeball Challenger 2023","2023","2023-04-01","Fleming Island, FL, US","Intermediate (Open 3.0)","Lower Division (Medals)",1,"🥇 Gold Medal","None","Mello Yello","Brandon Depara","John Gomez"
"Florida Roundnet Open - Spikeball Challenger 2023","2023","2023-04-01","Fleming Island, FL, US","Intermediate (Open 3.0)","Lower Division (Medals)",2,"🥈 Silver Medal","None","visor bois","James Lightner","Paul Smith"
"Florida Roundnet Open - Spikeball Challenger 2023","2023","2023-04-01","Fleming Island, FL, US","Intermediate (Open 3.0)","Lower Division (Medals)",3,"🥉 Bronze Medal","None","Mirinda","Frederik Hardervig","Evan Karcher"
"Florida Roundnet Open - Spikeball Challenger 2023","2023","2023-04-01","Fleming Island, FL, US","Intermediate (Open 3.0)","Lower Division (Medals)",4,"4th Place (No Award)","None","[HRN] Shenanigans","Kelvin Xiao","Cesar Escalante"
"Florida Roundnet Open - Spikeball Challenger 2023","2023","2023-04-01","Fleming Island, FL, US","Contender (Open 4.5)","Lower Division (Medals)",1,"🥇 Gold Medal","None","Round 2 #notkayne","Alex Cook","Benjamin Goldfarb"
"Florida Roundnet Open - Spikeball Challenger 2023","2023","2023-04-01","Fleming Island, FL, US","Contender (Open 4.5)","Lower Division (Medals)",2,"🥈 Silver Medal","None","Y’all spike eh?","Nick Wideman","Ian Austin"
"Florida Roundnet Open - Spikeball Challenger 2023","2023","2023-04-01","Fleming Island, FL, US","Contender (Open 4.5)","Lower Division (Medals)",3,"🥉 Bronze Medal","None","Sauerkraut","Timo Lorenzen","Joshua Travis"
"Florida Roundnet Open - Spikeball Challenger 2023","2023","2023-04-01","Fleming Island, FL, US","Contender (Open 4.5)","Lower Division (Medals)",4,"4th Place (No Award)","None","E10","Bradley Clark","Daniel Haungs"
"Florida Roundnet Open - Spikeball Challenger 2023","2023","2023-04-01","Fleming Island, FL, US","Premier (5.0)","Lower Division (Medals)",1,"🥇 Gold Medal","None","Mermaid Sparkle","Christian Bennett","Noah Luskus"
"Florida Roundnet Open - Spikeball Challenger 2023","2023","2023-04-01","Fleming Island, FL, US","Premier (5.0)","Lower Division (Medals)",2,"🥈 Silver Medal","None","Insystem","Etienne Cote","Blake Bosak"
"Florida Roundnet Open - Spikeball Challenger 2023","2023","2023-04-01","Fleming Island, FL, US","Premier (5.0)","Lower Division (Medals)",3,"🥉 Bronze Medal","None","Clean Combo","Rahul Murthy","Ryan Gross"
"Florida Roundnet Open - Spikeball Challenger 2023","2023","2023-04-01","Fleming Island, FL, US","Premier (5.0)","Lower Division (Medals)",4,"4th Place (No Award)","None","TRP Empty Set","Max Model","Dan Abrams"
"Florida Roundnet Open - Spikeball Challenger 2023","2023","2023-04-01","Fleming Island, FL, US","Mixed Advanced (4.5)","Lower Division (Medals)",1,"🥇 Gold Medal","None","Mixed Signals","Etienne Cote","Katie Pierson"
"Florida Roundnet Open - Spikeball Challenger 2023","2023","2023-04-01","Fleming Island, FL, US","Mixed Advanced (4.5)","Lower Division (Medals)",2,"🥈 Silver Medal","None","Jawdroppers","Sarah Allen","Christian Bennett"
"Florida Roundnet Open - Spikeball Challenger 2023","2023","2023-04-01","Fleming Island, FL, US","Mixed Advanced (4.5)","Lower Division (Medals)",3,"🥉 Bronze Medal","None","That was too easy","Kyle Ackermann","Teddi Lesoine"
"Florida Roundnet Open - Spikeball Challenger 2023","2023","2023-04-01","Fleming Island, FL, US","Mixed Advanced (4.5)","Lower Division (Medals)",4,"4th Place (No Award)","None","MAD Jelly","Ali Jenki","Coleman Epperson"
"The Richmond Major 2023","2023","2023-04-15","Midlothian, VA, US","Women's Advanced 4.0+","Lower Division (Medals)",1,"🥇 Gold Medal","None","TWINZ","Ali Jenki","Olivia Jenki"
"The Richmond Major 2023","2023","2023-04-15","Midlothian, VA, US","Women's Advanced 4.0+","Lower Division (Medals)",2,"🥈 Silver Medal","None","Zoomies","Allie Foster","Karah Hui"
"The Richmond Major 2023","2023","2023-04-15","Midlothian, VA, US","Women's Advanced 4.0+","Lower Division (Medals)",3,"🥉 Bronze Medal","None","No Hype","Malia Sato","Maddy Morehouse"
"The Richmond Major 2023","2023","2023-04-15","Midlothian, VA, US","Women's Advanced 4.0+","Lower Division (Medals)",4,"4th Place (No Award)","None","Tile Swap","Sarah Allen","Julia Timan"
"The Richmond Major 2023","2023","2023-04-15","Midlothian, VA, US","Contender 4.5+","Lower Division (Medals)",1,"🥇 Gold Medal","None","Slow Jamz","Kevin McClain","Thomas Hoffman"
"The Richmond Major 2023","2023","2023-04-15","Midlothian, VA, US","Contender 4.5+","Lower Division (Medals)",2,"🥈 Silver Medal","None","IputthedopeinthebackofthecarandItellhtg","Stephen Jones","Ryan Coen"
"The Richmond Major 2023","2023","2023-04-15","Midlothian, VA, US","Contender 4.5+","Lower Division (Medals)",3,"🥉 Bronze Medal","None","Sucky Sucky is good","Thomas Estella","Javier Vidal"
"The Richmond Major 2023","2023","2023-04-15","Midlothian, VA, US","Contender 4.5+","Lower Division (Medals)",4,"4th Place (No Award)","None","True Outcome ","Bransen Eppes","Sam Kilinski"
"The Richmond Major 2023","2023","2023-04-15","Midlothian, VA, US","Women's Intermediate 2.0-3.0","Lower Division (Medals)",1,"🥇 Gold Medal","None","Women in Stem","lauren viado","Bel Belvedere"
"The Richmond Major 2023","2023","2023-04-15","Midlothian, VA, US","Women's Intermediate 2.0-3.0","Lower Division (Medals)",2,"🥈 Silver Medal","None","Sneak Peak","Amanda Jamieson","Courtney Circone"
"The Richmond Major 2023","2023","2023-04-15","Midlothian, VA, US","Women's Intermediate 2.0-3.0","Lower Division (Medals)",3,"🥉 Bronze Medal","None","It has pockets!","Samantha Daniell","Hannah Covell"
"The Richmond Major 2023","2023","2023-04-15","Midlothian, VA, US","Women's Intermediate 2.0-3.0","Lower Division (Medals)",4,"4th Place (No Award)","None","Bleep","Courtney Coppage","Abigail Lannetti"
"The Richmond Major 2023","2023","2023-04-15","Midlothian, VA, US","Intermediate 3.0","Lower Division (Medals)",1,"🥇 Gold Medal","None","Receive These Balls","Kadin Cochran","Jared Gilbert"
"The Richmond Major 2023","2023","2023-04-15","Midlothian, VA, US","Intermediate 3.0","Lower Division (Medals)",2,"🥈 Silver Medal","None","Bron Squad","Eric Nissen","Rakitha Chelliah"
"The Richmond Major 2023","2023","2023-04-15","Midlothian, VA, US","Intermediate 3.0","Lower Division (Medals)",3,"🥉 Bronze Medal","None","Spike Tyson","Sebastian Diaz","Daden Goldfinger"
"The Richmond Major 2023","2023","2023-04-15","Midlothian, VA, US","Intermediate 3.0","Lower Division (Medals)",4,"4th Place (No Award)","None","Splash Bros","Trace Bow","Nathan Clark"
"The Richmond Major 2023","2023","2023-04-15","Midlothian, VA, US","Mixed Advanced 4.0+","Lower Division (Medals)",1,"🥇 Gold Medal","None","Golden Hour","Olivia Jenki","Will Picone"
"The Richmond Major 2023","2023","2023-04-15","Midlothian, VA, US","Mixed Advanced 4.0+","Lower Division (Medals)",2,"🥈 Silver Medal","None","TRP subtle","Joe Bondi","Ali Jenki"
"The Richmond Major 2023","2023","2023-04-15","Midlothian, VA, US","Mixed Advanced 4.0+","Lower Division (Medals)",3,"🥉 Bronze Medal","None","pinto.","Karah Hui","Ryan Gross"
"The Richmond Major 2023","2023","2023-04-15","Midlothian, VA, US","Mixed Advanced 4.0+","Lower Division (Medals)",4,"4th Place (No Award)","None","Gabraham Lincoln, Nebraska","Sarah Allen","Gabe Finocchi"
"The Richmond Major 2023","2023","2023-04-15","Midlothian, VA, US","Mixed Intermediate 2.0-3.0","Lower Division (Medals)",1,"🥇 Gold Medal","None","Two broke girls","Sean Caufield","Jenelle Dumais"
"The Richmond Major 2023","2023","2023-04-15","Midlothian, VA, US","Mixed Intermediate 2.0-3.0","Lower Division (Medals)",2,"🥈 Silver Medal","None","Monsters vs. Aliens","Joseph Motto","Brenna Allred"
"The Richmond Major 2023","2023","2023-04-15","Midlothian, VA, US","Mixed Intermediate 2.0-3.0","Lower Division (Medals)",3,"🥉 Bronze Medal","None","Hi👋","Courtney Coppage","Jacob Arzaga"
"The Richmond Major 2023","2023","2023-04-15","Midlothian, VA, US","Mixed Intermediate 2.0-3.0","Lower Division (Medals)",4,"4th Place (No Award)","None","negative cut","Brooks Weeks","Katheleen Phan"
"The Richmond Major 2023","2023","2023-04-15","Midlothian, VA, US","Advanced 4.0","Lower Division (Medals)",1,"🥇 Gold Medal","None","Partly Cloudy","Daniel Reynolds","Brock Lodato"
"The Richmond Major 2023","2023","2023-04-15","Midlothian, VA, US","Advanced 4.0","Lower Division (Medals)",2,"🥈 Silver Medal","None","Glen Did It","sam greathouse","Jeremy Lutz"
"The Richmond Major 2023","2023","2023-04-15","Midlothian, VA, US","Advanced 4.0","Lower Division (Medals)",3,"🥉 Bronze Medal","None","STEEZY","Dillon McKay","Cameron McKay"
"The Richmond Major 2023","2023","2023-04-15","Midlothian, VA, US","Advanced 4.0","Lower Division (Medals)",4,"4th Place (No Award)","None","Setting Masterclass","Jake Spinelli","Eli Bak"
"The Richmond Major 2023","2023","2023-04-15","Midlothian, VA, US","Premier 5.0+","Lower Division (Medals)",1,"🥇 Gold Medal","None","Rogue","Thomas Hamilton","Ryan Marino"
"The Richmond Major 2023","2023","2023-04-15","Midlothian, VA, US","Premier 5.0+","Lower Division (Medals)",2,"🥈 Silver Medal","None","TRP Spotless","Joe Bondi","Ryan Gross"
"The Richmond Major 2023","2023","2023-04-15","Midlothian, VA, US","Premier 5.0+","Lower Division (Medals)",3,"🥉 Bronze Medal","None","Judgment Day","Gabriel Finocchi","fredric hinkle"
"The Richmond Major 2023","2023","2023-04-15","Midlothian, VA, US","Premier 5.0+","Lower Division (Medals)",4,"4th Place (No Award)","None","Kingdom Come","Grant Klapwijk","Matthew Cole"
"TASR Houston Major","2023","2023-04-29","Houston, TX, US","Gold 5.0","Lower Division (Medals)",1,"🥇 Gold Medal","None","Cerebral Drizzle","Brian Childs","Matthew Burrows"
"TASR Houston Major","2023","2023-04-29","Houston, TX, US","Gold 5.0","Lower Division (Medals)",2,"🥈 Silver Medal","None","nap","Nickhil Anantha","Caleb Cummings"
"TASR Houston Major","2023","2023-04-29","Houston, TX, US","Gold 5.0","Lower Division (Medals)",3,"🥉 Bronze Medal","None","Single Clutch","Grayson M  Wills","Rahul Murthy"
"TASR Houston Major","2023","2023-04-29","Houston, TX, US","Gold 5.0","Lower Division (Medals)",3,"🥉 Bronze Medal","None","Heroes and Villains","Tyler Fernandez","Andrew Christmas"
"TASR Houston Major","2023","2023-04-29","Houston, TX, US","Advanced 4.0","Lower Division (Medals)",1,"🥇 Gold Medal","None","Lab rats","Samuel Cole","Michael Milliorn"
"TASR Houston Major","2023","2023-04-29","Houston, TX, US","Advanced 4.0","Lower Division (Medals)",2,"🥈 Silver Medal","None","Flummoxed","Robert Sellers","Dylan Jimenez"
"TASR Houston Major","2023","2023-04-29","Houston, TX, US","Advanced 4.0","Lower Division (Medals)",3,"🥉 Bronze Medal","None","SS's","Sricharan Modali","saikumar vummuti"
"TASR Houston Major","2023","2023-04-29","Houston, TX, US","Advanced 4.0","Lower Division (Medals)",3,"🥉 Bronze Medal","None","SpikeMachas","Aravindhan P","Narender Reddy"
"The Thousand Oaks Grand Slam - Spikeball Challenger 2023","2023","2023-05-06","Thousand Oaks, CA, US","Expert 5.0+","Lower Division (Medals)",1,"🥇 Gold Medal","None","Muscle Mommy","Noah Luskus","Blake Bosak"
"The Thousand Oaks Grand Slam - Spikeball Challenger 2023","2023","2023-05-06","Thousand Oaks, CA, US","Expert 5.0+","Lower Division (Medals)",2,"🥈 Silver Medal","None","Three Crowns","Warren Foote","Samuel Buckman"
"The Thousand Oaks Grand Slam - Spikeball Challenger 2023","2023","2023-05-06","Thousand Oaks, CA, US","Expert 5.0+","Lower Division (Medals)",3,"🥉 Bronze Medal","None","Taylor and Xande","Xande Plaisted","Taylor Church"
"The Thousand Oaks Grand Slam - Spikeball Challenger 2023","2023","2023-05-06","Thousand Oaks, CA, US","Expert 5.0+","Lower Division (Medals)",4,"4th Place (No Award)","None","Woooooo","Nick Wideman","Etienne Cote"
"The Thousand Oaks Grand Slam - Spikeball Challenger 2023","2023","2023-05-06","Thousand Oaks, CA, US","Contender 4.5","Lower Division (Medals)",1,"🥇 Gold Medal","None","Gatekeeping Rafi","Zach Bergevin","Arrow Griner"
"The Thousand Oaks Grand Slam - Spikeball Challenger 2023","2023","2023-05-06","Thousand Oaks, CA, US","Contender 4.5","Lower Division (Medals)",2,"🥈 Silver Medal","None","Strangely embracing a man from Chico","Jarratt Rouse","Skyler Boles"
"The Thousand Oaks Grand Slam - Spikeball Challenger 2023","2023","2023-05-06","Thousand Oaks, CA, US","Contender 4.5","Lower Division (Medals)",3,"🥉 Bronze Medal","None","non responsive","Andrew Greer","Kannon Forbush"
"The Thousand Oaks Grand Slam - Spikeball Challenger 2023","2023","2023-05-06","Thousand Oaks, CA, US","Contender 4.5","Lower Division (Medals)",3,"🥉 Bronze Medal","None","Dive Hard","Cole Sanchez","Nolan Wynkoop"
"The Thousand Oaks Grand Slam - Spikeball Challenger 2023","2023","2023-05-06","Thousand Oaks, CA, US","Womens 4.0+","Lower Division (Medals)",1,"🥇 Gold Medal","None","2k•","Kayla Wu-Fleming","Karah Hui"
"The Thousand Oaks Grand Slam - Spikeball Challenger 2023","2023","2023-05-06","Thousand Oaks, CA, US","Womens 4.0+","Lower Division (Medals)",2,"🥈 Silver Medal","None","No Hype","Malia Sato","Maddy Morehouse"
"The Thousand Oaks Grand Slam - Spikeball Challenger 2023","2023","2023-05-06","Thousand Oaks, CA, US","Womens 4.0+","Lower Division (Medals)",3,"🥉 Bronze Medal","None","Savage/Nguyen","Joelle Nguyen","Kirstie Savage"
"The Thousand Oaks Grand Slam - Spikeball Challenger 2023","2023","2023-05-06","Thousand Oaks, CA, US","Womens 4.0+","Lower Division (Medals)",4,"4th Place (No Award)","None","ellelowe sebmarine","Sebastiani Kim","Elle Lowe"
"The Thousand Oaks Grand Slam - Spikeball Challenger 2023","2023","2023-05-06","Thousand Oaks, CA, US","Mixed 4.0+","Lower Division (Medals)",1,"🥇 Gold Medal","None","TRP Sickest Beasts","Dan Abrams","Karah Hui"
"The Thousand Oaks Grand Slam - Spikeball Challenger 2023","2023","2023-05-06","Thousand Oaks, CA, US","Mixed 4.0+","Lower Division (Medals)",2,"🥈 Silver Medal","None","Fresh Prince of DeLair","Judy Tian","Blake Bosak"
"The Thousand Oaks Grand Slam - Spikeball Challenger 2023","2023","2023-05-06","Thousand Oaks, CA, US","Mixed 4.0+","Lower Division (Medals)",3,"🥉 Bronze Medal","None","Camille/Xande","Camille Anderson","Xande Plaisted"
"The Thousand Oaks Grand Slam - Spikeball Challenger 2023","2023","2023-05-06","Thousand Oaks, CA, US","Mixed 4.0+","Lower Division (Medals)",4,"4th Place (No Award)","None","Be Nice, Get Engaged, Take Acid","Trevor Barbosa","Kayla Wu-Fleming"
"The Salt Lake City Major 2023","2023","2023-06-03","Herriman, UT, US","Intermediate/Advanced 3.0-4.0","Lower Division (Medals)",1,"🥇 Gold Medal","None","ASL Flemming/Peterson ","Evan Flemming","Grady Peterson"
"The Salt Lake City Major 2023","2023","2023-06-03","Herriman, UT, US","Intermediate/Advanced 3.0-4.0","Lower Division (Medals)",2,"🥈 Silver Medal","None","Silly Gooses","Chris Sorensen","Sidney Parker"
"The Salt Lake City Major 2023","2023","2023-06-03","Herriman, UT, US","Intermediate/Advanced 3.0-4.0","Lower Division (Medals)",3,"🥉 Bronze Medal","None","Brim Breakers","Devin Perkins","Miles Egbert"
"The Salt Lake City Major 2023","2023","2023-06-03","Herriman, UT, US","Intermediate/Advanced 3.0-4.0","Lower Division (Medals)",4,"4th Place (No Award)","None","Hart/Whittier","Korven Whittier","Peter Hart"
"The Salt Lake City Major 2023","2023","2023-06-03","Herriman, UT, US","Premier 5.0+","Lower Division (Medals)",1,"🥇 Gold Medal","None","TRP Moneyline","Ryder Rivadeneyra","Matthew Cole"
"The Salt Lake City Major 2023","2023","2023-06-03","Herriman, UT, US","Premier 5.0+","Lower Division (Medals)",2,"🥈 Silver Medal","None","Judgment Day","Gabriel Finocchi","fredric hinkle"
"The Salt Lake City Major 2023","2023","2023-06-03","Herriman, UT, US","Premier 5.0+","Lower Division (Medals)",3,"🥉 Bronze Medal","None","Insystem","Etienne Cote","Blake Bosak"
"The Salt Lake City Major 2023","2023","2023-06-03","Herriman, UT, US","Premier 5.0+","Lower Division (Medals)",4,"4th Place (No Award)","None","Bad Combo","Will Picone","Rahul Murthy"
"The Salt Lake City Major 2023","2023","2023-06-03","Herriman, UT, US","Women's Advanced 4.0+","Lower Division (Medals)",1,"🥇 Gold Medal","None","K2.","Katie Pierson","Laura Kunzelmann"
"The Salt Lake City Major 2023","2023","2023-06-03","Herriman, UT, US","Women's Advanced 4.0+","Lower Division (Medals)",2,"🥈 Silver Medal","None","TWINZ","Ali Jenki","Olivia Jenki"
"The Salt Lake City Major 2023","2023","2023-06-03","Herriman, UT, US","Women's Advanced 4.0+","Lower Division (Medals)",3,"🥉 Bronze Medal","None","2k•","Kayla Wu-Fleming","Karah Hui"
"The Salt Lake City Major 2023","2023","2023-06-03","Herriman, UT, US","Women's Advanced 4.0+","Lower Division (Medals)",4,"4th Place (No Award)","None","Anderson/Savage","Camille Anderson","Kirstie Savage"
"The Salt Lake City Major 2023","2023","2023-06-03","Herriman, UT, US","Mixed Advanced 4.0+","Lower Division (Medals)",1,"🥇 Gold Medal","None","Golden Hour","Olivia Jenki","Will Picone"
"The Salt Lake City Major 2023","2023","2023-06-03","Herriman, UT, US","Mixed Advanced 4.0+","Lower Division (Medals)",2,"🥈 Silver Medal","None","TRP subtle","Joe Bondi","Ali Jenki"
"The Salt Lake City Major 2023","2023","2023-06-03","Herriman, UT, US","Mixed Advanced 4.0+","Lower Division (Medals)",3,"🥉 Bronze Medal","None","Mixed Signals","Etienne Cote","Katie Pierson"
"The Salt Lake City Major 2023","2023","2023-06-03","Herriman, UT, US","Mixed Advanced 4.0+","Lower Division (Medals)",4,"4th Place (No Award)","None","Killer Kim and Bosak Attack","Sebastiani Kim","Blake Bosak"
"The Salt Lake City Major 2023","2023","2023-06-03","Herriman, UT, US","Contender 4.5+","Lower Division (Medals)",1,"🥇 Gold Medal","None","Warrior 2 in the Wind Tunnel","Jake Woolley","James Lamkin"
"The Salt Lake City Major 2023","2023","2023-06-03","Herriman, UT, US","Contender 4.5+","Lower Division (Medals)",2,"🥈 Silver Medal","None","Ace High","Jackson Gordon","Ryan Benz"
"The Salt Lake City Major 2023","2023","2023-06-03","Herriman, UT, US","Contender 4.5+","Lower Division (Medals)",3,"🥉 Bronze Medal","None","LL Unfinished Business","Josh DiDonato","Ryan Paul"
"The Salt Lake City Major 2023","2023","2023-06-03","Herriman, UT, US","Contender 4.5+","Lower Division (Medals)",4,"4th Place (No Award)","None","Blind Date","Joseph Kaylor","Bryce Young"
"The Santa Cruz Grand Slam - Spikeball Challenger","2023","2023-06-10","Soquel, CA, US","Expert 5.0+","Lower Division (Medals)",1,"🥇 Gold Medal","None","Bad Combo","Will Picone","Rahul Murthy"
"The Santa Cruz Grand Slam - Spikeball Challenger","2023","2023-06-10","Soquel, CA, US","Expert 5.0+","Lower Division (Medals)",2,"🥈 Silver Medal","None","Insystem","Etienne Cote","Blake Bosak"
"The Santa Cruz Grand Slam - Spikeball Challenger","2023","2023-06-10","Soquel, CA, US","Expert 5.0+","Lower Division (Medals)",3,"🥉 Bronze Medal","None","Nutted on 875","Brandon Brown","fredric hinkle"
"The Santa Cruz Grand Slam - Spikeball Challenger","2023","2023-06-10","Soquel, CA, US","Expert 5.0+","Lower Division (Medals)",4,"4th Place (No Award)","None","Paq’s delinquent children","Garrett Carver","Xande Plaisted"
"The Santa Cruz Grand Slam - Spikeball Challenger","2023","2023-06-10","Soquel, CA, US","Womens 4.0+","Lower Division (Medals)",1,"🥇 Gold Medal","None","we’ll figure it out","Maddy Morehouse","Karah Hui"
"The Santa Cruz Grand Slam - Spikeball Challenger","2023","2023-06-10","Soquel, CA, US","Womens 4.0+","Lower Division (Medals)",2,"🥈 Silver Medal","None","crunchy","Katie Pierson","Tina Gulden"
"The Santa Cruz Grand Slam - Spikeball Challenger","2023","2023-06-10","Soquel, CA, US","Womens 4.0+","Lower Division (Medals)",3,"🥉 Bronze Medal","None","Eskimo Sisters","Joelle Nguyen","Alexa Peusch"
"The Santa Cruz Grand Slam - Spikeball Challenger","2023","2023-06-10","Soquel, CA, US","Womens 4.0+","Lower Division (Medals)",4,"4th Place (No Award)","None","Outside Voices","Perrin York","Sebastiani Kim"
"The Santa Cruz Grand Slam - Spikeball Challenger","2023","2023-06-10","Soquel, CA, US","Mixed 4.0+","Lower Division (Medals)",1,"🥇 Gold Medal","None","Mixed Signals","Etienne Cote","Katie Pierson"
"The Santa Cruz Grand Slam - Spikeball Challenger","2023","2023-06-10","Soquel, CA, US","Mixed 4.0+","Lower Division (Medals)",2,"🥈 Silver Medal","None","WonkTea","Blake Bosak","Joelle Nguyen"
"The Santa Cruz Grand Slam - Spikeball Challenger","2023","2023-06-10","Soquel, CA, US","Mixed 4.0+","Lower Division (Medals)",3,"🥉 Bronze Medal","None","Nelson / Lowe","Elle Lowe","Connor Nelson"
"The Santa Cruz Grand Slam - Spikeball Challenger","2023","2023-06-10","Soquel, CA, US","Mixed 4.0+","Lower Division (Medals)",4,"4th Place (No Award)","None","Agathokakological","Alexa Peusch","Trevor Barbosa"
"The Santa Cruz Grand Slam - Spikeball Challenger","2023","2023-06-10","Soquel, CA, US","Contender 4.5","Lower Division (Medals)",1,"🥇 Gold Medal","None","Queen Oglizabeth the First","Rafi Moldovsky","Oscar OBrien"
"The Santa Cruz Grand Slam - Spikeball Challenger","2023","2023-06-10","Soquel, CA, US","Contender 4.5","Lower Division (Medals)",2,"🥈 Silver Medal","None","Oppenheimer or Barbie","Nicolas Ramos","Nathan Robertt"
"The Santa Cruz Grand Slam - Spikeball Challenger","2023","2023-06-10","Soquel, CA, US","Contender 4.5","Lower Division (Medals)",3,"🥉 Bronze Medal","None","Shibby Smalls","Kasey Shibayama","Jason Small"
"The Santa Cruz Grand Slam - Spikeball Challenger","2023","2023-06-10","Soquel, CA, US","Contender 4.5","Lower Division (Medals)",4,"4th Place (No Award)","None","Fitz","Michael Hayashi","Patrick Drucker"
"Queen City Classic - Spikeball Challenger 2023","2023","2023-06-17","Mooresville, NC, US","Intermediate 3.0","Lower Division (Medals)",1,"🥇 Gold Medal","None","(B)Ryan","Ryan Field","Bryan Covell"
"Queen City Classic - Spikeball Challenger 2023","2023","2023-06-17","Mooresville, NC, US","Intermediate 3.0","Lower Division (Medals)",2,"🥈 Silver Medal","None","Keep ‘Em Guess-ing","Haston Guess","Sebastian Diaz"
"Queen City Classic - Spikeball Challenger 2023","2023","2023-06-17","Mooresville, NC, US","Intermediate 3.0","Lower Division (Medals)",3,"🥉 Bronze Medal","None","Boosters","Haywood Ferguson","kunal kanoi"
"Queen City Classic - Spikeball Challenger 2023","2023","2023-06-17","Mooresville, NC, US","Intermediate 3.0","Lower Division (Medals)",3,"🥉 Bronze Medal","None","Six Foot Spike","Kevin Lane","Mitchell Welborn"
"Queen City Classic - Spikeball Challenger 2023","2023","2023-06-17","Mooresville, NC, US","Coed Advanced 4.0+","Lower Division (Medals)",1,"🥇 Gold Medal","None","TRP subtle","Joe Bondi","Ali Jenki"
"Queen City Classic - Spikeball Challenger 2023","2023","2023-06-17","Mooresville, NC, US","Coed Advanced 4.0+","Lower Division (Medals)",2,"🥈 Silver Medal","None","Little Bear ","Matthew Cole","Allie Foster"
"Queen City Classic - Spikeball Challenger 2023","2023","2023-06-17","Mooresville, NC, US","Coed Advanced 4.0+","Lower Division (Medals)",3,"🥉 Bronze Medal","None","Gabraham Lincoln, Nebraska","Sarah Allen","Gabe Finocchi"
"Queen City Classic - Spikeball Challenger 2023","2023","2023-06-17","Mooresville, NC, US","Coed Advanced 4.0+","Lower Division (Medals)",4,"4th Place (No Award)","None","Chalked","Katie Pierson","Kieran Rose"
"Queen City Classic - Spikeball Challenger 2023","2023","2023-06-17","Mooresville, NC, US","Coed Intermediate 2.0-3.0","Lower Division (Medals)",1,"🥇 Gold Medal","None","Spiked punch","Samuel Corey","Heidi Layne"
"Queen City Classic - Spikeball Challenger 2023","2023","2023-06-17","Mooresville, NC, US","Coed Intermediate 2.0-3.0","Lower Division (Medals)",2,"🥈 Silver Medal","None","Due Diligence","Samantha Daniell","Ben Celestino"
"Queen City Classic - Spikeball Challenger 2023","2023","2023-06-17","Mooresville, NC, US","Coed Intermediate 2.0-3.0","Lower Division (Medals)",3,"🥉 Bronze Medal","None","Team Bug","Kevin Lane","Kara Cleminw"
"Queen City Classic - Spikeball Challenger 2023","2023","2023-06-17","Mooresville, NC, US","Coed Intermediate 2.0-3.0","Lower Division (Medals)",3,"🥉 Bronze Medal","None","Jeb","Jessica Harvey","Sebastian Diaz"
"Queen City Classic - Spikeball Challenger 2023","2023","2023-06-17","Mooresville, NC, US","Premier 5.0+","Lower Division (Medals)",1,"🥇 Gold Medal","None","F.F.","Gabe Finocchi","Brendan Ferreira"
"Queen City Classic - Spikeball Challenger 2023","2023","2023-06-17","Mooresville, NC, US","Premier 5.0+","Lower Division (Medals)",2,"🥈 Silver Medal","None","Creamy","Patric Chu","Ryan Marino"
"Queen City Classic - Spikeball Challenger 2023","2023","2023-06-17","Mooresville, NC, US","Premier 5.0+","Lower Division (Medals)",3,"🥉 Bronze Medal","None","TRP Spotless","Joe Bondi","Ryan Gross"
"Queen City Classic - Spikeball Challenger 2023","2023","2023-06-17","Mooresville, NC, US","Premier 5.0+","Lower Division (Medals)",4,"4th Place (No Award)","None","GFD","Andrew Sullivan","Justin Barr"
"Queen City Classic - Spikeball Challenger 2023","2023","2023-06-17","Mooresville, NC, US","Womens Advanced 4.0+","Lower Division (Medals)",1,"🥇 Gold Medal","None","Allen/Huffstetler","Sarah Allen","Maddie Huffstetler"
"Queen City Classic - Spikeball Challenger 2023","2023","2023-06-17","Mooresville, NC, US","Womens Advanced 4.0+","Lower Division (Medals)",2,"🥈 Silver Medal","None","Space Monkeys 🚀🐒","Stef Ding","Rafaela Bastos"
"Queen City Classic - Spikeball Challenger 2023","2023","2023-06-17","Mooresville, NC, US","Womens Advanced 4.0+","Lower Division (Medals)",3,"🥉 Bronze Medal","None","Who?","Katie Pierson","Audrey Denmark"
"Queen City Classic - Spikeball Challenger 2023","2023","2023-06-17","Mooresville, NC, US","Womens Advanced 4.0+","Lower Division (Medals)",3,"🥉 Bronze Medal","None","Raber/Piedmont","Delanie Raber","Abby Piedmont"
"Queen City Classic - Spikeball Challenger 2023","2023","2023-06-17","Mooresville, NC, US","Contender 4.5+","Lower Division (Medals)",1,"🥇 Gold Medal","None","Kap and Boo","Josh Kaplan","Gabriel Abood"
"Queen City Classic - Spikeball Challenger 2023","2023","2023-06-17","Mooresville, NC, US","Contender 4.5+","Lower Division (Medals)",2,"🥈 Silver Medal","None","Risky Business","Justin Kehoe","Kyle Fowler"
"Queen City Classic - Spikeball Challenger 2023","2023","2023-06-17","Mooresville, NC, US","Contender 4.5+","Lower Division (Medals)",3,"🥉 Bronze Medal","None","Ian & Olivia","Ian Murphy","Olivia Jenki"
"Queen City Classic - Spikeball Challenger 2023","2023","2023-06-17","Mooresville, NC, US","Contender 4.5+","Lower Division (Medals)",4,"4th Place (No Award)","None","Gauntlet","Nathan Montgomery","Will Eckard"
"The San Diego Grand Slam - Spikeball Challenger 2023","2023","2023-06-17","San Diego, CA, US","Advanced 3.0+","Lower Division (Medals)",1,"🥇 Gold Medal","None","We hit on two","Vivek Ramchandran","Joe Caires"
"The San Diego Grand Slam - Spikeball Challenger 2023","2023","2023-06-17","San Diego, CA, US","Advanced 3.0+","Lower Division (Medals)",2,"🥈 Silver Medal","None","Northern Spikes","Zane Besler","Aaron Treece"
"The San Diego Grand Slam - Spikeball Challenger 2023","2023","2023-06-17","San Diego, CA, US","Advanced 3.0+","Lower Division (Medals)",3,"🥉 Bronze Medal","None","team intermediate","Michael Dobbs","Cooper Patcheak"
"The San Diego Grand Slam - Spikeball Challenger 2023","2023","2023-06-17","San Diego, CA, US","Advanced 3.0+","Lower Division (Medals)",4,"4th Place (No Award)","None","Hurricanes","Blake Kasama","Dylan Wong"
"The San Diego Grand Slam - Spikeball Challenger 2023","2023","2023-06-17","San Diego, CA, US","Intermediate 2.0+","Lower Division (Medals)",1,"🥇 Gold Medal","None","The Glizzies","Martin Ramirez","Brandon Ann"
"The San Diego Grand Slam - Spikeball Challenger 2023","2023","2023-06-17","San Diego, CA, US","Intermediate 2.0+","Lower Division (Medals)",2,"🥈 Silver Medal","None","ELiminators","Micah Lim","Emily Okabe"
"The San Diego Grand Slam - Spikeball Challenger 2023","2023","2023-06-17","San Diego, CA, US","Intermediate 2.0+","Lower Division (Medals)",3,"🥉 Bronze Medal","None","Shame Eggs","Madison Rohr","Tanner Rohr"
"The San Diego Grand Slam - Spikeball Challenger 2023","2023","2023-06-17","San Diego, CA, US","Intermediate 2.0+","Lower Division (Medals)",4,"4th Place (No Award)","None","Guys Being Dudes","Vlad Trofimov","Ian Sanders"
"The San Diego Grand Slam - Spikeball Challenger 2023","2023","2023-06-17","San Diego, CA, US","Womens 4.0+","Lower Division (Medals)",1,"🥇 Gold Medal","None","Gulden/Hui","Tina Gulden","Karah Hui"
"The San Diego Grand Slam - Spikeball Challenger 2023","2023","2023-06-17","San Diego, CA, US","Womens 4.0+","Lower Division (Medals)",2,"🥈 Silver Medal","None","Nyguendy Wu Homecoming Warrior","Kayla Wu-Fleming","Joelle Nguyen"
"The San Diego Grand Slam - Spikeball Challenger 2023","2023","2023-06-17","San Diego, CA, US","Womens 4.0+","Lower Division (Medals)",3,"🥉 Bronze Medal","None","Anderson/Savage","Camille Anderson","Kirstie Savage"
"The San Diego Grand Slam - Spikeball Challenger 2023","2023","2023-06-17","San Diego, CA, US","Womens 4.0+","Lower Division (Medals)",4,"4th Place (No Award)","None","Soft Serve","Perrin York","Kayla Ngai"
"The San Diego Grand Slam - Spikeball Challenger 2023","2023","2023-06-17","San Diego, CA, US","Mixed 4.0+","Lower Division (Medals)",1,"🥇 Gold Medal","None","Bantwea Court","Will Picone","Joelle Nguyen"
"The San Diego Grand Slam - Spikeball Challenger 2023","2023","2023-06-17","San Diego, CA, US","Mixed 4.0+","Lower Division (Medals)",2,"🥈 Silver Medal","None","Pork and Ham","Perrin York","Buddy Hammon"
"The San Diego Grand Slam - Spikeball Challenger 2023","2023","2023-06-17","San Diego, CA, US","Mixed 4.0+","Lower Division (Medals)",3,"🥉 Bronze Medal","None","TRP Cute Alphas","Rahul Murthy","Karah Hui"
"The San Diego Grand Slam - Spikeball Challenger 2023","2023","2023-06-17","San Diego, CA, US","Mixed 4.0+","Lower Division (Medals)",4,"4th Place (No Award)","None","Your Parents","Kayla Wu-Fleming","Drew Cummins"
"The San Diego Grand Slam - Spikeball Challenger 2023","2023","2023-06-17","San Diego, CA, US","Contender 4.5","Lower Division (Medals)",1,"🥇 Gold Medal","None","Don’t Open the Box","Derek McRea","Ryan Baillargeon"
"The San Diego Grand Slam - Spikeball Challenger 2023","2023","2023-06-17","San Diego, CA, US","Contender 4.5","Lower Division (Medals)",2,"🥈 Silver Medal","None","Ho Jiah","Seth Holbrook","Isaac Holbrook"
"The San Diego Grand Slam - Spikeball Challenger 2023","2023","2023-06-17","San Diego, CA, US","Contender 4.5","Lower Division (Medals)",3,"🥉 Bronze Medal","None","Guder Changeup","Isaiah Sanborn","Thomas Pence"
"The San Diego Grand Slam - Spikeball Challenger 2023","2023","2023-06-17","San Diego, CA, US","Contender 4.5","Lower Division (Medals)",4,"4th Place (No Award)","None","Big Brown Johnson","Noah Johnson","Cody Brown"
"The San Diego Grand Slam - Spikeball Challenger 2023","2023","2023-06-17","San Diego, CA, US","Expert 5.0+","Lower Division (Medals)",1,"🥇 Gold Medal","None","Bad Combo","Will Picone","Rahul Murthy"
"The San Diego Grand Slam - Spikeball Challenger 2023","2023","2023-06-17","San Diego, CA, US","Expert 5.0+","Lower Division (Medals)",2,"🥈 Silver Medal","None","Cigar Boys","Grant Laughlin","Dan Abrams"
"The San Diego Grand Slam - Spikeball Challenger 2023","2023","2023-06-17","San Diego, CA, US","Expert 5.0+","Lower Division (Medals)",3,"🥉 Bronze Medal","None","Etienne/Eddy","Etienne Cote","Eddy Leung"
"The San Diego Grand Slam - Spikeball Challenger 2023","2023","2023-06-17","San Diego, CA, US","Expert 5.0+","Lower Division (Medals)",4,"4th Place (No Award)","None","Beach Waffle","Matthew Burrows","Caleb Cummings"
"The NOVA Clash | Spikeball Challenger 2023 | DAY 1","2023","2023-06-24","Gainesville, VA, US","4.0+ Women's Advanced","Lower Division (Medals)",1,"🥇 Gold Medal","None","Royalty","Laurence Vallée","Katie Pierson"
"The NOVA Clash | Spikeball Challenger 2023 | DAY 1","2023","2023-06-24","Gainesville, VA, US","4.0+ Women's Advanced","Lower Division (Medals)",2,"🥈 Silver Medal","None","teenage petulance","Sarah Allen","Kalin Morgan"
"The NOVA Clash | Spikeball Challenger 2023 | DAY 1","2023","2023-06-24","Gainesville, VA, US","4.0+ Women's Advanced","Lower Division (Medals)",3,"🥉 Bronze Medal","None","Veggie Tales","Allie Foster","Shachi Patel"
"The NOVA Clash | Spikeball Challenger 2023 | DAY 1","2023","2023-06-24","Gainesville, VA, US","4.0+ Women's Advanced","Lower Division (Medals)",4,"4th Place (No Award)","None","Goofy Goobers","Alyssa Drain","Katheleen Phan"
"The NOVA Clash | Spikeball Challenger 2023 | DAY 1","2023","2023-06-24","Gainesville, VA, US","4.5+ Contender (Open)","Lower Division (Medals)",1,"🥇 Gold Medal","None","Quick Draw","Caleb White","Pat Marinich"
"The NOVA Clash | Spikeball Challenger 2023 | DAY 1","2023","2023-06-24","Gainesville, VA, US","4.5+ Contender (Open)","Lower Division (Medals)",2,"🥈 Silver Medal","None","Jungle Juice","Nathan Goh","Kyle Jeung"
"The NOVA Clash | Spikeball Challenger 2023 | DAY 1","2023","2023-06-24","Gainesville, VA, US","4.5+ Contender (Open)","Lower Division (Medals)",3,"🥉 Bronze Medal","None","silva stokes","Brandon Stokes","John Silva"
"The NOVA Clash | Spikeball Challenger 2023 | DAY 1","2023","2023-06-24","Gainesville, VA, US","4.5+ Contender (Open)","Lower Division (Medals)",4,"4th Place (No Award)","None","Washed BUTTER","Zak Kovatch","Levi Rogers"
"The NOVA Clash | Spikeball Challenger 2023 | DAY 1","2023","2023-06-24","Gainesville, VA, US","4.0 Open Advanced","Lower Division (Medals)",1,"🥇 Gold Medal","None","Big Budis","Nathaniel Suryabudi","Jonathan Guo"
"The NOVA Clash | Spikeball Challenger 2023 | DAY 1","2023","2023-06-24","Gainesville, VA, US","4.0 Open Advanced","Lower Division (Medals)",2,"🥈 Silver Medal","None","Shorter & Taller","Yanai Hamel-Sasson","Rachel Dolan"
"The NOVA Clash | Spikeball Challenger 2023 | DAY 1","2023","2023-06-24","Gainesville, VA, US","4.0 Open Advanced","Lower Division (Medals)",3,"🥉 Bronze Medal","None","Wet Fleece","Sam Pasti","Bryan Covell"
"The NOVA Clash | Spikeball Challenger 2023 | DAY 1","2023","2023-06-24","Gainesville, VA, US","4.0 Open Advanced","Lower Division (Medals)",4,"4th Place (No Award)","None","Big Time Roundnet","Olivia Leach","CJ Mierchuk"
"The NOVA Clash | Spikeball Challenger 2023 | DAY 1","2023","2023-06-24","Gainesville, VA, US","2.0-3.0 Open Intermediate","Lower Division (Medals)",1,"🥇 Gold Medal","None","Wet Fleece","Sam Pasti","Bryan Covell"
"The NOVA Clash | Spikeball Challenger 2023 | DAY 1","2023","2023-06-24","Gainesville, VA, US","2.0-3.0 Open Intermediate","Lower Division (Medals)",2,"🥈 Silver Medal","None","Spike It Like It's Hot","Justin Woffinden","Emma Hales"
"The NOVA Clash | Spikeball Challenger 2023 | DAY 1","2023","2023-06-24","Gainesville, VA, US","2.0-3.0 Open Intermediate","Lower Division (Medals)",3,"🥉 Bronze Medal","None","Le Pass Down","Baillie Olin","Aaron Witkin"
"The NOVA Clash | Spikeball Challenger 2023 | DAY 1","2023","2023-06-24","Gainesville, VA, US","2.0-3.0 Open Intermediate","Lower Division (Medals)",4,"4th Place (No Award)","None","Simply Bad","Abigail Lannetti","Kelly Field"
"The NOVA Clash | Spikeball Challenger 2023 | DAY 1","2023","2023-06-24","Gainesville, VA, US","5.0+ Premier (Open)","Lower Division (Medals)",1,"🥇 Gold Medal","None","TRP Spotless","Joe Bondi","Ryan Gross"
"The NOVA Clash | Spikeball Challenger 2023 | DAY 1","2023","2023-06-24","Gainesville, VA, US","5.0+ Premier (Open)","Lower Division (Medals)",2,"🥈 Silver Medal","None","Bot House","Owen Lippman","West Peterson"
"The NOVA Clash | Spikeball Challenger 2023 | DAY 1","2023","2023-06-24","Gainesville, VA, US","5.0+ Premier (Open)","Lower Division (Medals)",3,"🥉 Bronze Medal","None","TRP Volley Dawgs","Noah Luskus","Will Picone"
"The NOVA Clash | Spikeball Challenger 2023 | DAY 1","2023","2023-06-24","Gainesville, VA, US","5.0+ Premier (Open)","Lower Division (Medals)",4,"4th Place (No Award)","None","Autonomous","Tyler Fernandez","Chase Meyer"
"The Portland Open - Spikeball Challenger 2023","2023","2023-07-01","Beaverton, OR, US","Premier 5.0+","Lower Division (Medals)",1,"🥇 Gold Medal","None","Insystem","Etienne Cote","Blake Bosak"
"The Portland Open - Spikeball Challenger 2023","2023","2023-07-01","Beaverton, OR, US","Premier 5.0+","Lower Division (Medals)",2,"🥈 Silver Medal","None","Profit Boost","Justin Shaytar","Kieran Rose"
"The Portland Open - Spikeball Challenger 2023","2023","2023-07-01","Beaverton, OR, US","Premier 5.0+","Lower Division (Medals)",3,"🥉 Bronze Medal","None","Sub Par","Jacob Payer","Brandon Brown"
"The Portland Open - Spikeball Challenger 2023","2023","2023-07-01","Beaverton, OR, US","Premier 5.0+","Lower Division (Medals)",4,"4th Place (No Award)","None","Faze up","Brooks Massey","Paq Clifford"
"The Portland Open - Spikeball Challenger 2023","2023","2023-07-01","Beaverton, OR, US","Contender 4.5+","Lower Division (Medals)",1,"🥇 Gold Medal","None","Outside Smoke","Elijah Kim","lucas peng"
"The Portland Open - Spikeball Challenger 2023","2023","2023-07-01","Beaverton, OR, US","Contender 4.5+","Lower Division (Medals)",2,"🥈 Silver Medal","None","ChaRizzma","curtis lawrence","Jack Hart"
"The Portland Open - Spikeball Challenger 2023","2023","2023-07-01","Beaverton, OR, US","Contender 4.5+","Lower Division (Medals)",3,"🥉 Bronze Medal","None","Leftovers","Joey Carmichael","Sam Clarke"
"The Portland Open - Spikeball Challenger 2023","2023","2023-07-01","Beaverton, OR, US","Contender 4.5+","Lower Division (Medals)",4,"4th Place (No Award)","None","Kyler/Ryker","Ryker Brann","Kyler Cote"
"The Portland Open - Spikeball Challenger 2023","2023","2023-07-01","Beaverton, OR, US","Advanced 4.0","Lower Division (Medals)",1,"🥇 Gold Medal","None","Belay on","Garrett Thomas","Jimmy Chung"
"The Portland Open - Spikeball Challenger 2023","2023","2023-07-01","Beaverton, OR, US","Advanced 4.0","Lower Division (Medals)",2,"🥈 Silver Medal","None","You set me up","Brock Cottle","Ryan Armstrong"
"The Portland Open - Spikeball Challenger 2023","2023","2023-07-01","Beaverton, OR, US","Advanced 4.0","Lower Division (Medals)",3,"🥉 Bronze Medal","None","Dad Bod Squad","Michael Lindeken","Joshua Coder"
"The Portland Open - Spikeball Challenger 2023","2023","2023-07-01","Beaverton, OR, US","Advanced 4.0","Lower Division (Medals)",4,"4th Place (No Award)","None","2 Bros 1 Ball","Zachary Kolokithas","Dustin Bishop"
"The Portland Open - Spikeball Challenger 2023","2023","2023-07-01","Beaverton, OR, US","Intermediate 3.0","Lower Division (Medals)",1,"🥇 Gold Medal","None","Dawgs to 15","Brad DeJager","David Brockman"
"The Portland Open - Spikeball Challenger 2023","2023","2023-07-01","Beaverton, OR, US","Intermediate 3.0","Lower Division (Medals)",2,"🥈 Silver Medal","None","Old Married Couple","Brandon Norby","Sarah Norby"
"The Portland Open - Spikeball Challenger 2023","2023","2023-07-01","Beaverton, OR, US","Intermediate 3.0","Lower Division (Medals)",3,"🥉 Bronze Medal","None","Smokin G and the Menno-Nets","Jared Miller","Andrew Kreider Glick"
"The Portland Open - Spikeball Challenger 2023","2023","2023-07-01","Beaverton, OR, US","Intermediate 3.0","Lower Division (Medals)",4,"4th Place (No Award)","None","Tío and Daddy","Evan Peterson","Richard Gutierrez "
"The Portland Open - Spikeball Challenger 2023","2023","2023-07-01","Beaverton, OR, US","Women's Advanced 4.0+","Lower Division (Medals)",1,"🥇 Gold Medal","None","Veggie Tales","Allie Foster","Shachi Patel"
"The Portland Open - Spikeball Challenger 2023","2023","2023-07-01","Beaverton, OR, US","Women's Advanced 4.0+","Lower Division (Medals)",2,"🥈 Silver Medal","None","Sato/Lowe","Elle Lowe","Malia Sato"
"The Portland Open - Spikeball Challenger 2023","2023","2023-07-01","Beaverton, OR, US","Women's Advanced 4.0+","Lower Division (Medals)",3,"🥉 Bronze Medal","None","Dinh/Gahley","Bethany Dinh","Nicol Gahley"
"The Portland Open - Spikeball Challenger 2023","2023","2023-07-01","Beaverton, OR, US","Women's Advanced 4.0+","Lower Division (Medals)",4,"4th Place (No Award)","None","$A ton of Chang$","Maia Small","Christine Chang"
"The Portland Open - Spikeball Challenger 2023","2023","2023-07-01","Beaverton, OR, US","Mixed Advanced 4.0+","Lower Division (Medals)",1,"🥇 Gold Medal","None","Fresh Prince of DeLair","Judy Tian","Blake Bosak"
"The Portland Open - Spikeball Challenger 2023","2023","2023-07-01","Beaverton, OR, US","Mixed Advanced 4.0+","Lower Division (Medals)",2,"🥈 Silver Medal","None","Flotato","Maddy Morehouse","Nick Wideman"
"The Portland Open - Spikeball Challenger 2023","2023","2023-07-01","Beaverton, OR, US","Mixed Advanced 4.0+","Lower Division (Medals)",3,"🥉 Bronze Medal","None","Nelson / Lowe","Elle Lowe","Connor Nelson"
"The Portland Open - Spikeball Challenger 2023","2023","2023-07-01","Beaverton, OR, US","Mixed Advanced 4.0+","Lower Division (Medals)",4,"4th Place (No Award)","None","Non-Profit","Kieran Rose","Malia Sato"
"Long Island Classic - Spikeball Challenger 2023","2023","2023-07-08","Central Islip, NY, US","Premier (5.0+)","Lower Division (Medals)",1,"🥇 Gold Medal","None","Guachos","Josh Fragiacomo","Ryan Oswalt"
"Long Island Classic - Spikeball Challenger 2023","2023","2023-07-08","Central Islip, NY, US","Premier (5.0+)","Lower Division (Medals)",2,"🥈 Silver Medal","None","RVA Spike","Brayden Latham","Will Picone"
"Long Island Classic - Spikeball Challenger 2023","2023","2023-07-08","Central Islip, NY, US","Premier (5.0+)","Lower Division (Medals)",3,"🥉 Bronze Medal","None","Sweet Nothings","Noah Luskus","Brendan Ferreira"
"Long Island Classic - Spikeball Challenger 2023","2023","2023-07-08","Central Islip, NY, US","Premier (5.0+)","Lower Division (Medals)",4,"4th Place (No Award)","None","M. Model / R. Santiago","Ricky Santiago","Max Model"
"Long Island Classic - Spikeball Challenger 2023","2023","2023-07-08","Central Islip, NY, US","Contender (4.5)","Lower Division (Medals)",1,"🥇 Gold Medal","None","Absolutely Torqued","Isaac Staats","Alex Newton"
"Long Island Classic - Spikeball Challenger 2023","2023","2023-07-08","Central Islip, NY, US","Contender (4.5)","Lower Division (Medals)",2,"🥈 Silver Medal","None","Asioneer","Jerry Lee","CHOU PO-JUI"
"Long Island Classic - Spikeball Challenger 2023","2023","2023-07-08","Central Islip, NY, US","Contender (4.5)","Lower Division (Medals)",3,"🥉 Bronze Medal","None","Low Expectations","Riley LeBlanc","Alex LeBlanc"
"Long Island Classic - Spikeball Challenger 2023","2023","2023-07-08","Central Islip, NY, US","Contender (4.5)","Lower Division (Medals)",4,"4th Place (No Award)","None","Bootycheeks","Greg Bove","Michael Nelson"
"Long Island Classic - Spikeball Challenger 2023","2023","2023-07-08","Central Islip, NY, US","Advanced (4.0)","Lower Division (Medals)",1,"🥇 Gold Medal","None","Panda","Matthew Li","Ryan Hoang"
"Long Island Classic - Spikeball Challenger 2023","2023","2023-07-08","Central Islip, NY, US","Advanced (4.0)","Lower Division (Medals)",2,"🥈 Silver Medal","None","Pulchritudinous Callipygians","Collin Wickramaratna","Nate Kunz"
"Long Island Classic - Spikeball Challenger 2023","2023","2023-07-08","Central Islip, NY, US","Advanced (4.0)","Lower Division (Medals)",3,"🥉 Bronze Medal","None","aced and confused","Wilson Jablonski","JP Jablonski"
"Long Island Classic - Spikeball Challenger 2023","2023","2023-07-08","Central Islip, NY, US","Advanced (4.0)","Lower Division (Medals)",4,"4th Place (No Award)","None","Cafe Buza","Zachary Amendola","Jack Briggs"
"Long Island Classic - Spikeball Challenger 2023","2023","2023-07-08","Central Islip, NY, US","Intermediate (3.0)","Lower Division (Medals)",1,"🥇 Gold Medal","None","Amateur Hitmen","Conor Chickos","Jason Lin"
"Long Island Classic - Spikeball Challenger 2023","2023","2023-07-08","Central Islip, NY, US","Intermediate (3.0)","Lower Division (Medals)",2,"🥈 Silver Medal","None","Fear","Jessica Panuccio","Abby Norris"
"Long Island Classic - Spikeball Challenger 2023","2023","2023-07-08","Central Islip, NY, US","Intermediate (3.0)","Lower Division (Medals)",3,"🥉 Bronze Medal","None","Tom and Joey","Thomas Gomez","Joe  Amabile"
"Long Island Classic - Spikeball Challenger 2023","2023","2023-07-08","Central Islip, NY, US","Intermediate (3.0)","Lower Division (Medals)",4,"4th Place (No Award)","None","Dirty Mike and the Boys","Kenny Legan","Doug Clawson"
"Long Island Classic - Spikeball Challenger 2023","2023","2023-07-08","Central Islip, NY, US","Mixed / Co-ED Advanced (4.0+)","Lower Division (Medals)",1,"🥇 Gold Medal","None","Lamontagne/Bingham","Abigale Lamontagne","Jared Bingham"
"Long Island Classic - Spikeball Challenger 2023","2023","2023-07-08","Central Islip, NY, US","Mixed / Co-ED Advanced (4.0+)","Lower Division (Medals)",2,"🥈 Silver Medal","None","California Girls","Lucas Pruett","Malia Wanderer"
"Long Island Classic - Spikeball Challenger 2023","2023","2023-07-08","Central Islip, NY, US","Mixed / Co-ED Advanced (4.0+)","Lower Division (Medals)",3,"🥉 Bronze Medal","None","Jumbo Shrimp","Matt Spolarich","Lourna Szabanos"
"Long Island Classic - Spikeball Challenger 2023","2023","2023-07-08","Central Islip, NY, US","Mixed / Co-ED Advanced (4.0+)","Lower Division (Medals)",4,"4th Place (No Award)","None","Avec Dream","Jerry Lee","Carina Kuo"
"Windy City Classic-Spikeball Challenger 2023","2023","2023-07-08","Schaumburg, IL, US","Premier(5.0)","Lower Division (Medals)",1,"🥇 Gold Medal","None","Rogue","Thomas Hamilton","Ryan Marino"
"Windy City Classic-Spikeball Challenger 2023","2023","2023-07-08","Schaumburg, IL, US","Premier(5.0)","Lower Division (Medals)",2,"🥈 Silver Medal","None","Tube Steaks","Emerson Dean","Skyler Sebring"
"Windy City Classic-Spikeball Challenger 2023","2023","2023-07-08","Schaumburg, IL, US","Premier(5.0)","Lower Division (Medals)",3,"🥉 Bronze Medal","None","CRO Fall Damage","Tyler Babin","Chris Brown"
"Windy City Classic-Spikeball Challenger 2023","2023","2023-07-08","Schaumburg, IL, US","Premier(5.0)","Lower Division (Medals)",4,"4th Place (No Award)","None","Basketball Purity","Joey Reynolds","Jack Bushart"
"Windy City Classic-Spikeball Challenger 2023","2023","2023-07-08","Schaumburg, IL, US","Women’s","Lower Division (Medals)",1,"🥇 Gold Medal","None","BIG BEAVERS","Jaime Cunningham","Shonda Couroux"
"Windy City Classic-Spikeball Challenger 2023","2023","2023-07-08","Schaumburg, IL, US","Women’s","Lower Division (Medals)",2,"🥈 Silver Medal","None","Red Spike and Blue","Faith Mehlhausen","Christabelle Mehlhausen"
"Windy City Classic-Spikeball Challenger 2023","2023","2023-07-08","Schaumburg, IL, US","Women’s","Lower Division (Medals)",3,"🥉 Bronze Medal","None","Sams Club","Samantha Barklow","sam greathouse"
"Windy City Classic-Spikeball Challenger 2023","2023","2023-07-08","Schaumburg, IL, US","Women’s","Lower Division (Medals)",4,"4th Place (No Award)","None","🐱astrophic","Bekah Smith","Tiff Ding"
"Windy City Classic-Spikeball Challenger 2023","2023","2023-07-08","Schaumburg, IL, US","Advanced(4.0)","Lower Division (Medals)",1,"🥇 Gold Medal","None","Unkown","Michael Zagone","Jack Mathews"
"Windy City Classic-Spikeball Challenger 2023","2023","2023-07-08","Schaumburg, IL, US","Advanced(4.0)","Lower Division (Medals)",2,"🥈 Silver Medal","None","The Brothers in Law","Matthew Williams","Micah Williams"
"Windy City Classic-Spikeball Challenger 2023","2023","2023-07-08","Schaumburg, IL, US","Advanced(4.0)","Lower Division (Medals)",3,"🥉 Bronze Medal","None",""Click" enthusiasts","will goetz","Ryan Nelson"
"Windy City Classic-Spikeball Challenger 2023","2023","2023-07-08","Schaumburg, IL, US","Advanced(4.0)","Lower Division (Medals)",4,"4th Place (No Award)","None","Grass Wreckers","Noah Geller","Emmanuel Nodal"
"Windy City Classic-Spikeball Challenger 2023","2023","2023-07-08","Schaumburg, IL, US","Intermediate(3.0)","Lower Division (Medals)",1,"🥇 Gold Medal","None","Super Spike Bros","Carter Louisell","Ethan Morello"
"Windy City Classic-Spikeball Challenger 2023","2023","2023-07-08","Schaumburg, IL, US","Intermediate(3.0)","Lower Division (Medals)",2,"🥈 Silver Medal","None","πr²net","Tahseen Robbani","Sanim Chowdhury"
"Windy City Classic-Spikeball Challenger 2023","2023","2023-07-08","Schaumburg, IL, US","Intermediate(3.0)","Lower Division (Medals)",3,"🥉 Bronze Medal","None","The Crustaceans","Michael Reeve","James Lawler"
"Windy City Classic-Spikeball Challenger 2023","2023","2023-07-08","Schaumburg, IL, US","Intermediate(3.0)","Lower Division (Medals)",4,"4th Place (No Award)","None","Spicy Rice Cake","Daniel Le","Israel Hernandez"
"Windy City Classic-Spikeball Challenger 2023","2023","2023-07-08","Schaumburg, IL, US","Mixed Intermediate(2.0-3.0)","Lower Division (Medals)",1,"🥇 Gold Medal","None","Lulu Limón","Julie Orozco","Luis Orozco"
"Windy City Classic-Spikeball Challenger 2023","2023","2023-07-08","Schaumburg, IL, US","Mixed Intermediate(2.0-3.0)","Lower Division (Medals)",2,"🥈 Silver Medal","None","The Freedom Quitters","Jenna Olson","Owen Luetke"
"Windy City Classic-Spikeball Challenger 2023","2023","2023-07-08","Schaumburg, IL, US","Mixed Intermediate(2.0-3.0)","Lower Division (Medals)",3,"🥉 Bronze Medal","None","Hit on 2","ISAAC GAVIN","Emma Blair"
"Windy City Classic-Spikeball Challenger 2023","2023","2023-07-08","Schaumburg, IL, US","Mixed Intermediate(2.0-3.0)","Lower Division (Medals)",4,"4th Place (No Award)","None","Strawberry Tall Cake","Sophia Schmidt","Austin Jarnagin"
"Windy City Classic-Spikeball Challenger 2023","2023","2023-07-08","Schaumburg, IL, US","Contender(4.5)","Lower Division (Medals)",1,"🥇 Gold Medal","None","CT/SheckBreezy","brandon farronato","Colin TOLENTINO"
"Windy City Classic-Spikeball Challenger 2023","2023","2023-07-08","Schaumburg, IL, US","Contender(4.5)","Lower Division (Medals)",2,"🥈 Silver Medal","None","Primal","Ruben Zapata","Micah Bouman"
"Windy City Classic-Spikeball Challenger 2023","2023","2023-07-08","Schaumburg, IL, US","Contender(4.5)","Lower Division (Medals)",3,"🥉 Bronze Medal","None","Soft Serve Custard but married now","Jared Kula","Joseph Coughlin"
"Windy City Classic-Spikeball Challenger 2023","2023","2023-07-08","Schaumburg, IL, US","Contender(4.5)","Lower Division (Medals)",4,"4th Place (No Award)","None","Death By Dropping Too Many of You Fools","Zak Kovatch","Griffin Sisk"
"Windy City Classic-Spikeball Challenger 2023","2023","2023-07-08","Schaumburg, IL, US","Mixed Advanced(4.0+)","Lower Division (Medals)",1,"🥇 Gold Medal","None","GFD supporters","Bekah Smith","Justin Barr"
"Windy City Classic-Spikeball Challenger 2023","2023","2023-07-08","Schaumburg, IL, US","Mixed Advanced(4.0+)","Lower Division (Medals)",2,"🥈 Silver Medal","None","Risky Bizz","Emerson Dean","Jaime Cunningham"
"Windy City Classic-Spikeball Challenger 2023","2023","2023-07-08","Schaumburg, IL, US","Mixed Advanced(4.0+)","Lower Division (Medals)",3,"🥉 Bronze Medal","None","She Breezy","Chris Brown","Shonda Couroux"
"Windy City Classic-Spikeball Challenger 2023","2023","2023-07-08","Schaumburg, IL, US","Mixed Advanced(4.0+)","Lower Division (Medals)",4,"4th Place (No Award)","None","Toxic BabyCakes","Tim Lacagnina","Adrianna Grothause"
"Los Angeles Open #3 -California Roundnet","2023","2023-07-08","Agoura Hills, CA, US","Contender/Advanced 3.0-4.5","Lower Division (Medals)",1,"🥇 Gold Medal","None","Water Ice","Aaron Treece","Marc Baldwin"
"Los Angeles Open #3 -California Roundnet","2023","2023-07-08","Agoura Hills, CA, US","Contender/Advanced 3.0-4.5","Lower Division (Medals)",2,"🥈 Silver Medal","None","Hicktown","Micah Allin","Noah Severson"
"Los Angeles Open #3 -California Roundnet","2023","2023-07-08","Agoura Hills, CA, US","Contender/Advanced 3.0-4.5","Lower Division (Medals)",3,"🥉 Bronze Medal","None","Wet Willy","Will Foote","Perrin York"
"Los Angeles Open #3 -California Roundnet","2023","2023-07-08","Agoura Hills, CA, US","Contender/Advanced 3.0-4.5","Lower Division (Medals)",4,"4th Place (No Award)","None","Are You Michael and Spencer?","Spencer Giddings","Michael Soliz"
"Los Angeles Open #3 -California Roundnet","2023","2023-07-08","Agoura Hills, CA, US","Expert 5.0","Lower Division (Medals)",1,"🥇 Gold Medal","None","75 Soft","Jason Rhoads","Samuel Buckman"
"Los Angeles Open #3 -California Roundnet","2023","2023-07-08","Agoura Hills, CA, US","Expert 5.0","Lower Division (Medals)",2,"🥈 Silver Medal","None","Flashbang ","Joseph Kaylor","Erik Faeustle"
"Los Angeles Open #3 -California Roundnet","2023","2023-07-08","Agoura Hills, CA, US","Expert 5.0","Lower Division (Medals)",3,"🥉 Bronze Medal","None","Fractal Spikes","Connor Nelson","Michael Du"
"Los Angeles Open #3 -California Roundnet","2023","2023-07-08","Agoura Hills, CA, US","Expert 5.0","Lower Division (Medals)",4,"4th Place (No Award)","None","See you in the finals","Clifton Miller","Ethan Zehr"
"Nashville Cup - Spikeball Challenger 2023","2023","2023-07-15","Nashville, TN, US","Premier (5.0)","Lower Division (Medals)",1,"🥇 Gold Medal","None","Rogue","Thomas Hamilton","Ryan Marino"
"Nashville Cup - Spikeball Challenger 2023","2023","2023-07-15","Nashville, TN, US","Premier (5.0)","Lower Division (Medals)",2,"🥈 Silver Medal","None","Kingdom Come","Grant Klapwijk","Matthew Cole"
"Nashville Cup - Spikeball Challenger 2023","2023","2023-07-15","Nashville, TN, US","Premier (5.0)","Lower Division (Medals)",3,"🥉 Bronze Medal","None","Absolutely Sozzled","Cade Larson","Matthew Burrows"
"Nashville Cup - Spikeball Challenger 2023","2023","2023-07-15","Nashville, TN, US","Premier (5.0)","Lower Division (Medals)",4,"4th Place (No Award)","None","Morgan/Mowry","Dawson Morgan","Luke Mowry"
"Nashville Cup - Spikeball Challenger 2023","2023","2023-07-15","Nashville, TN, US","Contender 4.5+","Lower Division (Medals)",1,"🥇 Gold Medal","None","Wild pickles","Donovan Michel","Aleks Essen"
"Nashville Cup - Spikeball Challenger 2023","2023","2023-07-15","Nashville, TN, US","Contender 4.5+","Lower Division (Medals)",1,"🥇 Gold Medal","None","Cleveland Cowboys","Daniel Patten","Levi Rogers"
"Nashville Cup - Spikeball Challenger 2023","2023","2023-07-15","Nashville, TN, US","Contender 4.5+","Lower Division (Medals)",3,"🥉 Bronze Medal","None","Anomaly","Bradley Clark","Ali Jenki"
"Nashville Cup - Spikeball Challenger 2023","2023","2023-07-15","Nashville, TN, US","Contender 4.5+","Lower Division (Medals)",4,"4th Place (No Award)","None","Grab it Don't Slap it","Keith Fleischmann","Devin Baron"
"Nashville Cup - Spikeball Challenger 2023","2023","2023-07-15","Nashville, TN, US","Women's Advanced 4.0+","Lower Division (Medals)",1,"🥇 Gold Medal","None","11:1","Julia Timan","Kalin Morgan"
"Nashville Cup - Spikeball Challenger 2023","2023","2023-07-15","Nashville, TN, US","Women's Advanced 4.0+","Lower Division (Medals)",2,"🥈 Silver Medal","None","rudyTOOTYcowboycat","Tiff Ding","Allie Foster"
"Nashville Cup - Spikeball Challenger 2023","2023","2023-07-15","Nashville, TN, US","Women's Advanced 4.0+","Lower Division (Medals)",3,"🥉 Bronze Medal","None",":-)","Carina Kuo","Stef Ding"
"Nashville Cup - Spikeball Challenger 2023","2023","2023-07-15","Nashville, TN, US","Women's Advanced 4.0+","Lower Division (Medals)",4,"4th Place (No Award)","None","The Only Ten-I-See","Daley Freeman","Paige Scanlon"
"Nashville Cup - Spikeball Challenger 2023","2023","2023-07-15","Nashville, TN, US","Intermediate 3.0","Lower Division (Medals)",1,"🥇 Gold Medal","None","SpikeBallrz","London Craddock","Silas Behnke"
"Nashville Cup - Spikeball Challenger 2023","2023","2023-07-15","Nashville, TN, US","Intermediate 3.0","Lower Division (Medals)",2,"🥈 Silver Medal","None","The bad weather boys 🌪","Zac Miller","Ty Williams"
"Nashville Cup - Spikeball Challenger 2023","2023","2023-07-15","Nashville, TN, US","Intermediate 3.0","Lower Division (Medals)",3,"🥉 Bronze Medal","None","Nacho y esqueleto","lambros louloupides","Brennan Buss"
"Nashville Cup - Spikeball Challenger 2023","2023","2023-07-15","Nashville, TN, US","Intermediate 3.0","Lower Division (Medals)",4,"4th Place (No Award)","None","The SWAT Team","Mitchell York","Sawyer Garrett"
"Nashville Cup - Spikeball Challenger 2023","2023","2023-07-15","Nashville, TN, US","Mixed","Lower Division (Medals)",1,"🥇 Gold Medal","None","Living Water","Grant Klapwijk","Julia Timan"
"Nashville Cup - Spikeball Challenger 2023","2023","2023-07-15","Nashville, TN, US","Mixed","Lower Division (Medals)",2,"🥈 Silver Medal","None","Little Bear ","Matthew Cole","Allie Foster"
"Nashville Cup - Spikeball Challenger 2023","2023","2023-07-15","Nashville, TN, US","Mixed","Lower Division (Medals)",3,"🥉 Bronze Medal","None","Casual Aliens","Ali Jenki","Brendan Ferreira"
"Nashville Cup - Spikeball Challenger 2023","2023","2023-07-15","Nashville, TN, US","Mixed","Lower Division (Medals)",3,"🥉 Bronze Medal","None","Bumfuzzle","Olivia Jenki","Ryan Marino"
"The Philadelphia Major 2023","2023","2023-07-22","West Bradford Township, PA, US","Mixed Intermediate 2.0-3.0","Lower Division (Medals)",1,"🥇 Gold Medal","None","Tank","Janey Rubin","Ty Fields"
"The Philadelphia Major 2023","2023","2023-07-22","West Bradford Township, PA, US","Mixed Intermediate 2.0-3.0","Lower Division (Medals)",2,"🥈 Silver Medal","None","Sass to the Grass","Tim Daudelin","Katrina Gabriella"
"The Philadelphia Major 2023","2023","2023-07-22","West Bradford Township, PA, US","Mixed Intermediate 2.0-3.0","Lower Division (Medals)",3,"🥉 Bronze Medal","None","Liam & Lydia","Liam Sherron","Lydia Malone"
"The Philadelphia Major 2023","2023","2023-07-22","West Bradford Township, PA, US","Mixed Intermediate 2.0-3.0","Lower Division (Medals)",4,"4th Place (No Award)","None","Alfredo Aces","Josh Esposo","Bel Belvedere"
"The Philadelphia Major 2023","2023","2023-07-22","West Bradford Township, PA, US","Intermediate 3.0","Lower Division (Medals)",1,"🥇 Gold Medal","None","Spikalogians","Ben Kabakjian","Andrew Trumbore"
"The Philadelphia Major 2023","2023","2023-07-22","West Bradford Township, PA, US","Intermediate 3.0","Lower Division (Medals)",2,"🥈 Silver Medal","None","Scandinavian Salmon","Dave Davino","John Fenlon"
"The Philadelphia Major 2023","2023","2023-07-22","West Bradford Township, PA, US","Intermediate 3.0","Lower Division (Medals)",3,"🥉 Bronze Medal","None","Gaels II","Gregory Conley","Nathan Born"
"The Philadelphia Major 2023","2023","2023-07-22","West Bradford Township, PA, US","Intermediate 3.0","Lower Division (Medals)",4,"4th Place (No Award)","None","Super Smash Bros","Aiden Bagi","Connor Blence"
"The Philadelphia Major 2023","2023","2023-07-22","West Bradford Township, PA, US","Contender 4.5+","Lower Division (Medals)",1,"🥇 Gold Medal","None","Let's Eat","Matthias Dreiling","Dennis Wei"
"The Philadelphia Major 2023","2023","2023-07-22","West Bradford Township, PA, US","Contender 4.5+","Lower Division (Medals)",2,"🥈 Silver Medal","None","Low Blows","Jonathan Yuan","Kevin Chen"
"The Philadelphia Major 2023","2023","2023-07-22","West Bradford Township, PA, US","Contender 4.5+","Lower Division (Medals)",3,"🥉 Bronze Medal","None","W'S ONLY","Conrad Wagler","Jaden Weber"
"The Philadelphia Major 2023","2023","2023-07-22","West Bradford Township, PA, US","Contender 4.5+","Lower Division (Medals)",4,"4th Place (No Award)","None","Fried Pork","Lucas Hope","Ryan Park"
"The Philadelphia Major 2023","2023","2023-07-22","West Bradford Township, PA, US","Women's Advanced 4.0+","Lower Division (Medals)",1,"🥇 Gold Medal","None","VV Munchkins ","Olivia Jenki","Allie Foster"
"The Philadelphia Major 2023","2023","2023-07-22","West Bradford Township, PA, US","Women's Advanced 4.0+","Lower Division (Medals)",2,"🥈 Silver Medal","None","Royalty","Laurence Vallée","Katie Pierson"
"The Philadelphia Major 2023","2023","2023-07-22","West Bradford Township, PA, US","Women's Advanced 4.0+","Lower Division (Medals)",3,"🥉 Bronze Medal","None","teenage petulance","Sarah Allen","Kalin Morgan"
"The Philadelphia Major 2023","2023","2023-07-22","West Bradford Township, PA, US","Women's Advanced 4.0+","Lower Division (Medals)",4,"4th Place (No Award)","None","Tea Time","Joelle Nguyen","Lou Washburn"
"The Philadelphia Major 2023","2023","2023-07-22","West Bradford Township, PA, US","Mixed Advanced 4.0+","Lower Division (Medals)",1,"🥇 Gold Medal","None","Gabraham Lincoln, Nebraska","Sarah Allen","Gabe Finocchi"
"The Philadelphia Major 2023","2023","2023-07-22","West Bradford Township, PA, US","Mixed Advanced 4.0+","Lower Division (Medals)",2,"🥈 Silver Medal","None","TRP subtle","Joe Bondi","Ali Jenki"
"The Philadelphia Major 2023","2023","2023-07-22","West Bradford Township, PA, US","Mixed Advanced 4.0+","Lower Division (Medals)",3,"🥉 Bronze Medal","None","Woopsie Doopsie","Vincent Mathieu","Lou Washburn"
"The Philadelphia Major 2023","2023","2023-07-22","West Bradford Township, PA, US","Mixed Advanced 4.0+","Lower Division (Medals)",4,"4th Place (No Award)","None","Golden Hour","Olivia Jenki","Will Picone"
"The Philadelphia Major 2023","2023","2023-07-22","West Bradford Township, PA, US","Premier 5.0+","Lower Division (Medals)",1,"🥇 Gold Medal","None","Rogue","Thomas Hamilton","Ryan Marino"
"The Philadelphia Major 2023","2023","2023-07-22","West Bradford Township, PA, US","Premier 5.0+","Lower Division (Medals)",2,"🥈 Silver Medal","None","Critical Hit","Justin Barr","Vincent Mathieu"
"The Philadelphia Major 2023","2023","2023-07-22","West Bradford Township, PA, US","Premier 5.0+","Lower Division (Medals)",3,"🥉 Bronze Medal","None","Judgment Day","Gabriel Finocchi","fredric hinkle"
"The Philadelphia Major 2023","2023","2023-07-22","West Bradford Township, PA, US","Premier 5.0+","Lower Division (Medals)",4,"4th Place (No Award)","None","TRP Spotless","Joe Bondi","Ryan Gross"
"The Maryland Monumental | Spikeball Challenger 2023 | DAY 1","2023","2023-07-29","Boyds, MD, US","4.0+ Women's Advanced","Lower Division (Medals)",1,"🥇 Gold Medal","None","whiff & tiff?","Meagan Bown","Tiff Ding"
"The Maryland Monumental | Spikeball Challenger 2023 | DAY 1","2023","2023-07-29","Boyds, MD, US","4.0+ Women's Advanced","Lower Division (Medals)",2,"🥈 Silver Medal","None","Stef and Abby ","Abby Piedmont","Stef Ding"
"The Maryland Monumental | Spikeball Challenger 2023 | DAY 1","2023","2023-07-29","Boyds, MD, US","4.0+ Women's Advanced","Lower Division (Medals)",3,"🥉 Bronze Medal","None","Goofy Goobers","Alyssa Drain","Katheleen Phan"
"The Maryland Monumental | Spikeball Challenger 2023 | DAY 1","2023","2023-07-29","Boyds, MD, US","4.0+ Women's Advanced","Lower Division (Medals)",4,"4th Place (No Award)","None","Scrambled Legs","Amanda Jamieson","Lourna Szabanos"
"The Maryland Monumental | Spikeball Challenger 2023 | DAY 1","2023","2023-07-29","Boyds, MD, US","4.0 Advanced","Lower Division (Medals)",1,"🥇 Gold Medal","None","Jack John(son)","John Silva","Jack Domark"
"The Maryland Monumental | Spikeball Challenger 2023 | DAY 1","2023","2023-07-29","Boyds, MD, US","4.0 Advanced","Lower Division (Medals)",2,"🥈 Silver Medal","None","It’s Not Over Till It’s Ogre","Christian Moore","Shane Moore"
"The Maryland Monumental | Spikeball Challenger 2023 | DAY 1","2023","2023-07-29","Boyds, MD, US","4.0 Advanced","Lower Division (Medals)",3,"🥉 Bronze Medal","None","Set it and Forget It","Kyle McNulty","Mike Callan"
"The Maryland Monumental | Spikeball Challenger 2023 | DAY 1","2023","2023-07-29","Boyds, MD, US","4.0 Advanced","Lower Division (Medals)",4,"4th Place (No Award)","None","BANANA BOYS","John Bullock","Eric Guan"
"The Maryland Monumental | Spikeball Challenger 2023 | DAY 1","2023","2023-07-29","Boyds, MD, US","2.0-3.0 Open Intermediate","Lower Division (Medals)",1,"🥇 Gold Medal","None","Wombo Combo","Justin Woffinden","Josh Woffinden"
"The Maryland Monumental | Spikeball Challenger 2023 | DAY 1","2023","2023-07-29","Boyds, MD, US","2.0-3.0 Open Intermediate","Lower Division (Medals)",2,"🥈 Silver Medal","None","Ballin on a Budget","Anders Benson","Justin Desai"
"The Maryland Monumental | Spikeball Challenger 2023 | DAY 1","2023","2023-07-29","Boyds, MD, US","2.0-3.0 Open Intermediate","Lower Division (Medals)",3,"🥉 Bronze Medal","None","Le Pass Down","Aaron Witkin","Baillie Olin"
"The Maryland Monumental | Spikeball Challenger 2023 | DAY 1","2023","2023-07-29","Boyds, MD, US","2.0-3.0 Open Intermediate","Lower Division (Medals)",4,"4th Place (No Award)","None","Hot Pockets","Christina Benson","Hannah Covell"
"The Maryland Monumental | Spikeball Challenger 2023 | DAY 1","2023","2023-07-29","Boyds, MD, US","5.0+ Premier (Open)","Lower Division (Medals)",1,"🥇 Gold Medal","None","TRP palate cleanser ","Joe Bondi","Clark Marshall"
"The Maryland Monumental | Spikeball Challenger 2023 | DAY 1","2023","2023-07-29","Boyds, MD, US","5.0+ Premier (Open)","Lower Division (Medals)",2,"🥈 Silver Medal","None","Model/Finocchi","Gabe Finocchi","Cole Model"
"The Maryland Monumental | Spikeball Challenger 2023 | DAY 1","2023","2023-07-29","Boyds, MD, US","5.0+ Premier (Open)","Lower Division (Medals)",3,"🥉 Bronze Medal","None","Bags are Packed","Ryan Gross","Ryan Marino"
"The Maryland Monumental | Spikeball Challenger 2023 | DAY 1","2023","2023-07-29","Boyds, MD, US","5.0+ Premier (Open)","Lower Division (Medals)",4,"4th Place (No Award)","None","Abrams/ Picone ☀️🚿 ","Dan Abrams","Will Picone"
"The Maryland Monumental | Spikeball Challenger 2023 | DAY 1","2023","2023-07-29","Boyds, MD, US","4.5+ Contender (Open)","Lower Division (Medals)",1,"🥇 Gold Medal","None","Falck - Drew","Drew Ryder","Felipe Larroza"
"The Maryland Monumental | Spikeball Challenger 2023 | DAY 1","2023","2023-07-29","Boyds, MD, US","4.5+ Contender (Open)","Lower Division (Medals)",2,"🥈 Silver Medal","None","an embarrassing number of points","Jared Dean Katz","Garrett Blanchard"
"The Maryland Monumental | Spikeball Challenger 2023 | DAY 1","2023","2023-07-29","Boyds, MD, US","4.5+ Contender (Open)","Lower Division (Medals)",3,"🥉 Bronze Medal","None","Premerekats","Justin Wang","Riley Savastano"
"The Maryland Monumental | Spikeball Challenger 2023 | DAY 1","2023","2023-07-29","Boyds, MD, US","4.5+ Contender (Open)","Lower Division (Medals)",4,"4th Place (No Award)","None","Williamsburg Roundnet","Elijah Katz","Noah Katz"
"HeatWave Classic VI - Spikeball Challenger 2023","2023","2023-07-29","Round Rock, TX, US","Premier 5.0","Lower Division (Medals)",1,"🥇 Gold Medal","None","Kingdom Come","Grant Klapwijk","Matthew Cole"
"HeatWave Classic VI - Spikeball Challenger 2023","2023","2023-07-29","Round Rock, TX, US","Premier 5.0","Lower Division (Medals)",2,"🥈 Silver Medal","None","TRP Sauucy","Rahul Murthy","Christian Bennett"
"HeatWave Classic VI - Spikeball Challenger 2023","2023","2023-07-29","Round Rock, TX, US","Premier 5.0","Lower Division (Medals)",3,"🥉 Bronze Medal","None","HM01","Luke Mowry","Caleb Cummings"
"HeatWave Classic VI - Spikeball Challenger 2023","2023","2023-07-29","Round Rock, TX, US","Premier 5.0","Lower Division (Medals)",4,"4th Place (No Award)","None","Bink City","Tyler Fernandez","fredric hinkle"
"HeatWave Classic VI - Spikeball Challenger 2023","2023","2023-07-29","Round Rock, TX, US","Advanced 4.0","Lower Division (Medals)",1,"🥇 Gold Medal","None","Underserved","Thomas Ku","Michael Peng"
"HeatWave Classic VI - Spikeball Challenger 2023","2023","2023-07-29","Round Rock, TX, US","Advanced 4.0","Lower Division (Medals)",2,"🥈 Silver Medal","None","Schlö boys","John ODonnell","Karsten Bresser"
"HeatWave Classic VI - Spikeball Challenger 2023","2023","2023-07-29","Round Rock, TX, US","Advanced 4.0","Lower Division (Medals)",3,"🥉 Bronze Medal","None","Short Shawties","Bryce Wurster","Ethan Phelps"
"HeatWave Classic VI - Spikeball Challenger 2023","2023","2023-07-29","Round Rock, TX, US","Advanced 4.0","Lower Division (Medals)",4,"4th Place (No Award)","None","The BrOreos","Matthew Xu","Timothy Wong"
"HeatWave Classic VI - Spikeball Challenger 2023","2023","2023-07-29","Round Rock, TX, US","Women's 4.0","Lower Division (Medals)",1,"🥇 Gold Medal","None","Pocket Monsters","Rebecca Peng","Yan Chung Cheung"
"HeatWave Classic VI - Spikeball Challenger 2023","2023","2023-07-29","Round Rock, TX, US","Women's 4.0","Lower Division (Medals)",2,"🥈 Silver Medal","None","Lydia/Raylyn","Raylyn Tarquinio","Lydia Malone"
"HeatWave Classic VI - Spikeball Challenger 2023","2023","2023-07-29","Round Rock, TX, US","Women's 4.0","Lower Division (Medals)",3,"🥉 Bronze Medal","None","caprisun kids","Anna Wong","Jordan Su"
"HeatWave Classic VI - Spikeball Challenger 2023","2023","2023-07-29","Round Rock, TX, US","Women's 4.0","Lower Division (Medals)",3,"🥉 Bronze Medal","None","sus kids","kara douglas","Alyson Wurster"
"HeatWave Classic VI - Spikeball Challenger 2023","2023","2023-07-29","Round Rock, TX, US","Contender 4.5","Lower Division (Medals)",1,"🥇 Gold Medal","None","To be decided","Shachi Patel","Grant Marshall"
"HeatWave Classic VI - Spikeball Challenger 2023","2023","2023-07-29","Round Rock, TX, US","Contender 4.5","Lower Division (Medals)",2,"🥈 Silver Medal","None","Horns Down","Cooper Diaz","Gibb Layton"
"HeatWave Classic VI - Spikeball Challenger 2023","2023","2023-07-29","Round Rock, TX, US","Contender 4.5","Lower Division (Medals)",3,"🥉 Bronze Medal","None","Lemme Cook","Julia Timan","Jerm Porter"
"HeatWave Classic VI - Spikeball Challenger 2023","2023","2023-07-29","Round Rock, TX, US","Contender 4.5","Lower Division (Medals)",4,"4th Place (No Award)","None","Kibby Tipps","Kyle Grimes","varun ramesh"
"Crete Open","2023","2023-07-29","Crete, IL, US","Expert(4.5)","Lower Division (Medals)",1,"🥇 Gold Medal","None","Broekema/Fowler","Gavin Broekema","Kyle Fowler"
"Crete Open","2023","2023-07-29","Crete, IL, US","Expert(4.5)","Lower Division (Medals)",2,"🥈 Silver Medal","None","My Mom","Corey Schneck","Joey Reynolds"
"Crete Open","2023","2023-07-29","Crete, IL, US","Expert(4.5)","Lower Division (Medals)",3,"🥉 Bronze Medal","None","Double or Nothing","Marty Merigold","Kenny Velu"
"Crete Open","2023","2023-07-29","Crete, IL, US","Expert(4.5)","Lower Division (Medals)",4,"4th Place (No Award)","None","Grit","Ruben Zapata","Jason Inumerable"
"San Jose Open #4 -California Roundnet","2023","2023-08-05","San Jose, CA, US","Expert 5.0","Lower Division (Medals)",1,"🥇 Gold Medal","None","white men can’t jump","Jason Rhoads","Joseph Kaylor"
"San Jose Open #4 -California Roundnet","2023","2023-08-05","San Jose, CA, US","Expert 5.0","Lower Division (Medals)",2,"🥈 Silver Medal","None","Almost a full Mexican ","Josh Fragiacomo","Clifton Miller"
"San Jose Open #4 -California Roundnet","2023","2023-08-05","San Jose, CA, US","Expert 5.0","Lower Division (Medals)",3,"🥉 Bronze Medal","None","Accio Pitcher","Jacob Payer","Connor Nelson"
"San Jose Open #4 -California Roundnet","2023","2023-08-05","San Jose, CA, US","Expert 5.0","Lower Division (Medals)",4,"4th Place (No Award)","None","Edge Guarders","Michael Du","Charlie Camarena"
"San Jose Open #4 -California Roundnet","2023","2023-08-05","San Jose, CA, US","Contender 3.0-4.5","Lower Division (Medals)",1,"🥇 Gold Medal","None","SetOnMyFace","Krish Kumar","Jake Young"
"San Jose Open #4 -California Roundnet","2023","2023-08-05","San Jose, CA, US","Contender 3.0-4.5","Lower Division (Medals)",2,"🥈 Silver Medal","None","Butter","Esteban Cambronero Saba","Michael Liu"
"San Jose Open #4 -California Roundnet","2023","2023-08-05","San Jose, CA, US","Contender 3.0-4.5","Lower Division (Medals)",3,"🥉 Bronze Medal","None","Fwango Unchained","Thomas  McClure ","Noah Saddik"
"San Jose Open #4 -California Roundnet","2023","2023-08-05","San Jose, CA, US","Contender 3.0-4.5","Lower Division (Medals)",3,"🥉 Bronze Medal","None","on2","Rohun Shroff","Devon Lee"
"BANG! - Spikeball Challenger 2023","2023","2023-08-05","Rochester Hills, MI, US","Premier","Lower Division (Medals)",1,"🥇 Gold Medal","None","Rogue","Thomas Hamilton","Ryan Marino"
"BANG! - Spikeball Challenger 2023","2023","2023-08-05","Rochester Hills, MI, US","Premier","Lower Division (Medals)",2,"🥈 Silver Medal","None","Critical Hit","Justin Barr","Vincent Mathieu"
"BANG! - Spikeball Challenger 2023","2023","2023-08-05","Rochester Hills, MI, US","Premier","Lower Division (Medals)",3,"🥉 Bronze Medal","None","Swamp Donkeys","Emerson Dean","Etienne Cote"
"BANG! - Spikeball Challenger 2023","2023","2023-08-05","Rochester Hills, MI, US","Premier","Lower Division (Medals)",4,"4th Place (No Award)","None","Pneumatic💥","Dawson Morgan","Blake Bosak"
"BANG! - Spikeball Challenger 2023","2023","2023-08-05","Rochester Hills, MI, US","Womens","Lower Division (Medals)",1,"🥇 Gold Medal","None","YU-BAE","Dianne Fonseca","Soph Yu"
"BANG! - Spikeball Challenger 2023","2023","2023-08-05","Rochester Hills, MI, US","Womens","Lower Division (Medals)",2,"🥈 Silver Medal","None","BIG BEAVERS","Jaime Cunningham","Shonda Couroux"
"BANG! - Spikeball Challenger 2023","2023","2023-08-05","Rochester Hills, MI, US","Womens","Lower Division (Medals)",3,"🥉 Bronze Medal","None","PRIME","Adrianna Grothause","Samantha Barklow"
"BANG! - Spikeball Challenger 2023","2023","2023-08-05","Rochester Hills, MI, US","Womens","Lower Division (Medals)",4,"4th Place (No Award)","None","DQ grill & chill","Jhanaj Quispe","Rachel Dolan"
"BANG! - Spikeball Challenger 2023","2023","2023-08-05","Rochester Hills, MI, US","Contender","Lower Division (Medals)",1,"🥇 Gold Medal","None","Friedeman/U'Wren","Zeke Friedeman","Jacob U'Wren"
"BANG! - Spikeball Challenger 2023","2023","2023-08-05","Rochester Hills, MI, US","Contender","Lower Division (Medals)",2,"🥈 Silver Medal","None","Pocket Aces","Jack Bush","lucas klopfenstein"
"BANG! - Spikeball Challenger 2023","2023","2023-08-05","Rochester Hills, MI, US","Contender","Lower Division (Medals)",3,"🥉 Bronze Medal","None","Monty/Dhankani","Arjun Dhankani","Nathan Montgomery"
"BANG! - Spikeball Challenger 2023","2023","2023-08-05","Rochester Hills, MI, US","Contender","Lower Division (Medals)",4,"4th Place (No Award)","None","Get Milked","Drew Banziger","Izayah Gibson"
"BANG! - Spikeball Challenger 2023","2023","2023-08-05","Rochester Hills, MI, US","Intermediate","Lower Division (Medals)",1,"🥇 Gold Medal","None","Cann-do","Nathan Warner","Rob C"
"BANG! - Spikeball Challenger 2023","2023","2023-08-05","Rochester Hills, MI, US","Intermediate","Lower Division (Medals)",2,"🥈 Silver Medal","None","BALLSONYA","George Drallos","Chandler Oaks"
"BANG! - Spikeball Challenger 2023","2023","2023-08-05","Rochester Hills, MI, US","Intermediate","Lower Division (Medals)",3,"🥉 Bronze Medal","None","Senzu Beans","Nate Vargo","Robin Wolschendorf"
"BANG! - Spikeball Challenger 2023","2023","2023-08-05","Rochester Hills, MI, US","Intermediate","Lower Division (Medals)",4,"4th Place (No Award)","None","Chunky Monkey","Weston Motloch","Jay Cubitt"
"The Columbus Major 2023","2023","2023-08-12","Obetz, OH, US","Premier 5.0+","Lower Division (Medals)",1,"🥇 Gold Medal","None","Insystem","Etienne Cote","Blake Bosak"
"The Columbus Major 2023","2023","2023-08-12","Obetz, OH, US","Premier 5.0+","Lower Division (Medals)",2,"🥈 Silver Medal","None","Bad Combo","Will Picone","Rahul Murthy"
"The Columbus Major 2023","2023","2023-08-12","Obetz, OH, US","Premier 5.0+","Lower Division (Medals)",3,"🥉 Bronze Medal","None","Judgment Day","Gabriel Finocchi","fredric hinkle"
"The Columbus Major 2023","2023","2023-08-12","Obetz, OH, US","Premier 5.0+","Lower Division (Medals)",4,"4th Place (No Award)","None","Rogue","Thomas Hamilton","Ryan Marino"
"The Columbus Major 2023","2023","2023-08-12","Obetz, OH, US","Women's Advanced 4.0+","Lower Division (Medals)",1,"🥇 Gold Medal","None","TWINZ","Ali Jenki","Olivia Jenki"
"The Columbus Major 2023","2023","2023-08-12","Obetz, OH, US","Women's Advanced 4.0+","Lower Division (Medals)",2,"🥈 Silver Medal","None","2k•","Kayla Wu-Fleming","Karah Hui"
"The Columbus Major 2023","2023","2023-08-12","Obetz, OH, US","Women's Advanced 4.0+","Lower Division (Medals)",3,"🥉 Bronze Medal","None","Veggie Tales","Allie Foster","Shachi Patel"
"The Columbus Major 2023","2023","2023-08-12","Obetz, OH, US","Women's Advanced 4.0+","Lower Division (Medals)",4,"4th Place (No Award)","None","11:1","Julia Timan","Kalin Morgan"
"The Columbus Major 2023","2023","2023-08-12","Obetz, OH, US","Advanced/Intermediate","Lower Division (Medals)",1,"🥇 Gold Medal","None","Crewsters","Caleb Manwiller","Ethan Manwiller"
"The Columbus Major 2023","2023","2023-08-12","Obetz, OH, US","Advanced/Intermediate","Lower Division (Medals)",2,"🥈 Silver Medal","None","Too broke to afford mammoth","Kyle Griffin","Ryan Kelch"
"The Columbus Major 2023","2023","2023-08-12","Obetz, OH, US","Advanced/Intermediate","Lower Division (Medals)",3,"🥉 Bronze Medal","None","Me and Bro","Noah Frame","Larry Kendall"
"The Columbus Major 2023","2023","2023-08-12","Obetz, OH, US","Advanced/Intermediate","Lower Division (Medals)",3,"🥉 Bronze Medal","None","Team Hopewell","Ethan Alexander","Gabe Johnson"
"The Columbus Major 2023","2023","2023-08-12","Obetz, OH, US","Mixed Advanced 4.0+","Lower Division (Medals)",1,"🥇 Gold Medal","None","TRP Tequila","Olivia Jenki","Rahul Murthy"
"The Columbus Major 2023","2023","2023-08-12","Obetz, OH, US","Mixed Advanced 4.0+","Lower Division (Medals)",2,"🥈 Silver Medal","None","TRP subtle","Joe Bondi","Ali Jenki"
"The Columbus Major 2023","2023","2023-08-12","Obetz, OH, US","Mixed Advanced 4.0+","Lower Division (Medals)",3,"🥉 Bronze Medal","None","Jaskier’s Groupies","Ryan Marino","Shachi Patel"
"The Columbus Major 2023","2023","2023-08-12","Obetz, OH, US","Mixed Advanced 4.0+","Lower Division (Medals)",4,"4th Place (No Award)","None","pinto.","Karah Hui","Ryan Gross"
"The Columbus Major 2023","2023","2023-08-12","Obetz, OH, US","Contender 4.5+","Lower Division (Medals)",1,"🥇 Gold Medal","None","Narayan/Pinsonneault","Jacob Narayan","Macy Pinsonneault"
"The Columbus Major 2023","2023","2023-08-12","Obetz, OH, US","Contender 4.5+","Lower Division (Medals)",2,"🥈 Silver Medal","None","Renaissance","Brandon Tice","Rohil Senapati"
"The Columbus Major 2023","2023","2023-08-12","Obetz, OH, US","Contender 4.5+","Lower Division (Medals)",3,"🥉 Bronze Medal","None","Bremner/Semke","Chase Bremner","Wyatt Semke"
"The Columbus Major 2023","2023","2023-08-12","Obetz, OH, US","Contender 4.5+","Lower Division (Medals)",4,"4th Place (No Award)","None","1more","ty fields","Zak Kovatch"
"Ethan Song Roundnet Tournament | Spikeball Challenger 2023","2023","2023-08-19","North Branford, CT, US","4.0 Open Advanced","Lower Division (Medals)",1,"🥇 Gold Medal","None","Boost Maidens","Joe Sciano","Mackinly Yorgensen"
"Ethan Song Roundnet Tournament | Spikeball Challenger 2023","2023","2023-08-19","North Branford, CT, US","4.0 Open Advanced","Lower Division (Medals)",2,"🥈 Silver Medal","None","Spiked Cocktails","Carson Paull","Wilson Jablonski"
"Ethan Song Roundnet Tournament | Spikeball Challenger 2023","2023","2023-08-19","North Branford, CT, US","4.0 Open Advanced","Lower Division (Medals)",3,"🥉 Bronze Medal","None","out of pocket","Spencer Sochin","Patrick O’Hara"
"Ethan Song Roundnet Tournament | Spikeball Challenger 2023","2023","2023-08-19","North Branford, CT, US","4.0 Open Advanced","Lower Division (Medals)",4,"4th Place (No Award)","None","Crentis","Jonathan Brackett","David Bonnette"
"Ethan Song Roundnet Tournament | Spikeball Challenger 2023","2023","2023-08-19","North Branford, CT, US","3.0 Open Intermediate","Lower Division (Medals)",1,"🥇 Gold Medal","None","Serious George","Bodhi Vohora","Dylan Goral"
"Ethan Song Roundnet Tournament | Spikeball Challenger 2023","2023","2023-08-19","North Branford, CT, US","3.0 Open Intermediate","Lower Division (Medals)",2,"🥈 Silver Medal","None","Aceholes","Gregory Conley","Aidan Michael"
"Ethan Song Roundnet Tournament | Spikeball Challenger 2023","2023","2023-08-19","North Branford, CT, US","3.0 Open Intermediate","Lower Division (Medals)",3,"🥉 Bronze Medal","None","Big Dogs","Sebastian Roemer","Ado Jean-Noel"
"Ethan Song Roundnet Tournament | Spikeball Challenger 2023","2023","2023-08-19","North Branford, CT, US","3.0 Open Intermediate","Lower Division (Medals)",4,"4th Place (No Award)","None","King Jizzy","Jack Christman","James Hess"
"Ethan Song Roundnet Tournament | Spikeball Challenger 2023","2023","2023-08-19","North Branford, CT, US","2.0 Open Matinee (Beginner)","Lower Division (Medals)",1,"🥇 Gold Medal","None","Seattle Seamen","William Redmond","Scott Sieger"
"Ethan Song Roundnet Tournament | Spikeball Challenger 2023","2023","2023-08-19","North Branford, CT, US","2.0 Open Matinee (Beginner)","Lower Division (Medals)",2,"🥈 Silver Medal","None","Dick Van Spike","Garret Kelly","Manu Narasimhan"
"Ethan Song Roundnet Tournament | Spikeball Challenger 2023","2023","2023-08-19","North Branford, CT, US","2.0 Open Matinee (Beginner)","Lower Division (Medals)",3,"🥉 Bronze Medal","None","Ball Slappers","Cole Ferravante","Sawyer Nicholas"
"Ethan Song Roundnet Tournament | Spikeball Challenger 2023","2023","2023-08-19","North Branford, CT, US","2.0 Open Matinee (Beginner)","Lower Division (Medals)",4,"4th Place (No Award)","None","Ex-Roommates","Brielle Kendrioski","Maeve Grattan"
"Ethan Song Roundnet Tournament | Spikeball Challenger 2023","2023","2023-08-19","North Branford, CT, US","4.5+ Contender (Open)","Lower Division (Medals)",1,"🥇 Gold Medal","None","AiDaniel","DJ Dantowitz","Aidan Buchanan"
"Ethan Song Roundnet Tournament | Spikeball Challenger 2023","2023","2023-08-19","North Branford, CT, US","4.5+ Contender (Open)","Lower Division (Medals)",2,"🥈 Silver Medal","None","Full Circle","Brandon Timonere","Cooper Pennell"
"Ethan Song Roundnet Tournament | Spikeball Challenger 2023","2023","2023-08-19","North Branford, CT, US","4.5+ Contender (Open)","Lower Division (Medals)",3,"🥉 Bronze Medal","None","Happy Heffalumps","Michael Catuccio","Matt Catuccio"
"Ethan Song Roundnet Tournament | Spikeball Challenger 2023","2023","2023-08-19","North Branford, CT, US","4.5+ Contender (Open)","Lower Division (Medals)",4,"4th Place (No Award)","None","All hail Plankton","David Nara","Liam Keegan"
"Ethan Song Roundnet Tournament | Spikeball Challenger 2023","2023","2023-08-19","North Branford, CT, US","5.0+ Premier (Open)","Lower Division (Medals)",1,"🥇 Gold Medal","None","Finocchachurch","Gabriel Finocchi","Taylor Church"
"Ethan Song Roundnet Tournament | Spikeball Challenger 2023","2023","2023-08-19","North Branford, CT, US","5.0+ Premier (Open)","Lower Division (Medals)",2,"🥈 Silver Medal","None","The Prince","Maxime Prince","Samuel Prince"
"Ethan Song Roundnet Tournament | Spikeball Challenger 2023","2023","2023-08-19","North Branford, CT, US","5.0+ Premier (Open)","Lower Division (Medals)",3,"🥉 Bronze Medal","None","V⚡️RGA","Dawson Morgan","Caleb Cummings"
"Ethan Song Roundnet Tournament | Spikeball Challenger 2023","2023","2023-08-19","North Branford, CT, US","5.0+ Premier (Open)","Lower Division (Medals)",4,"4th Place (No Award)","None","Hilltop","Cole Model","Max Model"
"Illinois Roundnet State Championship","2023","2023-08-26","Evanston, IL, US","Advanced(4.0)/Intermediate(3.0)","Lower Division (Medals)",1,"🥇 Gold Medal","None","It takes two to fwango","Brandon Fong","Harry Soyka"
"Illinois Roundnet State Championship","2023","2023-08-26","Evanston, IL, US","Advanced(4.0)/Intermediate(3.0)","Lower Division (Medals)",2,"🥈 Silver Medal","None","Lettucebros ","Hayden Latus","brady latus"
"Illinois Roundnet State Championship","2023","2023-08-26","Evanston, IL, US","Advanced(4.0)/Intermediate(3.0)","Lower Division (Medals)",3,"🥉 Bronze Medal","None","Injured and More Injured","Ryan Lechner","Conor Cronan"
"Illinois Roundnet State Championship","2023","2023-08-26","Evanston, IL, US","Advanced(4.0)/Intermediate(3.0)","Lower Division (Medals)",4,"4th Place (No Award)","None","FwangosOnly.com","Jeffrey Rauenbuehler","Justin Kohl"
"Illinois Roundnet State Championship","2023","2023-08-26","Evanston, IL, US","Expert(4.5)","Lower Division (Medals)",1,"🥇 Gold Medal","None","ClubSpike Big Slick","Chris Wilkins","Neal Bergman"
"Illinois Roundnet State Championship","2023","2023-08-26","Evanston, IL, US","Expert(4.5)","Lower Division (Medals)",2,"🥈 Silver Medal","None","Revised Banquet","Gavin Broekema","Andy Trower"
"Illinois Roundnet State Championship","2023","2023-08-26","Evanston, IL, US","Expert(4.5)","Lower Division (Medals)",3,"🥉 Bronze Medal","None","Revisions Needed","Lindros Beard","Mitch Kelley"
"Illinois Roundnet State Championship","2023","2023-08-26","Evanston, IL, US","Expert(4.5)","Lower Division (Medals)",4,"4th Place (No Award)","None","Pocket Aces","Trevor Sargent","lucas klopfenstein"
"Smoothie King Cup — East Roundnet Series 2023 — Albany Minor","2023","2023-09-16","Albany, NY, US","Open 4.5+","Lower Division (Medals)",1,"🥇 Gold Medal","None","Duncan and Aidan","Dennis Joseph","Jared Bingham"
"Smoothie King Cup — East Roundnet Series 2023 — Albany Minor","2023","2023-09-16","Albany, NY, US","Open 4.5+","Lower Division (Medals)",2,"🥈 Silver Medal","None","fRiEd RiZzTiSM","Thomas Hoffman","Lucas Hope"
"Smoothie King Cup — East Roundnet Series 2023 — Albany Minor","2023","2023-09-16","Albany, NY, US","Open 4.5+","Lower Division (Medals)",3,"🥉 Bronze Medal","None","Spin Cycle","Lucas Pruett","Joey Maichen"
"Smoothie King Cup — East Roundnet Series 2023 — Albany Minor","2023","2023-09-16","Albany, NY, US","Open 4.5+","Lower Division (Medals)",4,"4th Place (No Award)","None","Ivysaur","Michael Capobianco","Samuel Corey"
"Smoothie King Cup — East Roundnet Series 2023 — Albany Minor","2023","2023-09-16","Albany, NY, US","Open 3.5-4.0 (Advanced)","Lower Division (Medals)",1,"🥇 Gold Medal","None","Shanghai Sharks","Lance Risler","Louis Battista"
"Smoothie King Cup — East Roundnet Series 2023 — Albany Minor","2023","2023-09-16","Albany, NY, US","Open 3.5-4.0 (Advanced)","Lower Division (Medals)",2,"🥈 Silver Medal","None","M&S","Sarah Vilardo","McKenzie Faherty"
"Smoothie King Cup — East Roundnet Series 2023 — Albany Minor","2023","2023-09-16","Albany, NY, US","Open 3.5-4.0 (Advanced)","Lower Division (Medals)",3,"🥉 Bronze Medal","None","Ball Slappers","Roshan Patel","Jack Saunders"
"Smoothie King Cup — East Roundnet Series 2023 — Albany Minor","2023","2023-09-16","Albany, NY, US","Open 3.5-4.0 (Advanced)","Lower Division (Medals)",4,"4th Place (No Award)","None","Aadi Lahiri","Henry Basnight","Chris Bleck"
"Smoothie King Cup — East Roundnet Series 2023 — Albany Minor","2023","2023-09-16","Albany, NY, US","Open 2.0-3.0 (Intermediate/Beginner)","Lower Division (Medals)",1,"🥇 Gold Medal","None","Dogs Out","Kyle Tessier","Sabrina Sepowski"
"Smoothie King Cup — East Roundnet Series 2023 — Albany Minor","2023","2023-09-16","Albany, NY, US","Open 2.0-3.0 (Intermediate/Beginner)","Lower Division (Medals)",2,"🥈 Silver Medal","None","Windshield Refurbishment","Andrew R","Tyler Baughcome"
"Smoothie King Cup — East Roundnet Series 2023 — Albany Minor","2023","2023-09-16","Albany, NY, US","Open 2.0-3.0 (Intermediate/Beginner)","Lower Division (Medals)",3,"🥉 Bronze Medal","None","Brewster Backhands","Noel Kakkanattu","Ian Hayes"
"Smoothie King Cup — East Roundnet Series 2023 — Albany Minor","2023","2023-09-16","Albany, NY, US","Open 2.0-3.0 (Intermediate/Beginner)","Lower Division (Medals)",4,"4th Place (No Award)","None","Sets addicts","Vincent Buscareno","Matthew  Divitto"
"The Championship 2023","2023","2023-09-29","Conshohocken, PA, US","Open Pro","Lower Division (Medals)",1,"🥇 Gold Medal","None","Kingdom Come","Grant Klapwijk","Matthew Cole"
"The Championship 2023","2023","2023-09-29","Conshohocken, PA, US","Open Pro","Lower Division (Medals)",2,"🥈 Silver Medal","None","Critical Hit","Justin Barr","Vincent Mathieu"
"The Championship 2023","2023","2023-09-29","Conshohocken, PA, US","Open Pro","Lower Division (Medals)",3,"🥉 Bronze Medal","None","Bad Combo","Will Picone","Rahul Murthy"
"The Championship 2023","2023","2023-09-29","Conshohocken, PA, US","Open Pro","Lower Division (Medals)",4,"4th Place (No Award)","None","Judgment Day","Gabriel Finocchi","fredric hinkle"
"The Championship 2023","2023","2023-09-29","Conshohocken, PA, US","Women's Pro","Lower Division (Medals)",1,"🥇 Gold Medal","None","TWINZ","Ali Jenki","Olivia Jenki"
"The Championship 2023","2023","2023-09-29","Conshohocken, PA, US","Women's Pro","Lower Division (Medals)",2,"🥈 Silver Medal","None","towerful","Laura Kunzelmann","Ronja Lorenz"
"The Championship 2023","2023","2023-09-29","Conshohocken, PA, US","Women's Pro","Lower Division (Medals)",3,"🥉 Bronze Medal","None","2k•","Kayla Wu-Fleming","Karah Hui"
"The Championship 2023","2023","2023-09-29","Conshohocken, PA, US","Women's Pro","Lower Division (Medals)",4,"4th Place (No Award)","None","tiramisu","Megan Leybourne","Daniela Kadlec"
"The Championship 2023","2023","2023-09-29","Conshohocken, PA, US","Mixed Pro (Friday)","Lower Division (Medals)",1,"🥇 Gold Medal","None","Gabraham Lincoln, Nebraska","Sarah Allen","Gabe Finocchi"
"The Championship 2023","2023","2023-09-29","Conshohocken, PA, US","Mixed Pro (Friday)","Lower Division (Medals)",2,"🥈 Silver Medal","None","TRP Golden Hour","Will Picone","Olivia Jenki"
"The Championship 2023","2023","2023-09-29","Conshohocken, PA, US","Mixed Pro (Friday)","Lower Division (Medals)",3,"🥉 Bronze Medal","None","TRP subtle","Joe Bondi","Ali Jenki"
"The Championship 2023","2023","2023-09-29","Conshohocken, PA, US","Mixed Pro (Friday)","Lower Division (Medals)",4,"4th Place (No Award)","None","Mixed Signals","Etienne Cote","Katie Pierson"
"The Championship 2023","2023","2023-09-29","Conshohocken, PA, US","Intermediate 3.0","Lower Division (Medals)",1,"🥇 Gold Medal","None","Ball Busters","Eric Korchuk","Andrew Shostak"
"The Championship 2023","2023","2023-09-29","Conshohocken, PA, US","Intermediate 3.0","Lower Division (Medals)",2,"🥈 Silver Medal","None","Ukrainian Bros","Eduard Kravchuk","Vitaliy Panochko"
"The Championship 2023","2023","2023-09-29","Conshohocken, PA, US","Intermediate 3.0","Lower Division (Medals)",3,"🥉 Bronze Medal","None","Himalayan Halibut","Michael Fenlon","John Fenlon"
"The Championship 2023","2023","2023-09-29","Conshohocken, PA, US","Intermediate 3.0","Lower Division (Medals)",4,"4th Place (No Award)","None","Take A Spike","Jacob Holderman","Ben Kabakjian"
"The Championship 2023","2023","2023-09-29","Conshohocken, PA, US","MAMMOTH (Sunday)","Lower Division (Medals)",1,"🥇 Gold Medal","None","Swamp Donkeys","Etienne Cote","Emerson Dean"
"The Championship 2023","2023","2023-09-29","Conshohocken, PA, US","MAMMOTH (Sunday)","Lower Division (Medals)",2,"🥈 Silver Medal","None","Spin Cycle","Lucas Pruett","Joey Maichen"
"The Championship 2023","2023","2023-09-29","Conshohocken, PA, US","MAMMOTH (Sunday)","Lower Division (Medals)",3,"🥉 Bronze Medal","None","Ring the bell","Maxwell Gunneson","Corey Weiss"
"The Championship 2023","2023","2023-09-29","Conshohocken, PA, US","MAMMOTH (Sunday)","Lower Division (Medals)",4,"4th Place (No Award)","None","Tok Boyz","Ryan Marino","David Gonzales"
"The Championship 2023","2023","2023-09-29","Conshohocken, PA, US","Advanced 4.0","Lower Division (Medals)",1,"🥇 Gold Medal","None","Li/Arnpriester","Brendan Li","Luke Arnpriester"
"The Championship 2023","2023","2023-09-29","Conshohocken, PA, US","Advanced 4.0","Lower Division (Medals)",2,"🥈 Silver Medal","None","Jacob and Luka","Jacob Sisco","Luka Eaton"
"The Championship 2023","2023","2023-09-29","Conshohocken, PA, US","Advanced 4.0","Lower Division (Medals)",3,"🥉 Bronze Medal","None","Electric cake","Daniel Stauffer","Franklin Stauffer"
"The Championship 2023","2023","2023-09-29","Conshohocken, PA, US","Advanced 4.0","Lower Division (Medals)",4,"4th Place (No Award)","None","Cafe Buza","Zachary Amendola","Jack Briggs"
"The Championship 2023","2023","2023-09-29","Conshohocken, PA, US","Premier 5.0+","Lower Division (Medals)",1,"🥇 Gold Medal","None","OG Spikers","Benjamin Goldfarb","Jack coolbaugh"
"The Championship 2023","2023","2023-09-29","Conshohocken, PA, US","Premier 5.0+","Lower Division (Medals)",2,"🥈 Silver Medal","None","Kellogg's Box Toy","Skyler Sebring","Dawson Morgan"
"The Championship 2023","2023","2023-09-29","Conshohocken, PA, US","Premier 5.0+","Lower Division (Medals)",3,"🥉 Bronze Medal","None","Pole Position","Gabriel Stoisser","Jé Gagnon"
"The Championship 2023","2023","2023-09-29","Conshohocken, PA, US","Premier 5.0+","Lower Division (Medals)",4,"4th Place (No Award)","None","Glizzy Gladiators","Polk Denmark","Jacob Summers"
"The Championship 2023","2023","2023-09-29","Conshohocken, PA, US","Contender 4.5+","Lower Division (Medals)",1,"🥇 Gold Medal","None","Goku et Yamcha","Benoit Carrier","Guillaume Boilard"
"The Championship 2023","2023","2023-09-29","Conshohocken, PA, US","Contender 4.5+","Lower Division (Medals)",2,"🥈 Silver Medal","None","BRO Swaggy Kim","Adam Hassan","Alex Kim"
"The Championship 2023","2023","2023-09-29","Conshohocken, PA, US","Contender 4.5+","Lower Division (Medals)",3,"🥉 Bronze Medal","None","Beauty and the Beast","William Chenier","Thomas Langlois"
"The Championship 2023","2023","2023-09-29","Conshohocken, PA, US","Contender 4.5+","Lower Division (Medals)",4,"4th Place (No Award)","None","Bigmons","Josh Sarmiento","Joshua Ang"
"The Championship 2023","2023","2023-09-29","Conshohocken, PA, US","Women's Advanced 4.0+","Lower Division (Medals)",1,"🥇 Gold Medal","None","Phan/Raber","Katheleen Phan","Delanie Raber"
"The Championship 2023","2023","2023-09-29","Conshohocken, PA, US","Women's Advanced 4.0+","Lower Division (Medals)",2,"🥈 Silver Medal","None","Yam","sam greathouse","Yubeira Zapata"
"The Championship 2023","2023","2023-09-29","Conshohocken, PA, US","Women's Advanced 4.0+","Lower Division (Medals)",3,"🥉 Bronze Medal","None","TinyMeldTots","Fiona C","Tess Dolan"
"The Championship 2023","2023","2023-09-29","Conshohocken, PA, US","Women's Advanced 4.0+","Lower Division (Medals)",4,"4th Place (No Award)","None","who let the dawgs out","Corrie Velder","McKenna McKean"
"California Roundnet San Diego Open #5","2023","2023-10-14","San Diego, CA, US","Expert 5.0","Lower Division (Medals)",1,"🥇 Gold Medal","None","J.A.R.V.I.S.","Josh Fragiacomo","Connor Nelson"
"California Roundnet San Diego Open #5","2023","2023-10-14","San Diego, CA, US","Expert 5.0","Lower Division (Medals)",2,"🥈 Silver Medal","None","Agatha Tamers","Trevor Barbosa","Schon Siguenza"
"California Roundnet San Diego Open #5","2023","2023-10-14","San Diego, CA, US","Expert 5.0","Lower Division (Medals)",3,"🥉 Bronze Medal","None","Drew me like one of your French girls","Drew Cummins","Karah Hui"
"California Roundnet San Diego Open #5","2023","2023-10-14","San Diego, CA, US","Expert 5.0","Lower Division (Medals)",4,"4th Place (No Award)","None","Warrior 2 in the Wind Tunnel","Jake Woolley","James Lamkin"
"California Roundnet San Diego Open #5","2023","2023-10-14","San Diego, CA, US","Contender 4.5","Lower Division (Medals)",1,"🥇 Gold Medal","None","Short term relationship","Gavin Bullis","Joe Caires"
"California Roundnet San Diego Open #5","2023","2023-10-14","San Diego, CA, US","Contender 4.5","Lower Division (Medals)",2,"🥈 Silver Medal","None","Straw Hats","Blake Kasama","Joseph Lee"
"California Roundnet San Diego Open #5","2023","2023-10-14","San Diego, CA, US","Contender 4.5","Lower Division (Medals)",3,"🥉 Bronze Medal","None","rememberingrohun","Patrick Stinebaugh","Devon Lee"
"California Roundnet San Diego Open #5","2023","2023-10-14","San Diego, CA, US","Contender 4.5","Lower Division (Medals)",4,"4th Place (No Award)","None","Billy La Bufanda","Joshua Bardwell","Steven Pan"
"California Roundnet San Diego Open #5","2023","2023-10-14","San Diego, CA, US","Womens 4.0+","Lower Division (Medals)",1,"🥇 Gold Medal","None","Munchin Munchkins","Joelle Nguyen","Perrin York"
"California Roundnet San Diego Open #5","2023","2023-10-14","San Diego, CA, US","Womens 4.0+","Lower Division (Medals)",2,"🥈 Silver Medal","None","We take those","Sebastiani Kim","Emma Siu"
"California Roundnet San Diego Open #5","2023","2023-10-14","San Diego, CA, US","Womens 4.0+","Lower Division (Medals)",3,"🥉 Bronze Medal","None","Berkeey","Shaina Berk","Alyssa Yee"
"California Roundnet San Diego Open #5","2023","2023-10-14","San Diego, CA, US","Womens 4.0+","Lower Division (Medals)",4,"4th Place (No Award)","None","Mey/Stacey","Stacey Grimes","Mey Helm"
"California Roundnet San Diego Open #5","2023","2023-10-14","San Diego, CA, US","Intermediate 3.0","Lower Division (Medals)",1,"🥇 Gold Medal","None","bring out the whole trampoline","Thomas Pence","Avery Miclea"
"California Roundnet San Diego Open #5","2023","2023-10-14","San Diego, CA, US","Intermediate 3.0","Lower Division (Medals)",2,"🥈 Silver Medal","None","Spartans","Dylan Styron","Jhode Dube"
"California Roundnet San Diego Open #5","2023","2023-10-14","San Diego, CA, US","Intermediate 3.0","Lower Division (Medals)",3,"🥉 Bronze Medal","None","No Idea","Jack Guerrero","George Pritchard"
"California Roundnet San Diego Open #5","2023","2023-10-14","San Diego, CA, US","Intermediate 3.0","Lower Division (Medals)",4,"4th Place (No Award)","None","Wazzy-Weebs","Charlie Perry","Phoebe Corgiat"
"California Roundnet San Diego Open #5","2023","2023-10-14","San Diego, CA, US","MIxed 4.0","Lower Division (Medals)",1,"🥇 Gold Medal","None","ABG Phase","Connor Nelson","Karah Hui"
"California Roundnet San Diego Open #5","2023","2023-10-14","San Diego, CA, US","MIxed 4.0","Lower Division (Medals)",2,"🥈 Silver Medal","None","Proud to be a merkin ","Joseph Kaylor","Perrin York"
"California Roundnet San Diego Open #5","2023","2023-10-14","San Diego, CA, US","MIxed 4.0","Lower Division (Medals)",3,"🥉 Bronze Medal","None","Jasmine Dragons 🐉","Joelle Nguyen","Jacob Payer"
"California Roundnet San Diego Open #5","2023","2023-10-14","San Diego, CA, US","MIxed 4.0","Lower Division (Medals)",4,"4th Place (No Award)","None","Hui/Barbosa","Sebastiani Kim","Brandon Brown"
"California Roundnet San Diego Open #5","2023","2023-10-14","San Diego, CA, US","Mixed 3.0","Lower Division (Medals)",1,"🥇 Gold Medal","None","Thurmond/Stacey","Stacey Grimes","Thurmond Dean"
"California Roundnet San Diego Open #5","2023","2023-10-14","San Diego, CA, US","Mixed 3.0","Lower Division (Medals)",2,"🥈 Silver Medal","None","Rippin LG","Liann Kline","Gunnar Mueller"
"California Roundnet San Diego Open #5","2023","2023-10-14","San Diego, CA, US","Mixed 3.0","Lower Division (Medals)",3,"🥉 Bronze Medal","None","Moultrie Sadness","Anthony Plescia","Anjali Kumari"
"California Roundnet San Diego Open #5","2023","2023-10-14","San Diego, CA, US","Mixed 3.0","Lower Division (Medals)",4,"4th Place (No Award)","None",""'Everyday' is GOATed"","Paul Han","sydney horanic"
"San Luis Obispo Regionals - California Roundnet","2023","2023-10-28","San Luis Obispo, CA, US","Womens 4.0+","Lower Division (Medals)",1,"🥇 Gold Medal","None","Big and Lil Spoon","Karah Hui","Sebastiani Kim"
"San Luis Obispo Regionals - California Roundnet","2023","2023-10-28","San Luis Obispo, CA, US","Womens 4.0+","Lower Division (Medals)",2,"🥈 Silver Medal","None","jo&elle","Joelle Nguyen","Elle Lowe"
"San Luis Obispo Regionals - California Roundnet","2023","2023-10-28","San Luis Obispo, CA, US","Womens 4.0+","Lower Division (Medals)",3,"🥉 Bronze Medal","None","Terminado","Alex Buckman","Kayla Wu-Fleming"
"San Luis Obispo Regionals - California Roundnet","2023","2023-10-28","San Luis Obispo, CA, US","Womens 4.0+","Lower Division (Medals)",4,"4th Place (No Award)","None","awrawrawr","Perrin York","Adrianna Grothause"
"San Luis Obispo Regionals - California Roundnet","2023","2023-10-28","San Luis Obispo, CA, US","Expert 5.0","Lower Division (Medals)",1,"🥇 Gold Medal","None","Nelson Rhoad","Jason Rhoads","Connor Nelson"
"San Luis Obispo Regionals - California Roundnet","2023","2023-10-28","San Luis Obispo, CA, US","Expert 5.0","Lower Division (Medals)",2,"🥈 Silver Medal","None","Double Clutch","Kyan Kornfeld","brandon brown"
"San Luis Obispo Regionals - California Roundnet","2023","2023-10-28","San Luis Obispo, CA, US","Expert 5.0","Lower Division (Medals)",3,"🥉 Bronze Medal","None","Endgame","Josh Fragiacomo","Trevor Barbosa"
"San Luis Obispo Regionals - California Roundnet","2023","2023-10-28","San Luis Obispo, CA, US","Expert 5.0","Lower Division (Medals)",4,"4th Place (No Award)","None","Mercari Klap","Jackson Blackburn","Jake Woolley"
"San Luis Obispo Regionals - California Roundnet","2023","2023-10-28","San Luis Obispo, CA, US","Contender 4.5","Lower Division (Medals)",1,"🥇 Gold Medal","None","Toe Ticklers","Dante Benedetti","Reece Greer"
"San Luis Obispo Regionals - California Roundnet","2023","2023-10-28","San Luis Obispo, CA, US","Contender 4.5","Lower Division (Medals)",2,"🥈 Silver Medal","None","Goal Diggers","Sam Alsup","Jai Parera"
"San Luis Obispo Regionals - California Roundnet","2023","2023-10-28","San Luis Obispo, CA, US","Contender 4.5","Lower Division (Medals)",3,"🥉 Bronze Medal","None","Ball Busters","Thompson Yang","Billy Durrill"
"San Luis Obispo Regionals - California Roundnet","2023","2023-10-28","San Luis Obispo, CA, US","Contender 4.5","Lower Division (Medals)",4,"4th Place (No Award)","None","Eichenseer Naked 👀🫣😳","Aidan Nesbitt","Jake Eichenseer"
"San Luis Obispo Regionals - California Roundnet","2023","2023-10-28","San Luis Obispo, CA, US","Mixed 4.0+","Lower Division (Medals)",1,"🥇 Gold Medal","None","Nelson / Lowe","Elle Lowe","Connor Nelson"
"San Luis Obispo Regionals - California Roundnet","2023","2023-10-28","San Luis Obispo, CA, US","Mixed 4.0+","Lower Division (Medals)",2,"🥈 Silver Medal","None","Potatoë minutè","Perrin York","Warren Foote"
"San Luis Obispo Regionals - California Roundnet","2023","2023-10-28","San Luis Obispo, CA, US","Mixed 4.0+","Lower Division (Medals)",3,"🥉 Bronze Medal","None","Wu/Frag","Josh Fragiacomo","Kayla Wu-Fleming"
"San Luis Obispo Regionals - California Roundnet","2023","2023-10-28","San Luis Obispo, CA, US","Mixed 4.0+","Lower Division (Medals)",4,"4th Place (No Award)","None","PsyKic","Karah Hui","Jacob Payer"
"TASR College Station Major","2023","2023-11-04","College Station, TX, US","Gold 5.0","Lower Division (Medals)",1,"🥇 Gold Medal","None","Blessed","Cade Larson","Luke Mowry"
"TASR College Station Major","2023","2023-11-04","College Station, TX, US","Gold 5.0","Lower Division (Medals)",2,"🥈 Silver Medal","None","Crispy","Caleb Cummings","Gavin Lotts"
"TASR College Station Major","2023","2023-11-04","College Station, TX, US","Gold 5.0","Lower Division (Medals)",3,"🥉 Bronze Medal","None","WySpike Super Schlap Bros.","Nick Noguez","Jerm Porter"
"TASR College Station Major","2023","2023-11-04","College Station, TX, US","Gold 5.0","Lower Division (Medals)",4,"4th Place (No Award)","None","Incompetence","Ethan McWhirter","Luke Marshall"
"TASR College Station Major","2023","2023-11-04","College Station, TX, US","Advanced 4.0","Lower Division (Medals)",1,"🥇 Gold Medal","None","Allin/Stone","Nathan Stone","Micah Allin"
"TASR College Station Major","2023","2023-11-04","College Station, TX, US","Advanced 4.0","Lower Division (Medals)",2,"🥈 Silver Medal","None","Cornerstone","Caleb Allen","Kyle Daily"
"TASR College Station Major","2023","2023-11-04","College Station, TX, US","Advanced 4.0","Lower Division (Medals)",3,"🥉 Bronze Medal","None","Ball Handlers","Joe Hunninghake","Cruz Herrera"
"TASR College Station Major","2023","2023-11-04","College Station, TX, US","Advanced 4.0","Lower Division (Medals)",4,"4th Place (No Award)","None","Devious Dawgs ","Ross Lochbaum","Austin Cooley"
"USA Roundnet Nationals","2023","2023-11-11","Tampa, FL, US","4.5+ Women's Pro","Lower Division (Medals)",1,"🥇 Gold Medal","None","THUS Parabatai","Kalin Morgan","Kayla Wu-Fleming"
"USA Roundnet Nationals","2023","2023-11-11","Tampa, FL, US","4.5+ Women's Pro","Lower Division (Medals)",2,"🥈 Silver Medal","None","Jenki / Phan","Ali Jenki","Katheleen Phan"
"USA Roundnet Nationals","2023","2023-11-11","Tampa, FL, US","4.5+ Women's Pro","Lower Division (Medals)",3,"🥉 Bronze Medal","None","Anderson/Savage","Camille Anderson","Kirstie Savage"
"USA Roundnet Nationals","2023","2023-11-11","Tampa, FL, US","4.5+ Women's Pro","Lower Division (Medals)",4,"4th Place (No Award)","None","Pierson/Washburn","Lou Washburn","Katie Pierson"
"USA Roundnet Nationals","2023","2023-11-11","Tampa, FL, US","5.0+ Men's Pro","Lower Division (Medals)",1,"🥇 Gold Medal","None","Finocchi/Picone","Gabriel Finocchi","Will Picone"
"USA Roundnet Nationals","2023","2023-11-11","Tampa, FL, US","5.0+ Men's Pro","Lower Division (Medals)",2,"🥈 Silver Medal","None","Numb","Kieran Rose","Paq Clifford"
"USA Roundnet Nationals","2023","2023-11-11","Tampa, FL, US","5.0+ Men's Pro","Lower Division (Medals)",3,"🥉 Bronze Medal","None","Lazy","Luke Marshall","Cade Larson"
"USA Roundnet Nationals","2023","2023-11-11","Tampa, FL, US","5.0+ Men's Pro","Lower Division (Medals)",4,"4th Place (No Award)","None","Bot House","Owen Lippman","West Peterson"
"USA Roundnet Nationals","2023","2023-11-11","Tampa, FL, US","4.0+ Mixed Pro","Lower Division (Medals)",1,"🥇 Gold Medal","None","Pesto","Ryan Gross","Shachi Patel"
"USA Roundnet Nationals","2023","2023-11-11","Tampa, FL, US","4.0+ Mixed Pro","Lower Division (Medals)",2,"🥈 Silver Medal","None","End Route ","Paq Clifford","Camille Anderson"
"USA Roundnet Nationals","2023","2023-11-11","Tampa, FL, US","4.0+ Mixed Pro","Lower Division (Medals)",3,"🥉 Bronze Medal","None","Chapped Lips","Kalin Morgan","Dawson Morgan"
"USA Roundnet Nationals","2023","2023-11-11","Tampa, FL, US","4.0+ Mixed Pro","Lower Division (Medals)",4,"4th Place (No Award)","None","IDK","Lou Washburn","Josh Fragiacomo"
"California State Finals 2023","2023","2023-12-02","Los Angeles, CA, US","Royals of California","Lower Division (Medals)",1,"🥇 Gold Medal","None","Karah Hui","Karah Hui",""
"California State Finals 2023","2023","2023-12-02","Los Angeles, CA, US","Royals of California","Lower Division (Medals)",2,"🥈 Silver Medal","None","Connor Nelson","Connor Nelson",""
"California State Finals 2023","2023","2023-12-02","Los Angeles, CA, US","Royals of California","Lower Division (Medals)",3,"🥉 Bronze Medal","None","Joelle Nguyen","Joelle Nguyen",""
"California State Finals 2023","2023","2023-12-02","Los Angeles, CA, US","Royals of California","Lower Division (Medals)",4,"4th Place (No Award)","None","Trevor barbosa","Trevor Barbosa",""
"California State Finals 2023","2023","2023-12-02","Los Angeles, CA, US","Expert 5.0","Lower Division (Medals)",1,"🥇 Gold Medal","None","Germ Buds","Paul Siemer","Buddy Hammon"
"California State Finals 2023","2023","2023-12-02","Los Angeles, CA, US","Expert 5.0","Lower Division (Medals)",2,"🥈 Silver Medal","None","Puke Lennington","Jake Woolley","Schon Siguenza"
"California State Finals 2023","2023","2023-12-02","Los Angeles, CA, US","Expert 5.0","Lower Division (Medals)",3,"🥉 Bronze Medal","None","Sparky Sparky Boom Men","Sunny Gu","Connor Nelson"
"California State Finals 2023","2023","2023-12-02","Los Angeles, CA, US","Expert 5.0","Lower Division (Medals)",4,"4th Place (No Award)","None","IDK Jason","Josh Fragiacomo","Jason Rhoads"
"California State Finals 2023","2023","2023-12-02","Los Angeles, CA, US","Womens 4.0+","Lower Division (Medals)",1,"🥇 Gold Medal","None","Perform or die","Karah Hui","Perrin York"
"California State Finals 2023","2023","2023-12-02","Los Angeles, CA, US","Womens 4.0+","Lower Division (Medals)",2,"🥈 Silver Medal","None","Nyguendy Wu Homecoming Warrior","Kayla Wu-Fleming","Joelle Nguyen"
"California State Finals 2023","2023","2023-12-02","Los Angeles, CA, US","Womens 4.0+","Lower Division (Medals)",3,"🥉 Bronze Medal","None","out of town","Tiff Ding","Shachi Patel"
"California State Finals 2023","2023","2023-12-02","Los Angeles, CA, US","Womens 4.0+","Lower Division (Medals)",4,"4th Place (No Award)","None","ellelowe sebmarine","Sebastiani Kim","Elle Lowe"
"California State Finals 2023","2023","2023-12-02","Los Angeles, CA, US","Contender 4.0+","Lower Division (Medals)",1,"🥇 Gold Medal","None","Ben/Connor","Ben Collins","Connor Ragland"
"California State Finals 2023","2023","2023-12-02","Los Angeles, CA, US","Contender 4.0+","Lower Division (Medals)",2,"🥈 Silver Medal","None","Cut the Jam","Holden Frey","Nick Yee"
"California State Finals 2023","2023","2023-12-02","Los Angeles, CA, US","Contender 4.0+","Lower Division (Medals)",3,"🥉 Bronze Medal","None","Anything is Good","Steven Pan","Blake Kasama"
"California State Finals 2023","2023","2023-12-02","Los Angeles, CA, US","Contender 4.0+","Lower Division (Medals)",4,"4th Place (No Award)","None","We Both Got Dumped (for edging too much)","Alvin Zhang","Ethan Epp"
"California State Finals 2023","2023","2023-12-02","Los Angeles, CA, US","Advanced 3.0+","Lower Division (Medals)",1,"🥇 Gold Medal","None","Clover Spike","Anthony Plescia","Matthew Klompas"
"California State Finals 2023","2023","2023-12-02","Los Angeles, CA, US","Advanced 3.0+","Lower Division (Medals)",2,"🥈 Silver Medal","None","Mad = Bad","Alex Veron","Andrew Kaufmann"
"California State Finals 2023","2023","2023-12-02","Los Angeles, CA, US","Advanced 3.0+","Lower Division (Medals)",3,"🥉 Bronze Medal","None","SDSU","Erick Puentes","Anthony marek"
"California State Finals 2023","2023","2023-12-02","Los Angeles, CA, US","Advanced 3.0+","Lower Division (Medals)",4,"4th Place (No Award)","None","IN-LAWS","Zhenya Shulgin","Alexei Sverbuta"
"California State Finals 2023","2023","2023-12-02","Los Angeles, CA, US","Mixed 4.0+","Lower Division (Medals)",1,"🥇 Gold Medal","None","Nelson / Lowe","Elle Lowe","Connor Nelson"
"California State Finals 2023","2023","2023-12-02","Los Angeles, CA, US","Mixed 4.0+","Lower Division (Medals)",2,"🥈 Silver Medal","None","Lima.","Trevor Barbosa","Joelle Nguyen"
"California State Finals 2023","2023","2023-12-02","Los Angeles, CA, US","Mixed 4.0+","Lower Division (Medals)",3,"🥉 Bronze Medal","None","Potatoë minutè","Perrin York","Paul Siemer"
"California State Finals 2023","2023","2023-12-02","Los Angeles, CA, US","Mixed 4.0+","Lower Division (Medals)",4,"4th Place (No Award)","None","Don’t Touch Jenny","Karah Hui","Brandon Brown"
"TASR Texas Nationals","2023","2023-12-02","Dallas, TX, US","Gold 5.0","Lower Division (Medals)",1,"🥇 Gold Medal","None","Brotha ewww","Tyler Fernandez","Cade Larson"
"TASR Texas Nationals","2023","2023-12-02","Dallas, TX, US","Gold 5.0","Lower Division (Medals)",2,"🥈 Silver Medal","None","Splash","Brian Childs","fredric hinkle"
"TASR Texas Nationals","2023","2023-12-02","Dallas, TX, US","Gold 5.0","Lower Division (Medals)",3,"🥉 Bronze Medal","None","Luke","Luke Mowry","Luke Marshall"
"TASR Texas Nationals","2023","2023-12-02","Dallas, TX, US","Gold 5.0","Lower Division (Medals)",4,"4th Place (No Award)","None","TRP Pain Killers ","Matthew Cole","Christian Bennett"
"TASR Texas Nationals","2023","2023-12-02","Dallas, TX, US","Advanced 4.0","Lower Division (Medals)",1,"🥇 Gold Medal","None","Tom and Jharry","Harrison Yen","Thomas Metz`"
"TASR Texas Nationals","2023","2023-12-02","Dallas, TX, US","Advanced 4.0","Lower Division (Medals)",2,"🥈 Silver Medal","None","Golden Touch","Nakul Mody","Cameron Ohashi"
"TASR Texas Nationals","2023","2023-12-02","Dallas, TX, US","Advanced 4.0","Lower Division (Medals)",3,"🥉 Bronze Medal","None","Low Broreos","George Huang","Matthew Xu"
"TASR Texas Nationals","2023","2023-12-02","Dallas, TX, US","Advanced 4.0","Lower Division (Medals)",3,"🥉 Bronze Medal","None","Could’ve Gone D1","Reagan Schwartz","Nathan Stone"
"Christmas Classic VII — ERS Championship","2023","2023-12-16","Palmyra, PA, US","4.5+ Open","Lower Division (Medals)",1,"🥇 Gold Medal","None","The Queens","Maxime Prince","Etienne Cote"
"Christmas Classic VII — ERS Championship","2023","2023-12-16","Palmyra, PA, US","4.5+ Open","Lower Division (Medals)",2,"🥈 Silver Medal","None","LL Fairly Odd","Gabriel Finocchi","Matt Spolarich"
"Christmas Classic VII — ERS Championship","2023","2023-12-16","Palmyra, PA, US","4.5+ Open","Lower Division (Medals)",3,"🥉 Bronze Medal","None","Picone/Larson","Will Picone","Cade Larson"
"Christmas Classic VII — ERS Championship","2023","2023-12-16","Palmyra, PA, US","4.5+ Open","Lower Division (Medals)",4,"4th Place (No Award)","None","Model/Rose","Max Model","Kieran Rose"
"Christmas Classic VII — ERS Championship","2023","2023-12-16","Palmyra, PA, US","4.0+ Women's Advanced","Lower Division (Medals)",1,"🥇 Gold Medal","None","ON Que","Dianne Fonseca","Laurence Vallée"
"Christmas Classic VII — ERS Championship","2023","2023-12-16","Palmyra, PA, US","4.0+ Women's Advanced","Lower Division (Medals)",2,"🥈 Silver Medal","None","Stick Season","Katheleen Phan","Tiff Ding"
"Christmas Classic VII — ERS Championship","2023","2023-12-16","Palmyra, PA, US","4.0+ Women's Advanced","Lower Division (Medals)",3,"🥉 Bronze Medal","None","Yappers 🗣️","Katie Pierson","Meagan Bown"
"Christmas Classic VII — ERS Championship","2023","2023-12-16","Palmyra, PA, US","4.0+ Women's Advanced","Lower Division (Medals)",4,"4th Place (No Award)","None","Quavo","Jhanaj Quispe","Abby Norris"
"Christmas Classic VII — ERS Championship","2023","2023-12-16","Palmyra, PA, US","2.0-3.0 Open Intermediate","Lower Division (Medals)",1,"🥇 Gold Medal","None","EB Wolves","Brandon Sems","Dan Sacristan"
"Christmas Classic VII — ERS Championship","2023","2023-12-16","Palmyra, PA, US","2.0-3.0 Open Intermediate","Lower Division (Medals)",2,"🥈 Silver Medal","None","Spike Ballers","Tristano Di Liberto","Jared Lichter"
"Christmas Classic VII — ERS Championship","2023","2023-12-16","Palmyra, PA, US","2.0-3.0 Open Intermediate","Lower Division (Medals)",3,"🥉 Bronze Medal","None","MBR Applesauce","REBECCA MONTGOMERY","Caleb Montgomery"
"Christmas Classic VII — ERS Championship","2023","2023-12-16","Palmyra, PA, US","2.0-3.0 Open Intermediate","Lower Division (Medals)",4,"4th Place (No Award)","None","Cowgirls","Lindsey Merschat","Corey Webb"
"Christmas Classic VII — ERS Championship","2023","2023-12-16","Palmyra, PA, US","4.0 Open Advanced","Lower Division (Medals)",1,"🥇 Gold Medal","None","No Strings Attached","Robbie Koennecker","Raylyn Tarquinio"
"Christmas Classic VII — ERS Championship","2023","2023-12-16","Palmyra, PA, US","4.0 Open Advanced","Lower Division (Medals)",2,"🥈 Silver Medal","None","Spike Bros","Kye Harting","Karson Weaver"
"Christmas Classic VII — ERS Championship","2023","2023-12-16","Palmyra, PA, US","4.0 Open Advanced","Lower Division (Medals)",3,"🥉 Bronze Medal","None","Shorter & Taller","Yanai Hamel-Sasson","Rachel Dolan"
"Christmas Classic VII — ERS Championship","2023","2023-12-16","Palmyra, PA, US","4.0 Open Advanced","Lower Division (Medals)",4,"4th Place (No Award)","None","1-800-NICE","Andrew Nee","James Mills"